[2026-05-21T12:35:33.706+0000] {processor.py:186} INFO - Started process (PID=167) to work on /opt/airflow/dags/retail_sales_pipeline_dag.py
[2026-05-21T12:35:33.711+0000] {processor.py:914} INFO - Processing file /opt/airflow/dags/retail_sales_pipeline_dag.py for tasks to queue
[2026-05-21T12:35:33.715+0000] {logging_mixin.py:190} INFO - [2026-05-21T12:35:33.714+0000] {dagbag.py:588} INFO - Filling up the DagBag from /opt/airflow/dags/retail_sales_pipeline_dag.py
[2026-05-21T12:35:33.776+0000] {processor.py:925} INFO - DAG(s) 'retail_sales_data_engineering_pipeline' retrieved from /opt/airflow/dags/retail_sales_pipeline_dag.py
[2026-05-21T12:35:34.224+0000] {logging_mixin.py:190} INFO - [2026-05-21T12:35:34.223+0000] {override.py:1912} INFO - Created Permission View: can read on DAG:retail_sales_data_engineering_pipeline
[2026-05-21T12:35:34.237+0000] {logging_mixin.py:190} INFO - [2026-05-21T12:35:34.236+0000] {override.py:1912} INFO - Created Permission View: can edit on DAG:retail_sales_data_engineering_pipeline
[2026-05-21T12:35:34.247+0000] {logging_mixin.py:190} INFO - [2026-05-21T12:35:34.247+0000] {override.py:1912} INFO - Created Permission View: can delete on DAG:retail_sales_data_engineering_pipeline
[2026-05-21T12:35:34.256+0000] {logging_mixin.py:190} INFO - [2026-05-21T12:35:34.255+0000] {override.py:1912} INFO - Created Permission View: can read on DAG Run:retail_sales_data_engineering_pipeline
[2026-05-21T12:35:34.268+0000] {logging_mixin.py:190} INFO - [2026-05-21T12:35:34.267+0000] {override.py:1912} INFO - Created Permission View: can delete on DAG Run:retail_sales_data_engineering_pipeline
[2026-05-21T12:35:34.279+0000] {logging_mixin.py:190} INFO - [2026-05-21T12:35:34.278+0000] {override.py:1912} INFO - Created Permission View: can create on DAG Run:retail_sales_data_engineering_pipeline
[2026-05-21T12:35:34.287+0000] {logging_mixin.py:190} INFO - [2026-05-21T12:35:34.286+0000] {override.py:1912} INFO - Created Permission View: menu access on DAG Run:retail_sales_data_engineering_pipeline
[2026-05-21T12:35:34.288+0000] {logging_mixin.py:190} INFO - [2026-05-21T12:35:34.287+0000] {dag.py:3239} INFO - Sync 1 DAGs
[2026-05-21T12:35:34.307+0000] {logging_mixin.py:190} INFO - [2026-05-21T12:35:34.307+0000] {dag.py:3262} INFO - Creating ORM DAG for retail_sales_data_engineering_pipeline
[2026-05-21T12:35:34.322+0000] {logging_mixin.py:190} INFO - [2026-05-21T12:35:34.322+0000] {dag.py:4180} INFO - Setting next_dagrun for retail_sales_data_engineering_pipeline to 2026-05-20 00:00:00+00:00, run_after=2026-05-21 00:00:00+00:00
[2026-05-21T12:35:34.351+0000] {processor.py:208} INFO - Processing /opt/airflow/dags/retail_sales_pipeline_dag.py took 0.658 seconds
[2026-05-21T12:36:04.873+0000] {processor.py:186} INFO - Started process (PID=172) to work on /opt/airflow/dags/retail_sales_pipeline_dag.py
[2026-05-21T12:36:04.875+0000] {processor.py:914} INFO - Processing file /opt/airflow/dags/retail_sales_pipeline_dag.py for tasks to queue
[2026-05-21T12:36:04.879+0000] {logging_mixin.py:190} INFO - [2026-05-21T12:36:04.878+0000] {dagbag.py:588} INFO - Filling up the DagBag from /opt/airflow/dags/retail_sales_pipeline_dag.py
[2026-05-21T12:36:04.907+0000] {processor.py:925} INFO - DAG(s) 'retail_sales_data_engineering_pipeline' retrieved from /opt/airflow/dags/retail_sales_pipeline_dag.py
[2026-05-21T12:36:04.943+0000] {logging_mixin.py:190} INFO - [2026-05-21T12:36:04.943+0000] {dag.py:3239} INFO - Sync 1 DAGs
[2026-05-21T12:36:04.971+0000] {logging_mixin.py:190} INFO - [2026-05-21T12:36:04.971+0000] {dag.py:4180} INFO - Setting next_dagrun for retail_sales_data_engineering_pipeline to 2026-05-20 00:00:00+00:00, run_after=2026-05-21 00:00:00+00:00
[2026-05-21T12:36:04.993+0000] {processor.py:208} INFO - Processing /opt/airflow/dags/retail_sales_pipeline_dag.py took 0.129 seconds
[2026-05-21T12:36:35.224+0000] {processor.py:186} INFO - Started process (PID=177) to work on /opt/airflow/dags/retail_sales_pipeline_dag.py
[2026-05-21T12:36:35.225+0000] {processor.py:914} INFO - Processing file /opt/airflow/dags/retail_sales_pipeline_dag.py for tasks to queue
[2026-05-21T12:36:35.230+0000] {logging_mixin.py:190} INFO - [2026-05-21T12:36:35.229+0000] {dagbag.py:588} INFO - Filling up the DagBag from /opt/airflow/dags/retail_sales_pipeline_dag.py
[2026-05-21T12:36:35.257+0000] {processor.py:925} INFO - DAG(s) 'retail_sales_data_engineering_pipeline' retrieved from /opt/airflow/dags/retail_sales_pipeline_dag.py
[2026-05-21T12:36:35.298+0000] {logging_mixin.py:190} INFO - [2026-05-21T12:36:35.298+0000] {dag.py:3239} INFO - Sync 1 DAGs
[2026-05-21T12:36:35.324+0000] {logging_mixin.py:190} INFO - [2026-05-21T12:36:35.324+0000] {dag.py:4180} INFO - Setting next_dagrun for retail_sales_data_engineering_pipeline to 2026-05-20 00:00:00+00:00, run_after=2026-05-21 00:00:00+00:00
[2026-05-21T12:36:35.344+0000] {processor.py:208} INFO - Processing /opt/airflow/dags/retail_sales_pipeline_dag.py took 0.129 seconds
[2026-05-21T12:37:05.795+0000] {processor.py:186} INFO - Started process (PID=182) to work on /opt/airflow/dags/retail_sales_pipeline_dag.py
[2026-05-21T12:37:05.798+0000] {processor.py:914} INFO - Processing file /opt/airflow/dags/retail_sales_pipeline_dag.py for tasks to queue
[2026-05-21T12:37:05.804+0000] {logging_mixin.py:190} INFO - [2026-05-21T12:37:05.803+0000] {dagbag.py:588} INFO - Filling up the DagBag from /opt/airflow/dags/retail_sales_pipeline_dag.py
[2026-05-21T12:37:05.836+0000] {processor.py:925} INFO - DAG(s) 'retail_sales_data_engineering_pipeline' retrieved from /opt/airflow/dags/retail_sales_pipeline_dag.py
[2026-05-21T12:37:05.881+0000] {logging_mixin.py:190} INFO - [2026-05-21T12:37:05.881+0000] {dag.py:3239} INFO - Sync 1 DAGs
[2026-05-21T12:37:05.914+0000] {logging_mixin.py:190} INFO - [2026-05-21T12:37:05.914+0000] {dag.py:4180} INFO - Setting next_dagrun for retail_sales_data_engineering_pipeline to 2026-05-20 00:00:00+00:00, run_after=2026-05-21 00:00:00+00:00
[2026-05-21T12:37:05.941+0000] {processor.py:208} INFO - Processing /opt/airflow/dags/retail_sales_pipeline_dag.py took 0.157 seconds
[2026-05-21T12:37:36.356+0000] {processor.py:186} INFO - Started process (PID=187) to work on /opt/airflow/dags/retail_sales_pipeline_dag.py
[2026-05-21T12:37:36.367+0000] {processor.py:914} INFO - Processing file /opt/airflow/dags/retail_sales_pipeline_dag.py for tasks to queue
[2026-05-21T12:37:36.392+0000] {logging_mixin.py:190} INFO - [2026-05-21T12:37:36.390+0000] {dagbag.py:588} INFO - Filling up the DagBag from /opt/airflow/dags/retail_sales_pipeline_dag.py
[2026-05-21T12:37:36.521+0000] {processor.py:925} INFO - DAG(s) 'retail_sales_data_engineering_pipeline' retrieved from /opt/airflow/dags/retail_sales_pipeline_dag.py
[2026-05-21T12:37:36.657+0000] {logging_mixin.py:190} INFO - [2026-05-21T12:37:36.656+0000] {dag.py:3239} INFO - Sync 1 DAGs
[2026-05-21T12:37:36.745+0000] {logging_mixin.py:190} INFO - [2026-05-21T12:37:36.745+0000] {dag.py:4180} INFO - Setting next_dagrun for retail_sales_data_engineering_pipeline to 2026-05-20 00:00:00+00:00, run_after=2026-05-21 00:00:00+00:00
[2026-05-21T12:37:36.788+0000] {processor.py:208} INFO - Processing /opt/airflow/dags/retail_sales_pipeline_dag.py took 0.518 seconds
[2026-05-21T12:38:07.276+0000] {processor.py:186} INFO - Started process (PID=192) to work on /opt/airflow/dags/retail_sales_pipeline_dag.py
[2026-05-21T12:38:07.278+0000] {processor.py:914} INFO - Processing file /opt/airflow/dags/retail_sales_pipeline_dag.py for tasks to queue
[2026-05-21T12:38:07.282+0000] {logging_mixin.py:190} INFO - [2026-05-21T12:38:07.282+0000] {dagbag.py:588} INFO - Filling up the DagBag from /opt/airflow/dags/retail_sales_pipeline_dag.py
[2026-05-21T12:38:07.311+0000] {processor.py:925} INFO - DAG(s) 'retail_sales_data_engineering_pipeline' retrieved from /opt/airflow/dags/retail_sales_pipeline_dag.py
[2026-05-21T12:38:07.354+0000] {logging_mixin.py:190} INFO - [2026-05-21T12:38:07.353+0000] {dag.py:3239} INFO - Sync 1 DAGs
[2026-05-21T12:38:07.391+0000] {logging_mixin.py:190} INFO - [2026-05-21T12:38:07.390+0000] {dag.py:4180} INFO - Setting next_dagrun for retail_sales_data_engineering_pipeline to 2026-05-20 00:00:00+00:00, run_after=2026-05-21 00:00:00+00:00
[2026-05-21T12:38:07.422+0000] {processor.py:208} INFO - Processing /opt/airflow/dags/retail_sales_pipeline_dag.py took 0.155 seconds
[2026-05-21T12:38:37.584+0000] {processor.py:186} INFO - Started process (PID=197) to work on /opt/airflow/dags/retail_sales_pipeline_dag.py
[2026-05-21T12:38:37.586+0000] {processor.py:914} INFO - Processing file /opt/airflow/dags/retail_sales_pipeline_dag.py for tasks to queue
[2026-05-21T12:38:37.590+0000] {logging_mixin.py:190} INFO - [2026-05-21T12:38:37.590+0000] {dagbag.py:588} INFO - Filling up the DagBag from /opt/airflow/dags/retail_sales_pipeline_dag.py
[2026-05-21T12:38:37.619+0000] {processor.py:925} INFO - DAG(s) 'retail_sales_data_engineering_pipeline' retrieved from /opt/airflow/dags/retail_sales_pipeline_dag.py
[2026-05-21T12:38:37.662+0000] {logging_mixin.py:190} INFO - [2026-05-21T12:38:37.662+0000] {dag.py:3239} INFO - Sync 1 DAGs
[2026-05-21T12:38:37.693+0000] {logging_mixin.py:190} INFO - [2026-05-21T12:38:37.692+0000] {dag.py:4180} INFO - Setting next_dagrun for retail_sales_data_engineering_pipeline to 2026-05-20 00:00:00+00:00, run_after=2026-05-21 00:00:00+00:00
[2026-05-21T12:38:37.723+0000] {processor.py:208} INFO - Processing /opt/airflow/dags/retail_sales_pipeline_dag.py took 0.149 seconds
[2026-05-21T12:39:08.020+0000] {processor.py:186} INFO - Started process (PID=202) to work on /opt/airflow/dags/retail_sales_pipeline_dag.py
[2026-05-21T12:39:08.023+0000] {processor.py:914} INFO - Processing file /opt/airflow/dags/retail_sales_pipeline_dag.py for tasks to queue
[2026-05-21T12:39:08.029+0000] {logging_mixin.py:190} INFO - [2026-05-21T12:39:08.028+0000] {dagbag.py:588} INFO - Filling up the DagBag from /opt/airflow/dags/retail_sales_pipeline_dag.py
[2026-05-21T12:39:08.059+0000] {processor.py:925} INFO - DAG(s) 'retail_sales_data_engineering_pipeline' retrieved from /opt/airflow/dags/retail_sales_pipeline_dag.py
[2026-05-21T12:39:08.136+0000] {logging_mixin.py:190} INFO - [2026-05-21T12:39:08.136+0000] {dag.py:3239} INFO - Sync 1 DAGs
[2026-05-21T12:39:08.205+0000] {logging_mixin.py:190} INFO - [2026-05-21T12:39:08.204+0000] {dag.py:4180} INFO - Setting next_dagrun for retail_sales_data_engineering_pipeline to 2026-05-20 00:00:00+00:00, run_after=2026-05-21 00:00:00+00:00
[2026-05-21T12:39:08.243+0000] {processor.py:208} INFO - Processing /opt/airflow/dags/retail_sales_pipeline_dag.py took 0.236 seconds
[2026-05-21T12:39:38.557+0000] {processor.py:186} INFO - Started process (PID=207) to work on /opt/airflow/dags/retail_sales_pipeline_dag.py
[2026-05-21T12:39:38.559+0000] {processor.py:914} INFO - Processing file /opt/airflow/dags/retail_sales_pipeline_dag.py for tasks to queue
[2026-05-21T12:39:38.563+0000] {logging_mixin.py:190} INFO - [2026-05-21T12:39:38.563+0000] {dagbag.py:588} INFO - Filling up the DagBag from /opt/airflow/dags/retail_sales_pipeline_dag.py
[2026-05-21T12:39:38.603+0000] {processor.py:925} INFO - DAG(s) 'retail_sales_data_engineering_pipeline' retrieved from /opt/airflow/dags/retail_sales_pipeline_dag.py
[2026-05-21T12:39:38.647+0000] {logging_mixin.py:190} INFO - [2026-05-21T12:39:38.646+0000] {dag.py:3239} INFO - Sync 1 DAGs
[2026-05-21T12:39:38.674+0000] {logging_mixin.py:190} INFO - [2026-05-21T12:39:38.674+0000] {dag.py:4180} INFO - Setting next_dagrun for retail_sales_data_engineering_pipeline to 2026-05-20 00:00:00+00:00, run_after=2026-05-21 00:00:00+00:00
[2026-05-21T12:39:38.712+0000] {processor.py:208} INFO - Processing /opt/airflow/dags/retail_sales_pipeline_dag.py took 0.164 seconds
[2026-05-21T12:40:08.998+0000] {processor.py:186} INFO - Started process (PID=212) to work on /opt/airflow/dags/retail_sales_pipeline_dag.py
[2026-05-21T12:40:09.000+0000] {processor.py:914} INFO - Processing file /opt/airflow/dags/retail_sales_pipeline_dag.py for tasks to queue
[2026-05-21T12:40:09.005+0000] {logging_mixin.py:190} INFO - [2026-05-21T12:40:09.004+0000] {dagbag.py:588} INFO - Filling up the DagBag from /opt/airflow/dags/retail_sales_pipeline_dag.py
[2026-05-21T12:40:09.036+0000] {processor.py:925} INFO - DAG(s) 'retail_sales_data_engineering_pipeline' retrieved from /opt/airflow/dags/retail_sales_pipeline_dag.py
[2026-05-21T12:40:09.081+0000] {logging_mixin.py:190} INFO - [2026-05-21T12:40:09.080+0000] {dag.py:3239} INFO - Sync 1 DAGs
[2026-05-21T12:40:09.116+0000] {logging_mixin.py:190} INFO - [2026-05-21T12:40:09.116+0000] {dag.py:4180} INFO - Setting next_dagrun for retail_sales_data_engineering_pipeline to 2026-05-20 00:00:00+00:00, run_after=2026-05-21 00:00:00+00:00
[2026-05-21T12:40:09.141+0000] {processor.py:208} INFO - Processing /opt/airflow/dags/retail_sales_pipeline_dag.py took 0.153 seconds
[2026-05-21T12:40:39.499+0000] {processor.py:186} INFO - Started process (PID=217) to work on /opt/airflow/dags/retail_sales_pipeline_dag.py
[2026-05-21T12:40:39.501+0000] {processor.py:914} INFO - Processing file /opt/airflow/dags/retail_sales_pipeline_dag.py for tasks to queue
[2026-05-21T12:40:39.508+0000] {logging_mixin.py:190} INFO - [2026-05-21T12:40:39.507+0000] {dagbag.py:588} INFO - Filling up the DagBag from /opt/airflow/dags/retail_sales_pipeline_dag.py
[2026-05-21T12:40:39.532+0000] {processor.py:925} INFO - DAG(s) 'retail_sales_data_engineering_pipeline' retrieved from /opt/airflow/dags/retail_sales_pipeline_dag.py
[2026-05-21T12:40:39.581+0000] {logging_mixin.py:190} INFO - [2026-05-21T12:40:39.581+0000] {dag.py:3239} INFO - Sync 1 DAGs
[2026-05-21T12:40:39.644+0000] {logging_mixin.py:190} INFO - [2026-05-21T12:40:39.644+0000] {dag.py:4180} INFO - Setting next_dagrun for retail_sales_data_engineering_pipeline to 2026-05-20 00:00:00+00:00, run_after=2026-05-21 00:00:00+00:00
[2026-05-21T12:40:39.675+0000] {processor.py:208} INFO - Processing /opt/airflow/dags/retail_sales_pipeline_dag.py took 0.184 seconds
[2026-05-21T12:41:09.992+0000] {processor.py:186} INFO - Started process (PID=222) to work on /opt/airflow/dags/retail_sales_pipeline_dag.py
[2026-05-21T12:41:09.994+0000] {processor.py:914} INFO - Processing file /opt/airflow/dags/retail_sales_pipeline_dag.py for tasks to queue
[2026-05-21T12:41:09.999+0000] {logging_mixin.py:190} INFO - [2026-05-21T12:41:09.998+0000] {dagbag.py:588} INFO - Filling up the DagBag from /opt/airflow/dags/retail_sales_pipeline_dag.py
[2026-05-21T12:41:10.029+0000] {processor.py:925} INFO - DAG(s) 'retail_sales_data_engineering_pipeline' retrieved from /opt/airflow/dags/retail_sales_pipeline_dag.py
[2026-05-21T12:41:10.065+0000] {logging_mixin.py:190} INFO - [2026-05-21T12:41:10.065+0000] {dag.py:3239} INFO - Sync 1 DAGs
[2026-05-21T12:41:10.108+0000] {logging_mixin.py:190} INFO - [2026-05-21T12:41:10.108+0000] {dag.py:4180} INFO - Setting next_dagrun for retail_sales_data_engineering_pipeline to 2026-05-20 00:00:00+00:00, run_after=2026-05-21 00:00:00+00:00
[2026-05-21T12:41:10.148+0000] {processor.py:208} INFO - Processing /opt/airflow/dags/retail_sales_pipeline_dag.py took 0.167 seconds
[2026-05-21T12:41:40.537+0000] {processor.py:186} INFO - Started process (PID=227) to work on /opt/airflow/dags/retail_sales_pipeline_dag.py
[2026-05-21T12:41:40.538+0000] {processor.py:914} INFO - Processing file /opt/airflow/dags/retail_sales_pipeline_dag.py for tasks to queue
[2026-05-21T12:41:40.541+0000] {logging_mixin.py:190} INFO - [2026-05-21T12:41:40.541+0000] {dagbag.py:588} INFO - Filling up the DagBag from /opt/airflow/dags/retail_sales_pipeline_dag.py
[2026-05-21T12:41:40.566+0000] {processor.py:925} INFO - DAG(s) 'retail_sales_data_engineering_pipeline' retrieved from /opt/airflow/dags/retail_sales_pipeline_dag.py
[2026-05-21T12:41:40.598+0000] {logging_mixin.py:190} INFO - [2026-05-21T12:41:40.598+0000] {dag.py:3239} INFO - Sync 1 DAGs
[2026-05-21T12:41:40.620+0000] {logging_mixin.py:190} INFO - [2026-05-21T12:41:40.620+0000] {dag.py:4180} INFO - Setting next_dagrun for retail_sales_data_engineering_pipeline to 2026-05-20 00:00:00+00:00, run_after=2026-05-21 00:00:00+00:00
[2026-05-21T12:41:40.638+0000] {processor.py:208} INFO - Processing /opt/airflow/dags/retail_sales_pipeline_dag.py took 0.108 seconds
[2026-05-21T12:42:11.939+0000] {processor.py:186} INFO - Started process (PID=232) to work on /opt/airflow/dags/retail_sales_pipeline_dag.py
[2026-05-21T12:42:11.941+0000] {processor.py:914} INFO - Processing file /opt/airflow/dags/retail_sales_pipeline_dag.py for tasks to queue
[2026-05-21T12:42:11.945+0000] {logging_mixin.py:190} INFO - [2026-05-21T12:42:11.944+0000] {dagbag.py:588} INFO - Filling up the DagBag from /opt/airflow/dags/retail_sales_pipeline_dag.py
[2026-05-21T12:42:11.973+0000] {processor.py:925} INFO - DAG(s) 'retail_sales_data_engineering_pipeline' retrieved from /opt/airflow/dags/retail_sales_pipeline_dag.py
[2026-05-21T12:42:12.007+0000] {logging_mixin.py:190} INFO - [2026-05-21T12:42:12.007+0000] {dag.py:3239} INFO - Sync 1 DAGs
[2026-05-21T12:42:12.034+0000] {logging_mixin.py:190} INFO - [2026-05-21T12:42:12.034+0000] {dag.py:4180} INFO - Setting next_dagrun for retail_sales_data_engineering_pipeline to 2026-05-20 00:00:00+00:00, run_after=2026-05-21 00:00:00+00:00
[2026-05-21T12:42:12.088+0000] {processor.py:208} INFO - Processing /opt/airflow/dags/retail_sales_pipeline_dag.py took 0.158 seconds
[2026-05-21T12:42:42.577+0000] {processor.py:186} INFO - Started process (PID=289) to work on /opt/airflow/dags/retail_sales_pipeline_dag.py
[2026-05-21T12:42:42.605+0000] {processor.py:914} INFO - Processing file /opt/airflow/dags/retail_sales_pipeline_dag.py for tasks to queue
[2026-05-21T12:42:42.640+0000] {logging_mixin.py:190} INFO - [2026-05-21T12:42:42.630+0000] {dagbag.py:588} INFO - Filling up the DagBag from /opt/airflow/dags/retail_sales_pipeline_dag.py
[2026-05-21T12:42:42.736+0000] {processor.py:925} INFO - DAG(s) 'retail_sales_data_engineering_pipeline' retrieved from /opt/airflow/dags/retail_sales_pipeline_dag.py
[2026-05-21T12:42:42.876+0000] {logging_mixin.py:190} INFO - [2026-05-21T12:42:42.875+0000] {dag.py:3239} INFO - Sync 1 DAGs
[2026-05-21T12:42:42.962+0000] {logging_mixin.py:190} INFO - [2026-05-21T12:42:42.961+0000] {dag.py:4180} INFO - Setting next_dagrun for retail_sales_data_engineering_pipeline to 2026-05-21 00:00:00+00:00, run_after=2026-05-22 00:00:00+00:00
[2026-05-21T12:42:43.012+0000] {processor.py:208} INFO - Processing /opt/airflow/dags/retail_sales_pipeline_dag.py took 0.528 seconds
[2026-05-21T12:43:13.510+0000] {processor.py:186} INFO - Started process (PID=392) to work on /opt/airflow/dags/retail_sales_pipeline_dag.py
[2026-05-21T12:43:13.511+0000] {processor.py:914} INFO - Processing file /opt/airflow/dags/retail_sales_pipeline_dag.py for tasks to queue
[2026-05-21T12:43:13.514+0000] {logging_mixin.py:190} INFO - [2026-05-21T12:43:13.513+0000] {dagbag.py:588} INFO - Filling up the DagBag from /opt/airflow/dags/retail_sales_pipeline_dag.py
[2026-05-21T12:43:13.540+0000] {processor.py:925} INFO - DAG(s) 'retail_sales_data_engineering_pipeline' retrieved from /opt/airflow/dags/retail_sales_pipeline_dag.py
[2026-05-21T12:43:13.572+0000] {logging_mixin.py:190} INFO - [2026-05-21T12:43:13.572+0000] {dag.py:3239} INFO - Sync 1 DAGs
[2026-05-21T12:43:13.596+0000] {logging_mixin.py:190} INFO - [2026-05-21T12:43:13.596+0000] {dag.py:4180} INFO - Setting next_dagrun for retail_sales_data_engineering_pipeline to 2026-05-21 00:00:00+00:00, run_after=2026-05-22 00:00:00+00:00
[2026-05-21T12:43:13.617+0000] {processor.py:208} INFO - Processing /opt/airflow/dags/retail_sales_pipeline_dag.py took 0.114 seconds
[2026-05-21T12:43:44.918+0000] {processor.py:186} INFO - Started process (PID=397) to work on /opt/airflow/dags/retail_sales_pipeline_dag.py
[2026-05-21T12:43:44.920+0000] {processor.py:914} INFO - Processing file /opt/airflow/dags/retail_sales_pipeline_dag.py for tasks to queue
[2026-05-21T12:43:44.927+0000] {logging_mixin.py:190} INFO - [2026-05-21T12:43:44.927+0000] {dagbag.py:588} INFO - Filling up the DagBag from /opt/airflow/dags/retail_sales_pipeline_dag.py
[2026-05-21T12:43:44.961+0000] {processor.py:925} INFO - DAG(s) 'retail_sales_data_engineering_pipeline' retrieved from /opt/airflow/dags/retail_sales_pipeline_dag.py
[2026-05-21T12:43:45.011+0000] {logging_mixin.py:190} INFO - [2026-05-21T12:43:45.011+0000] {dag.py:3239} INFO - Sync 1 DAGs
[2026-05-21T12:43:45.048+0000] {logging_mixin.py:190} INFO - [2026-05-21T12:43:45.048+0000] {dag.py:4180} INFO - Setting next_dagrun for retail_sales_data_engineering_pipeline to 2026-05-21 00:00:00+00:00, run_after=2026-05-22 00:00:00+00:00
[2026-05-21T12:43:45.076+0000] {processor.py:208} INFO - Processing /opt/airflow/dags/retail_sales_pipeline_dag.py took 0.171 seconds
[2026-05-21T12:44:16.390+0000] {processor.py:186} INFO - Started process (PID=402) to work on /opt/airflow/dags/retail_sales_pipeline_dag.py
[2026-05-21T12:44:16.391+0000] {processor.py:914} INFO - Processing file /opt/airflow/dags/retail_sales_pipeline_dag.py for tasks to queue
[2026-05-21T12:44:16.395+0000] {logging_mixin.py:190} INFO - [2026-05-21T12:44:16.395+0000] {dagbag.py:588} INFO - Filling up the DagBag from /opt/airflow/dags/retail_sales_pipeline_dag.py
[2026-05-21T12:44:16.422+0000] {processor.py:925} INFO - DAG(s) 'retail_sales_data_engineering_pipeline' retrieved from /opt/airflow/dags/retail_sales_pipeline_dag.py
[2026-05-21T12:44:16.464+0000] {logging_mixin.py:190} INFO - [2026-05-21T12:44:16.464+0000] {dag.py:3239} INFO - Sync 1 DAGs
[2026-05-21T12:44:16.491+0000] {logging_mixin.py:190} INFO - [2026-05-21T12:44:16.491+0000] {dag.py:4180} INFO - Setting next_dagrun for retail_sales_data_engineering_pipeline to 2026-05-21 00:00:00+00:00, run_after=2026-05-22 00:00:00+00:00
[2026-05-21T12:44:16.509+0000] {processor.py:208} INFO - Processing /opt/airflow/dags/retail_sales_pipeline_dag.py took 0.125 seconds
[2026-05-21T12:44:47.679+0000] {processor.py:186} INFO - Started process (PID=407) to work on /opt/airflow/dags/retail_sales_pipeline_dag.py
[2026-05-21T12:44:47.681+0000] {processor.py:914} INFO - Processing file /opt/airflow/dags/retail_sales_pipeline_dag.py for tasks to queue
[2026-05-21T12:44:47.685+0000] {logging_mixin.py:190} INFO - [2026-05-21T12:44:47.684+0000] {dagbag.py:588} INFO - Filling up the DagBag from /opt/airflow/dags/retail_sales_pipeline_dag.py
[2026-05-21T12:44:47.713+0000] {processor.py:925} INFO - DAG(s) 'retail_sales_data_engineering_pipeline' retrieved from /opt/airflow/dags/retail_sales_pipeline_dag.py
[2026-05-21T12:44:47.753+0000] {logging_mixin.py:190} INFO - [2026-05-21T12:44:47.752+0000] {dag.py:3239} INFO - Sync 1 DAGs
[2026-05-21T12:44:47.783+0000] {logging_mixin.py:190} INFO - [2026-05-21T12:44:47.783+0000] {dag.py:4180} INFO - Setting next_dagrun for retail_sales_data_engineering_pipeline to 2026-05-21 00:00:00+00:00, run_after=2026-05-22 00:00:00+00:00
[2026-05-21T12:44:47.810+0000] {processor.py:208} INFO - Processing /opt/airflow/dags/retail_sales_pipeline_dag.py took 0.139 seconds
[2026-05-21T12:45:18.267+0000] {processor.py:186} INFO - Started process (PID=412) to work on /opt/airflow/dags/retail_sales_pipeline_dag.py
[2026-05-21T12:45:18.268+0000] {processor.py:914} INFO - Processing file /opt/airflow/dags/retail_sales_pipeline_dag.py for tasks to queue
[2026-05-21T12:45:18.273+0000] {logging_mixin.py:190} INFO - [2026-05-21T12:45:18.272+0000] {dagbag.py:588} INFO - Filling up the DagBag from /opt/airflow/dags/retail_sales_pipeline_dag.py
[2026-05-21T12:45:18.306+0000] {processor.py:925} INFO - DAG(s) 'retail_sales_data_engineering_pipeline' retrieved from /opt/airflow/dags/retail_sales_pipeline_dag.py
[2026-05-21T12:45:18.359+0000] {logging_mixin.py:190} INFO - [2026-05-21T12:45:18.359+0000] {dag.py:3239} INFO - Sync 1 DAGs
[2026-05-21T12:45:18.404+0000] {logging_mixin.py:190} INFO - [2026-05-21T12:45:18.403+0000] {dag.py:4180} INFO - Setting next_dagrun for retail_sales_data_engineering_pipeline to 2026-05-21 00:00:00+00:00, run_after=2026-05-22 00:00:00+00:00
[2026-05-21T12:45:18.437+0000] {processor.py:208} INFO - Processing /opt/airflow/dags/retail_sales_pipeline_dag.py took 0.177 seconds
[2026-05-21T12:45:49.809+0000] {processor.py:186} INFO - Started process (PID=417) to work on /opt/airflow/dags/retail_sales_pipeline_dag.py
[2026-05-21T12:45:49.811+0000] {processor.py:914} INFO - Processing file /opt/airflow/dags/retail_sales_pipeline_dag.py for tasks to queue
[2026-05-21T12:45:49.814+0000] {logging_mixin.py:190} INFO - [2026-05-21T12:45:49.813+0000] {dagbag.py:588} INFO - Filling up the DagBag from /opt/airflow/dags/retail_sales_pipeline_dag.py
[2026-05-21T12:45:49.840+0000] {processor.py:925} INFO - DAG(s) 'retail_sales_data_engineering_pipeline' retrieved from /opt/airflow/dags/retail_sales_pipeline_dag.py
[2026-05-21T12:45:49.876+0000] {logging_mixin.py:190} INFO - [2026-05-21T12:45:49.876+0000] {dag.py:3239} INFO - Sync 1 DAGs
[2026-05-21T12:45:49.901+0000] {logging_mixin.py:190} INFO - [2026-05-21T12:45:49.901+0000] {dag.py:4180} INFO - Setting next_dagrun for retail_sales_data_engineering_pipeline to 2026-05-21 00:00:00+00:00, run_after=2026-05-22 00:00:00+00:00
[2026-05-21T12:45:49.920+0000] {processor.py:208} INFO - Processing /opt/airflow/dags/retail_sales_pipeline_dag.py took 0.118 seconds
[2026-05-21T12:46:21.314+0000] {processor.py:186} INFO - Started process (PID=422) to work on /opt/airflow/dags/retail_sales_pipeline_dag.py
[2026-05-21T12:46:21.316+0000] {processor.py:914} INFO - Processing file /opt/airflow/dags/retail_sales_pipeline_dag.py for tasks to queue
[2026-05-21T12:46:21.319+0000] {logging_mixin.py:190} INFO - [2026-05-21T12:46:21.319+0000] {dagbag.py:588} INFO - Filling up the DagBag from /opt/airflow/dags/retail_sales_pipeline_dag.py
[2026-05-21T12:46:21.345+0000] {processor.py:925} INFO - DAG(s) 'retail_sales_data_engineering_pipeline' retrieved from /opt/airflow/dags/retail_sales_pipeline_dag.py
[2026-05-21T12:46:21.379+0000] {logging_mixin.py:190} INFO - [2026-05-21T12:46:21.379+0000] {dag.py:3239} INFO - Sync 1 DAGs
[2026-05-21T12:46:21.407+0000] {logging_mixin.py:190} INFO - [2026-05-21T12:46:21.406+0000] {dag.py:4180} INFO - Setting next_dagrun for retail_sales_data_engineering_pipeline to 2026-05-21 00:00:00+00:00, run_after=2026-05-22 00:00:00+00:00
[2026-05-21T12:46:21.427+0000] {processor.py:208} INFO - Processing /opt/airflow/dags/retail_sales_pipeline_dag.py took 0.120 seconds
[2026-05-21T12:46:51.808+0000] {processor.py:186} INFO - Started process (PID=427) to work on /opt/airflow/dags/retail_sales_pipeline_dag.py
[2026-05-21T12:46:51.809+0000] {processor.py:914} INFO - Processing file /opt/airflow/dags/retail_sales_pipeline_dag.py for tasks to queue
[2026-05-21T12:46:51.813+0000] {logging_mixin.py:190} INFO - [2026-05-21T12:46:51.812+0000] {dagbag.py:588} INFO - Filling up the DagBag from /opt/airflow/dags/retail_sales_pipeline_dag.py
[2026-05-21T12:46:51.841+0000] {processor.py:925} INFO - DAG(s) 'retail_sales_data_engineering_pipeline' retrieved from /opt/airflow/dags/retail_sales_pipeline_dag.py
[2026-05-21T12:46:51.878+0000] {logging_mixin.py:190} INFO - [2026-05-21T12:46:51.877+0000] {dag.py:3239} INFO - Sync 1 DAGs
[2026-05-21T12:46:51.904+0000] {logging_mixin.py:190} INFO - [2026-05-21T12:46:51.903+0000] {dag.py:4180} INFO - Setting next_dagrun for retail_sales_data_engineering_pipeline to 2026-05-21 00:00:00+00:00, run_after=2026-05-22 00:00:00+00:00
[2026-05-21T12:46:51.927+0000] {processor.py:208} INFO - Processing /opt/airflow/dags/retail_sales_pipeline_dag.py took 0.125 seconds
[2026-05-21T12:47:23.123+0000] {processor.py:186} INFO - Started process (PID=432) to work on /opt/airflow/dags/retail_sales_pipeline_dag.py
[2026-05-21T12:47:23.125+0000] {processor.py:914} INFO - Processing file /opt/airflow/dags/retail_sales_pipeline_dag.py for tasks to queue
[2026-05-21T12:47:23.128+0000] {logging_mixin.py:190} INFO - [2026-05-21T12:47:23.127+0000] {dagbag.py:588} INFO - Filling up the DagBag from /opt/airflow/dags/retail_sales_pipeline_dag.py
[2026-05-21T12:47:23.153+0000] {processor.py:925} INFO - DAG(s) 'retail_sales_data_engineering_pipeline' retrieved from /opt/airflow/dags/retail_sales_pipeline_dag.py
[2026-05-21T12:47:23.194+0000] {logging_mixin.py:190} INFO - [2026-05-21T12:47:23.194+0000] {dag.py:3239} INFO - Sync 1 DAGs
[2026-05-21T12:47:23.225+0000] {logging_mixin.py:190} INFO - [2026-05-21T12:47:23.225+0000] {dag.py:4180} INFO - Setting next_dagrun for retail_sales_data_engineering_pipeline to 2026-05-21 00:00:00+00:00, run_after=2026-05-22 00:00:00+00:00
[2026-05-21T12:47:23.249+0000] {processor.py:208} INFO - Processing /opt/airflow/dags/retail_sales_pipeline_dag.py took 0.137 seconds
[2026-05-21T12:47:54.756+0000] {processor.py:186} INFO - Started process (PID=437) to work on /opt/airflow/dags/retail_sales_pipeline_dag.py
[2026-05-21T12:47:54.758+0000] {processor.py:914} INFO - Processing file /opt/airflow/dags/retail_sales_pipeline_dag.py for tasks to queue
[2026-05-21T12:47:54.760+0000] {logging_mixin.py:190} INFO - [2026-05-21T12:47:54.760+0000] {dagbag.py:588} INFO - Filling up the DagBag from /opt/airflow/dags/retail_sales_pipeline_dag.py
[2026-05-21T12:47:54.785+0000] {processor.py:925} INFO - DAG(s) 'retail_sales_data_engineering_pipeline' retrieved from /opt/airflow/dags/retail_sales_pipeline_dag.py
[2026-05-21T12:47:54.816+0000] {logging_mixin.py:190} INFO - [2026-05-21T12:47:54.816+0000] {dag.py:3239} INFO - Sync 1 DAGs
[2026-05-21T12:47:54.841+0000] {logging_mixin.py:190} INFO - [2026-05-21T12:47:54.840+0000] {dag.py:4180} INFO - Setting next_dagrun for retail_sales_data_engineering_pipeline to 2026-05-21 00:00:00+00:00, run_after=2026-05-22 00:00:00+00:00
[2026-05-21T12:47:54.863+0000] {processor.py:208} INFO - Processing /opt/airflow/dags/retail_sales_pipeline_dag.py took 0.113 seconds
[2026-05-21T12:48:25.316+0000] {processor.py:186} INFO - Started process (PID=442) to work on /opt/airflow/dags/retail_sales_pipeline_dag.py
[2026-05-21T12:48:25.318+0000] {processor.py:914} INFO - Processing file /opt/airflow/dags/retail_sales_pipeline_dag.py for tasks to queue
[2026-05-21T12:48:25.320+0000] {logging_mixin.py:190} INFO - [2026-05-21T12:48:25.320+0000] {dagbag.py:588} INFO - Filling up the DagBag from /opt/airflow/dags/retail_sales_pipeline_dag.py
[2026-05-21T12:48:25.346+0000] {processor.py:925} INFO - DAG(s) 'retail_sales_data_engineering_pipeline' retrieved from /opt/airflow/dags/retail_sales_pipeline_dag.py
[2026-05-21T12:48:25.384+0000] {logging_mixin.py:190} INFO - [2026-05-21T12:48:25.384+0000] {dag.py:3239} INFO - Sync 1 DAGs
[2026-05-21T12:48:25.410+0000] {logging_mixin.py:190} INFO - [2026-05-21T12:48:25.409+0000] {dag.py:4180} INFO - Setting next_dagrun for retail_sales_data_engineering_pipeline to 2026-05-21 00:00:00+00:00, run_after=2026-05-22 00:00:00+00:00
[2026-05-21T12:48:25.431+0000] {processor.py:208} INFO - Processing /opt/airflow/dags/retail_sales_pipeline_dag.py took 0.120 seconds
[2026-05-21T12:48:56.741+0000] {processor.py:186} INFO - Started process (PID=447) to work on /opt/airflow/dags/retail_sales_pipeline_dag.py
[2026-05-21T12:48:56.743+0000] {processor.py:914} INFO - Processing file /opt/airflow/dags/retail_sales_pipeline_dag.py for tasks to queue
[2026-05-21T12:48:56.747+0000] {logging_mixin.py:190} INFO - [2026-05-21T12:48:56.746+0000] {dagbag.py:588} INFO - Filling up the DagBag from /opt/airflow/dags/retail_sales_pipeline_dag.py
[2026-05-21T12:48:56.776+0000] {processor.py:925} INFO - DAG(s) 'retail_sales_data_engineering_pipeline' retrieved from /opt/airflow/dags/retail_sales_pipeline_dag.py
[2026-05-21T12:48:56.814+0000] {logging_mixin.py:190} INFO - [2026-05-21T12:48:56.813+0000] {dag.py:3239} INFO - Sync 1 DAGs
[2026-05-21T12:48:56.841+0000] {logging_mixin.py:190} INFO - [2026-05-21T12:48:56.840+0000] {dag.py:4180} INFO - Setting next_dagrun for retail_sales_data_engineering_pipeline to 2026-05-21 00:00:00+00:00, run_after=2026-05-22 00:00:00+00:00
[2026-05-21T12:48:56.862+0000] {processor.py:208} INFO - Processing /opt/airflow/dags/retail_sales_pipeline_dag.py took 0.129 seconds
[2026-05-21T12:49:28.240+0000] {processor.py:186} INFO - Started process (PID=452) to work on /opt/airflow/dags/retail_sales_pipeline_dag.py
[2026-05-21T12:49:28.241+0000] {processor.py:914} INFO - Processing file /opt/airflow/dags/retail_sales_pipeline_dag.py for tasks to queue
[2026-05-21T12:49:28.246+0000] {logging_mixin.py:190} INFO - [2026-05-21T12:49:28.246+0000] {dagbag.py:588} INFO - Filling up the DagBag from /opt/airflow/dags/retail_sales_pipeline_dag.py
[2026-05-21T12:49:28.276+0000] {processor.py:925} INFO - DAG(s) 'retail_sales_data_engineering_pipeline' retrieved from /opt/airflow/dags/retail_sales_pipeline_dag.py
[2026-05-21T12:49:28.311+0000] {logging_mixin.py:190} INFO - [2026-05-21T12:49:28.311+0000] {dag.py:3239} INFO - Sync 1 DAGs
[2026-05-21T12:49:28.337+0000] {logging_mixin.py:190} INFO - [2026-05-21T12:49:28.336+0000] {dag.py:4180} INFO - Setting next_dagrun for retail_sales_data_engineering_pipeline to 2026-05-21 00:00:00+00:00, run_after=2026-05-22 00:00:00+00:00
[2026-05-21T12:49:28.359+0000] {processor.py:208} INFO - Processing /opt/airflow/dags/retail_sales_pipeline_dag.py took 0.127 seconds
[2026-05-21T12:49:58.798+0000] {processor.py:186} INFO - Started process (PID=457) to work on /opt/airflow/dags/retail_sales_pipeline_dag.py
[2026-05-21T12:49:58.800+0000] {processor.py:914} INFO - Processing file /opt/airflow/dags/retail_sales_pipeline_dag.py for tasks to queue
[2026-05-21T12:49:58.802+0000] {logging_mixin.py:190} INFO - [2026-05-21T12:49:58.802+0000] {dagbag.py:588} INFO - Filling up the DagBag from /opt/airflow/dags/retail_sales_pipeline_dag.py
[2026-05-21T12:49:58.827+0000] {processor.py:925} INFO - DAG(s) 'retail_sales_data_engineering_pipeline' retrieved from /opt/airflow/dags/retail_sales_pipeline_dag.py
[2026-05-21T12:49:58.867+0000] {logging_mixin.py:190} INFO - [2026-05-21T12:49:58.867+0000] {dag.py:3239} INFO - Sync 1 DAGs
[2026-05-21T12:49:58.892+0000] {logging_mixin.py:190} INFO - [2026-05-21T12:49:58.892+0000] {dag.py:4180} INFO - Setting next_dagrun for retail_sales_data_engineering_pipeline to 2026-05-21 00:00:00+00:00, run_after=2026-05-22 00:00:00+00:00
[2026-05-21T12:49:58.912+0000] {processor.py:208} INFO - Processing /opt/airflow/dags/retail_sales_pipeline_dag.py took 0.119 seconds
[2026-05-21T12:50:30.203+0000] {processor.py:186} INFO - Started process (PID=462) to work on /opt/airflow/dags/retail_sales_pipeline_dag.py
[2026-05-21T12:50:30.205+0000] {processor.py:914} INFO - Processing file /opt/airflow/dags/retail_sales_pipeline_dag.py for tasks to queue
[2026-05-21T12:50:30.209+0000] {logging_mixin.py:190} INFO - [2026-05-21T12:50:30.209+0000] {dagbag.py:588} INFO - Filling up the DagBag from /opt/airflow/dags/retail_sales_pipeline_dag.py
[2026-05-21T12:50:30.235+0000] {processor.py:925} INFO - DAG(s) 'retail_sales_data_engineering_pipeline' retrieved from /opt/airflow/dags/retail_sales_pipeline_dag.py
[2026-05-21T12:50:30.269+0000] {logging_mixin.py:190} INFO - [2026-05-21T12:50:30.268+0000] {dag.py:3239} INFO - Sync 1 DAGs
[2026-05-21T12:50:30.297+0000] {logging_mixin.py:190} INFO - [2026-05-21T12:50:30.296+0000] {dag.py:4180} INFO - Setting next_dagrun for retail_sales_data_engineering_pipeline to 2026-05-21 00:00:00+00:00, run_after=2026-05-22 00:00:00+00:00
[2026-05-21T12:50:30.317+0000] {processor.py:208} INFO - Processing /opt/airflow/dags/retail_sales_pipeline_dag.py took 0.120 seconds
[2026-05-21T12:51:02.492+0000] {processor.py:186} INFO - Started process (PID=467) to work on /opt/airflow/dags/retail_sales_pipeline_dag.py
[2026-05-21T12:51:02.543+0000] {processor.py:914} INFO - Processing file /opt/airflow/dags/retail_sales_pipeline_dag.py for tasks to queue
[2026-05-21T12:51:02.568+0000] {logging_mixin.py:190} INFO - [2026-05-21T12:51:02.565+0000] {dagbag.py:588} INFO - Filling up the DagBag from /opt/airflow/dags/retail_sales_pipeline_dag.py
[2026-05-21T12:51:03.022+0000] {processor.py:925} INFO - DAG(s) 'retail_sales_data_engineering_pipeline' retrieved from /opt/airflow/dags/retail_sales_pipeline_dag.py
[2026-05-21T12:51:03.219+0000] {logging_mixin.py:190} INFO - [2026-05-21T12:51:03.211+0000] {dag.py:3239} INFO - Sync 1 DAGs
[2026-05-21T12:51:03.262+0000] {logging_mixin.py:190} INFO - [2026-05-21T12:51:03.261+0000] {dag.py:4180} INFO - Setting next_dagrun for retail_sales_data_engineering_pipeline to 2026-05-21 00:00:00+00:00, run_after=2026-05-22 00:00:00+00:00
[2026-05-21T12:51:03.290+0000] {processor.py:208} INFO - Processing /opt/airflow/dags/retail_sales_pipeline_dag.py took 0.855 seconds
[2026-05-21T12:51:33.464+0000] {processor.py:186} INFO - Started process (PID=472) to work on /opt/airflow/dags/retail_sales_pipeline_dag.py
[2026-05-21T12:51:33.466+0000] {processor.py:914} INFO - Processing file /opt/airflow/dags/retail_sales_pipeline_dag.py for tasks to queue
[2026-05-21T12:51:33.470+0000] {logging_mixin.py:190} INFO - [2026-05-21T12:51:33.469+0000] {dagbag.py:588} INFO - Filling up the DagBag from /opt/airflow/dags/retail_sales_pipeline_dag.py
[2026-05-21T12:51:33.503+0000] {processor.py:925} INFO - DAG(s) 'retail_sales_data_engineering_pipeline' retrieved from /opt/airflow/dags/retail_sales_pipeline_dag.py
[2026-05-21T12:51:33.545+0000] {logging_mixin.py:190} INFO - [2026-05-21T12:51:33.545+0000] {dag.py:3239} INFO - Sync 1 DAGs
[2026-05-21T12:51:33.578+0000] {logging_mixin.py:190} INFO - [2026-05-21T12:51:33.578+0000] {dag.py:4180} INFO - Setting next_dagrun for retail_sales_data_engineering_pipeline to 2026-05-21 00:00:00+00:00, run_after=2026-05-22 00:00:00+00:00
[2026-05-21T12:51:33.599+0000] {processor.py:208} INFO - Processing /opt/airflow/dags/retail_sales_pipeline_dag.py took 0.142 seconds
[2026-05-21T12:52:04.105+0000] {processor.py:186} INFO - Started process (PID=477) to work on /opt/airflow/dags/retail_sales_pipeline_dag.py
[2026-05-21T12:52:04.107+0000] {processor.py:914} INFO - Processing file /opt/airflow/dags/retail_sales_pipeline_dag.py for tasks to queue
[2026-05-21T12:52:04.110+0000] {logging_mixin.py:190} INFO - [2026-05-21T12:52:04.110+0000] {dagbag.py:588} INFO - Filling up the DagBag from /opt/airflow/dags/retail_sales_pipeline_dag.py
[2026-05-21T12:52:04.137+0000] {processor.py:925} INFO - DAG(s) 'retail_sales_data_engineering_pipeline' retrieved from /opt/airflow/dags/retail_sales_pipeline_dag.py
[2026-05-21T12:52:04.171+0000] {logging_mixin.py:190} INFO - [2026-05-21T12:52:04.171+0000] {dag.py:3239} INFO - Sync 1 DAGs
[2026-05-21T12:52:04.197+0000] {logging_mixin.py:190} INFO - [2026-05-21T12:52:04.196+0000] {dag.py:4180} INFO - Setting next_dagrun for retail_sales_data_engineering_pipeline to 2026-05-21 00:00:00+00:00, run_after=2026-05-22 00:00:00+00:00
[2026-05-21T12:52:04.218+0000] {processor.py:208} INFO - Processing /opt/airflow/dags/retail_sales_pipeline_dag.py took 0.119 seconds
[2026-05-21T12:52:35.488+0000] {processor.py:186} INFO - Started process (PID=482) to work on /opt/airflow/dags/retail_sales_pipeline_dag.py
[2026-05-21T12:52:35.489+0000] {processor.py:914} INFO - Processing file /opt/airflow/dags/retail_sales_pipeline_dag.py for tasks to queue
[2026-05-21T12:52:35.492+0000] {logging_mixin.py:190} INFO - [2026-05-21T12:52:35.492+0000] {dagbag.py:588} INFO - Filling up the DagBag from /opt/airflow/dags/retail_sales_pipeline_dag.py
[2026-05-21T12:52:35.515+0000] {processor.py:925} INFO - DAG(s) 'retail_sales_data_engineering_pipeline' retrieved from /opt/airflow/dags/retail_sales_pipeline_dag.py
[2026-05-21T12:52:35.558+0000] {logging_mixin.py:190} INFO - [2026-05-21T12:52:35.557+0000] {dag.py:3239} INFO - Sync 1 DAGs
[2026-05-21T12:52:35.592+0000] {logging_mixin.py:190} INFO - [2026-05-21T12:52:35.592+0000] {dag.py:4180} INFO - Setting next_dagrun for retail_sales_data_engineering_pipeline to 2026-05-21 00:00:00+00:00, run_after=2026-05-22 00:00:00+00:00
[2026-05-21T12:52:35.624+0000] {processor.py:208} INFO - Processing /opt/airflow/dags/retail_sales_pipeline_dag.py took 0.143 seconds
[2026-05-21T12:53:06.071+0000] {processor.py:186} INFO - Started process (PID=487) to work on /opt/airflow/dags/retail_sales_pipeline_dag.py
[2026-05-21T12:53:06.072+0000] {processor.py:914} INFO - Processing file /opt/airflow/dags/retail_sales_pipeline_dag.py for tasks to queue
[2026-05-21T12:53:06.076+0000] {logging_mixin.py:190} INFO - [2026-05-21T12:53:06.075+0000] {dagbag.py:588} INFO - Filling up the DagBag from /opt/airflow/dags/retail_sales_pipeline_dag.py
[2026-05-21T12:53:06.107+0000] {processor.py:925} INFO - DAG(s) 'retail_sales_data_engineering_pipeline' retrieved from /opt/airflow/dags/retail_sales_pipeline_dag.py
[2026-05-21T12:53:06.140+0000] {logging_mixin.py:190} INFO - [2026-05-21T12:53:06.140+0000] {dag.py:3239} INFO - Sync 1 DAGs
[2026-05-21T12:53:06.170+0000] {logging_mixin.py:190} INFO - [2026-05-21T12:53:06.170+0000] {dag.py:4180} INFO - Setting next_dagrun for retail_sales_data_engineering_pipeline to 2026-05-21 00:00:00+00:00, run_after=2026-05-22 00:00:00+00:00
[2026-05-21T12:53:06.190+0000] {processor.py:208} INFO - Processing /opt/airflow/dags/retail_sales_pipeline_dag.py took 0.127 seconds
[2026-05-21T12:53:37.361+0000] {processor.py:186} INFO - Started process (PID=492) to work on /opt/airflow/dags/retail_sales_pipeline_dag.py
[2026-05-21T12:53:37.363+0000] {processor.py:914} INFO - Processing file /opt/airflow/dags/retail_sales_pipeline_dag.py for tasks to queue
[2026-05-21T12:53:37.368+0000] {logging_mixin.py:190} INFO - [2026-05-21T12:53:37.367+0000] {dagbag.py:588} INFO - Filling up the DagBag from /opt/airflow/dags/retail_sales_pipeline_dag.py
[2026-05-21T12:53:37.399+0000] {processor.py:925} INFO - DAG(s) 'retail_sales_data_engineering_pipeline' retrieved from /opt/airflow/dags/retail_sales_pipeline_dag.py
[2026-05-21T12:53:37.443+0000] {logging_mixin.py:190} INFO - [2026-05-21T12:53:37.442+0000] {dag.py:3239} INFO - Sync 1 DAGs
[2026-05-21T12:53:37.482+0000] {logging_mixin.py:190} INFO - [2026-05-21T12:53:37.482+0000] {dag.py:4180} INFO - Setting next_dagrun for retail_sales_data_engineering_pipeline to 2026-05-21 00:00:00+00:00, run_after=2026-05-22 00:00:00+00:00
[2026-05-21T12:53:37.508+0000] {processor.py:208} INFO - Processing /opt/airflow/dags/retail_sales_pipeline_dag.py took 0.159 seconds
[2026-05-21T12:54:07.624+0000] {processor.py:186} INFO - Started process (PID=497) to work on /opt/airflow/dags/retail_sales_pipeline_dag.py
[2026-05-21T12:54:07.625+0000] {processor.py:914} INFO - Processing file /opt/airflow/dags/retail_sales_pipeline_dag.py for tasks to queue
[2026-05-21T12:54:07.636+0000] {logging_mixin.py:190} INFO - [2026-05-21T12:54:07.636+0000] {dagbag.py:588} INFO - Filling up the DagBag from /opt/airflow/dags/retail_sales_pipeline_dag.py
[2026-05-21T12:54:07.677+0000] {processor.py:925} INFO - DAG(s) 'retail_sales_data_engineering_pipeline' retrieved from /opt/airflow/dags/retail_sales_pipeline_dag.py
[2026-05-21T12:54:07.737+0000] {logging_mixin.py:190} INFO - [2026-05-21T12:54:07.737+0000] {dag.py:3239} INFO - Sync 1 DAGs
[2026-05-21T12:54:07.778+0000] {logging_mixin.py:190} INFO - [2026-05-21T12:54:07.778+0000] {dag.py:4180} INFO - Setting next_dagrun for retail_sales_data_engineering_pipeline to 2026-05-21 00:00:00+00:00, run_after=2026-05-22 00:00:00+00:00
[2026-05-21T12:54:07.829+0000] {processor.py:208} INFO - Processing /opt/airflow/dags/retail_sales_pipeline_dag.py took 0.216 seconds
[2026-05-21T12:54:39.647+0000] {processor.py:186} INFO - Started process (PID=502) to work on /opt/airflow/dags/retail_sales_pipeline_dag.py
[2026-05-21T12:54:39.649+0000] {processor.py:914} INFO - Processing file /opt/airflow/dags/retail_sales_pipeline_dag.py for tasks to queue
[2026-05-21T12:54:39.655+0000] {logging_mixin.py:190} INFO - [2026-05-21T12:54:39.654+0000] {dagbag.py:588} INFO - Filling up the DagBag from /opt/airflow/dags/retail_sales_pipeline_dag.py
[2026-05-21T12:54:39.682+0000] {processor.py:925} INFO - DAG(s) 'retail_sales_data_engineering_pipeline' retrieved from /opt/airflow/dags/retail_sales_pipeline_dag.py
[2026-05-21T12:54:39.723+0000] {logging_mixin.py:190} INFO - [2026-05-21T12:54:39.723+0000] {dag.py:3239} INFO - Sync 1 DAGs
[2026-05-21T12:54:39.752+0000] {logging_mixin.py:190} INFO - [2026-05-21T12:54:39.752+0000] {dag.py:4180} INFO - Setting next_dagrun for retail_sales_data_engineering_pipeline to 2026-05-21 00:00:00+00:00, run_after=2026-05-22 00:00:00+00:00
[2026-05-21T12:54:39.778+0000] {processor.py:208} INFO - Processing /opt/airflow/dags/retail_sales_pipeline_dag.py took 0.140 seconds
[2026-05-21T12:55:11.017+0000] {processor.py:186} INFO - Started process (PID=507) to work on /opt/airflow/dags/retail_sales_pipeline_dag.py
[2026-05-21T12:55:11.018+0000] {processor.py:914} INFO - Processing file /opt/airflow/dags/retail_sales_pipeline_dag.py for tasks to queue
[2026-05-21T12:55:11.022+0000] {logging_mixin.py:190} INFO - [2026-05-21T12:55:11.022+0000] {dagbag.py:588} INFO - Filling up the DagBag from /opt/airflow/dags/retail_sales_pipeline_dag.py
[2026-05-21T12:55:11.047+0000] {processor.py:925} INFO - DAG(s) 'retail_sales_data_engineering_pipeline' retrieved from /opt/airflow/dags/retail_sales_pipeline_dag.py
[2026-05-21T12:55:11.081+0000] {logging_mixin.py:190} INFO - [2026-05-21T12:55:11.081+0000] {dag.py:3239} INFO - Sync 1 DAGs
[2026-05-21T12:55:11.108+0000] {logging_mixin.py:190} INFO - [2026-05-21T12:55:11.108+0000] {dag.py:4180} INFO - Setting next_dagrun for retail_sales_data_engineering_pipeline to 2026-05-21 00:00:00+00:00, run_after=2026-05-22 00:00:00+00:00
[2026-05-21T12:55:11.131+0000] {processor.py:208} INFO - Processing /opt/airflow/dags/retail_sales_pipeline_dag.py took 0.120 seconds
[2026-05-21T12:55:42.457+0000] {processor.py:186} INFO - Started process (PID=512) to work on /opt/airflow/dags/retail_sales_pipeline_dag.py
[2026-05-21T12:55:42.459+0000] {processor.py:914} INFO - Processing file /opt/airflow/dags/retail_sales_pipeline_dag.py for tasks to queue
[2026-05-21T12:55:42.461+0000] {logging_mixin.py:190} INFO - [2026-05-21T12:55:42.461+0000] {dagbag.py:588} INFO - Filling up the DagBag from /opt/airflow/dags/retail_sales_pipeline_dag.py
[2026-05-21T12:55:42.488+0000] {processor.py:925} INFO - DAG(s) 'retail_sales_data_engineering_pipeline' retrieved from /opt/airflow/dags/retail_sales_pipeline_dag.py
[2026-05-21T12:55:42.530+0000] {logging_mixin.py:190} INFO - [2026-05-21T12:55:42.530+0000] {dag.py:3239} INFO - Sync 1 DAGs
[2026-05-21T12:55:42.561+0000] {logging_mixin.py:190} INFO - [2026-05-21T12:55:42.560+0000] {dag.py:4180} INFO - Setting next_dagrun for retail_sales_data_engineering_pipeline to 2026-05-21 00:00:00+00:00, run_after=2026-05-22 00:00:00+00:00
[2026-05-21T12:55:42.585+0000] {processor.py:208} INFO - Processing /opt/airflow/dags/retail_sales_pipeline_dag.py took 0.135 seconds
[2026-05-21T12:56:13.786+0000] {processor.py:186} INFO - Started process (PID=517) to work on /opt/airflow/dags/retail_sales_pipeline_dag.py
[2026-05-21T12:56:13.788+0000] {processor.py:914} INFO - Processing file /opt/airflow/dags/retail_sales_pipeline_dag.py for tasks to queue
[2026-05-21T12:56:13.791+0000] {logging_mixin.py:190} INFO - [2026-05-21T12:56:13.791+0000] {dagbag.py:588} INFO - Filling up the DagBag from /opt/airflow/dags/retail_sales_pipeline_dag.py
[2026-05-21T12:56:13.819+0000] {processor.py:925} INFO - DAG(s) 'retail_sales_data_engineering_pipeline' retrieved from /opt/airflow/dags/retail_sales_pipeline_dag.py
[2026-05-21T12:56:13.861+0000] {logging_mixin.py:190} INFO - [2026-05-21T12:56:13.861+0000] {dag.py:3239} INFO - Sync 1 DAGs
[2026-05-21T12:56:13.892+0000] {logging_mixin.py:190} INFO - [2026-05-21T12:56:13.891+0000] {dag.py:4180} INFO - Setting next_dagrun for retail_sales_data_engineering_pipeline to 2026-05-21 00:00:00+00:00, run_after=2026-05-22 00:00:00+00:00
[2026-05-21T12:56:13.916+0000] {processor.py:208} INFO - Processing /opt/airflow/dags/retail_sales_pipeline_dag.py took 0.137 seconds
[2026-05-21T12:56:44.333+0000] {processor.py:186} INFO - Started process (PID=522) to work on /opt/airflow/dags/retail_sales_pipeline_dag.py
[2026-05-21T12:56:44.334+0000] {processor.py:914} INFO - Processing file /opt/airflow/dags/retail_sales_pipeline_dag.py for tasks to queue
[2026-05-21T12:56:44.337+0000] {logging_mixin.py:190} INFO - [2026-05-21T12:56:44.337+0000] {dagbag.py:588} INFO - Filling up the DagBag from /opt/airflow/dags/retail_sales_pipeline_dag.py
[2026-05-21T12:56:44.362+0000] {processor.py:925} INFO - DAG(s) 'retail_sales_data_engineering_pipeline' retrieved from /opt/airflow/dags/retail_sales_pipeline_dag.py
[2026-05-21T12:56:44.396+0000] {logging_mixin.py:190} INFO - [2026-05-21T12:56:44.396+0000] {dag.py:3239} INFO - Sync 1 DAGs
[2026-05-21T12:56:44.423+0000] {logging_mixin.py:190} INFO - [2026-05-21T12:56:44.423+0000] {dag.py:4180} INFO - Setting next_dagrun for retail_sales_data_engineering_pipeline to 2026-05-21 00:00:00+00:00, run_after=2026-05-22 00:00:00+00:00
[2026-05-21T12:56:44.446+0000] {processor.py:208} INFO - Processing /opt/airflow/dags/retail_sales_pipeline_dag.py took 0.118 seconds
[2026-05-21T12:57:15.781+0000] {processor.py:186} INFO - Started process (PID=527) to work on /opt/airflow/dags/retail_sales_pipeline_dag.py
[2026-05-21T12:57:15.782+0000] {processor.py:914} INFO - Processing file /opt/airflow/dags/retail_sales_pipeline_dag.py for tasks to queue
[2026-05-21T12:57:15.786+0000] {logging_mixin.py:190} INFO - [2026-05-21T12:57:15.785+0000] {dagbag.py:588} INFO - Filling up the DagBag from /opt/airflow/dags/retail_sales_pipeline_dag.py
[2026-05-21T12:57:15.815+0000] {processor.py:925} INFO - DAG(s) 'retail_sales_data_engineering_pipeline' retrieved from /opt/airflow/dags/retail_sales_pipeline_dag.py
[2026-05-21T12:57:15.857+0000] {logging_mixin.py:190} INFO - [2026-05-21T12:57:15.856+0000] {dag.py:3239} INFO - Sync 1 DAGs
[2026-05-21T12:57:15.897+0000] {logging_mixin.py:190} INFO - [2026-05-21T12:57:15.896+0000] {dag.py:4180} INFO - Setting next_dagrun for retail_sales_data_engineering_pipeline to 2026-05-21 00:00:00+00:00, run_after=2026-05-22 00:00:00+00:00
[2026-05-21T12:57:15.924+0000] {processor.py:208} INFO - Processing /opt/airflow/dags/retail_sales_pipeline_dag.py took 0.153 seconds
[2026-05-21T12:57:47.182+0000] {processor.py:186} INFO - Started process (PID=532) to work on /opt/airflow/dags/retail_sales_pipeline_dag.py
[2026-05-21T12:57:47.184+0000] {processor.py:914} INFO - Processing file /opt/airflow/dags/retail_sales_pipeline_dag.py for tasks to queue
[2026-05-21T12:57:47.188+0000] {logging_mixin.py:190} INFO - [2026-05-21T12:57:47.188+0000] {dagbag.py:588} INFO - Filling up the DagBag from /opt/airflow/dags/retail_sales_pipeline_dag.py
[2026-05-21T12:57:47.229+0000] {processor.py:925} INFO - DAG(s) 'retail_sales_data_engineering_pipeline' retrieved from /opt/airflow/dags/retail_sales_pipeline_dag.py
[2026-05-21T12:57:47.287+0000] {logging_mixin.py:190} INFO - [2026-05-21T12:57:47.286+0000] {dag.py:3239} INFO - Sync 1 DAGs
[2026-05-21T12:57:47.325+0000] {logging_mixin.py:190} INFO - [2026-05-21T12:57:47.324+0000] {dag.py:4180} INFO - Setting next_dagrun for retail_sales_data_engineering_pipeline to 2026-05-21 00:00:00+00:00, run_after=2026-05-22 00:00:00+00:00
[2026-05-21T12:57:47.346+0000] {processor.py:208} INFO - Processing /opt/airflow/dags/retail_sales_pipeline_dag.py took 0.171 seconds
[2026-05-21T12:58:17.714+0000] {processor.py:186} INFO - Started process (PID=537) to work on /opt/airflow/dags/retail_sales_pipeline_dag.py
[2026-05-21T12:58:17.716+0000] {processor.py:914} INFO - Processing file /opt/airflow/dags/retail_sales_pipeline_dag.py for tasks to queue
[2026-05-21T12:58:17.719+0000] {logging_mixin.py:190} INFO - [2026-05-21T12:58:17.719+0000] {dagbag.py:588} INFO - Filling up the DagBag from /opt/airflow/dags/retail_sales_pipeline_dag.py
[2026-05-21T12:58:17.747+0000] {processor.py:925} INFO - DAG(s) 'retail_sales_data_engineering_pipeline' retrieved from /opt/airflow/dags/retail_sales_pipeline_dag.py
[2026-05-21T12:58:17.783+0000] {logging_mixin.py:190} INFO - [2026-05-21T12:58:17.783+0000] {dag.py:3239} INFO - Sync 1 DAGs
[2026-05-21T12:58:17.810+0000] {logging_mixin.py:190} INFO - [2026-05-21T12:58:17.810+0000] {dag.py:4180} INFO - Setting next_dagrun for retail_sales_data_engineering_pipeline to 2026-05-21 00:00:00+00:00, run_after=2026-05-22 00:00:00+00:00
[2026-05-21T12:58:17.834+0000] {processor.py:208} INFO - Processing /opt/airflow/dags/retail_sales_pipeline_dag.py took 0.126 seconds
[2026-05-21T12:58:49.144+0000] {processor.py:186} INFO - Started process (PID=542) to work on /opt/airflow/dags/retail_sales_pipeline_dag.py
[2026-05-21T12:58:49.145+0000] {processor.py:914} INFO - Processing file /opt/airflow/dags/retail_sales_pipeline_dag.py for tasks to queue
[2026-05-21T12:58:49.147+0000] {logging_mixin.py:190} INFO - [2026-05-21T12:58:49.147+0000] {dagbag.py:588} INFO - Filling up the DagBag from /opt/airflow/dags/retail_sales_pipeline_dag.py
[2026-05-21T12:58:49.173+0000] {processor.py:925} INFO - DAG(s) 'retail_sales_data_engineering_pipeline' retrieved from /opt/airflow/dags/retail_sales_pipeline_dag.py
[2026-05-21T12:58:49.210+0000] {logging_mixin.py:190} INFO - [2026-05-21T12:58:49.210+0000] {dag.py:3239} INFO - Sync 1 DAGs
[2026-05-21T12:58:49.236+0000] {logging_mixin.py:190} INFO - [2026-05-21T12:58:49.236+0000] {dag.py:4180} INFO - Setting next_dagrun for retail_sales_data_engineering_pipeline to 2026-05-21 00:00:00+00:00, run_after=2026-05-22 00:00:00+00:00
[2026-05-21T12:58:49.260+0000] {processor.py:208} INFO - Processing /opt/airflow/dags/retail_sales_pipeline_dag.py took 0.122 seconds
[2026-05-21T12:59:20.656+0000] {processor.py:186} INFO - Started process (PID=547) to work on /opt/airflow/dags/retail_sales_pipeline_dag.py
[2026-05-21T12:59:20.657+0000] {processor.py:914} INFO - Processing file /opt/airflow/dags/retail_sales_pipeline_dag.py for tasks to queue
[2026-05-21T12:59:20.661+0000] {logging_mixin.py:190} INFO - [2026-05-21T12:59:20.661+0000] {dagbag.py:588} INFO - Filling up the DagBag from /opt/airflow/dags/retail_sales_pipeline_dag.py
[2026-05-21T12:59:20.684+0000] {processor.py:925} INFO - DAG(s) 'retail_sales_data_engineering_pipeline' retrieved from /opt/airflow/dags/retail_sales_pipeline_dag.py
[2026-05-21T12:59:20.716+0000] {logging_mixin.py:190} INFO - [2026-05-21T12:59:20.715+0000] {dag.py:3239} INFO - Sync 1 DAGs
[2026-05-21T12:59:20.742+0000] {logging_mixin.py:190} INFO - [2026-05-21T12:59:20.742+0000] {dag.py:4180} INFO - Setting next_dagrun for retail_sales_data_engineering_pipeline to 2026-05-21 00:00:00+00:00, run_after=2026-05-22 00:00:00+00:00
[2026-05-21T12:59:20.763+0000] {processor.py:208} INFO - Processing /opt/airflow/dags/retail_sales_pipeline_dag.py took 0.113 seconds
[2026-05-21T12:59:51.982+0000] {processor.py:186} INFO - Started process (PID=552) to work on /opt/airflow/dags/retail_sales_pipeline_dag.py
[2026-05-21T12:59:51.985+0000] {processor.py:914} INFO - Processing file /opt/airflow/dags/retail_sales_pipeline_dag.py for tasks to queue
[2026-05-21T12:59:51.989+0000] {logging_mixin.py:190} INFO - [2026-05-21T12:59:51.989+0000] {dagbag.py:588} INFO - Filling up the DagBag from /opt/airflow/dags/retail_sales_pipeline_dag.py
[2026-05-21T12:59:52.020+0000] {processor.py:925} INFO - DAG(s) 'retail_sales_data_engineering_pipeline' retrieved from /opt/airflow/dags/retail_sales_pipeline_dag.py
[2026-05-21T12:59:52.063+0000] {logging_mixin.py:190} INFO - [2026-05-21T12:59:52.063+0000] {dag.py:3239} INFO - Sync 1 DAGs
[2026-05-21T12:59:52.100+0000] {logging_mixin.py:190} INFO - [2026-05-21T12:59:52.099+0000] {dag.py:4180} INFO - Setting next_dagrun for retail_sales_data_engineering_pipeline to 2026-05-21 00:00:00+00:00, run_after=2026-05-22 00:00:00+00:00
[2026-05-21T12:59:52.125+0000] {processor.py:208} INFO - Processing /opt/airflow/dags/retail_sales_pipeline_dag.py took 0.150 seconds
[2026-05-21T13:00:22.535+0000] {processor.py:186} INFO - Started process (PID=557) to work on /opt/airflow/dags/retail_sales_pipeline_dag.py
[2026-05-21T13:00:22.538+0000] {processor.py:914} INFO - Processing file /opt/airflow/dags/retail_sales_pipeline_dag.py for tasks to queue
[2026-05-21T13:00:22.544+0000] {logging_mixin.py:190} INFO - [2026-05-21T13:00:22.543+0000] {dagbag.py:588} INFO - Filling up the DagBag from /opt/airflow/dags/retail_sales_pipeline_dag.py
[2026-05-21T13:00:22.578+0000] {processor.py:925} INFO - DAG(s) 'retail_sales_data_engineering_pipeline' retrieved from /opt/airflow/dags/retail_sales_pipeline_dag.py
[2026-05-21T13:00:22.626+0000] {logging_mixin.py:190} INFO - [2026-05-21T13:00:22.626+0000] {dag.py:3239} INFO - Sync 1 DAGs
[2026-05-21T13:00:22.661+0000] {logging_mixin.py:190} INFO - [2026-05-21T13:00:22.660+0000] {dag.py:4180} INFO - Setting next_dagrun for retail_sales_data_engineering_pipeline to 2026-05-21 00:00:00+00:00, run_after=2026-05-22 00:00:00+00:00
[2026-05-21T13:00:22.691+0000] {processor.py:208} INFO - Processing /opt/airflow/dags/retail_sales_pipeline_dag.py took 0.165 seconds
[2026-05-21T13:00:53.914+0000] {processor.py:186} INFO - Started process (PID=562) to work on /opt/airflow/dags/retail_sales_pipeline_dag.py
[2026-05-21T13:00:53.916+0000] {processor.py:914} INFO - Processing file /opt/airflow/dags/retail_sales_pipeline_dag.py for tasks to queue
[2026-05-21T13:00:53.919+0000] {logging_mixin.py:190} INFO - [2026-05-21T13:00:53.918+0000] {dagbag.py:588} INFO - Filling up the DagBag from /opt/airflow/dags/retail_sales_pipeline_dag.py
[2026-05-21T13:00:53.944+0000] {processor.py:925} INFO - DAG(s) 'retail_sales_data_engineering_pipeline' retrieved from /opt/airflow/dags/retail_sales_pipeline_dag.py
[2026-05-21T13:00:53.982+0000] {logging_mixin.py:190} INFO - [2026-05-21T13:00:53.982+0000] {dag.py:3239} INFO - Sync 1 DAGs
[2026-05-21T13:00:54.009+0000] {logging_mixin.py:190} INFO - [2026-05-21T13:00:54.008+0000] {dag.py:4180} INFO - Setting next_dagrun for retail_sales_data_engineering_pipeline to 2026-05-21 00:00:00+00:00, run_after=2026-05-22 00:00:00+00:00
[2026-05-21T13:00:54.029+0000] {processor.py:208} INFO - Processing /opt/airflow/dags/retail_sales_pipeline_dag.py took 0.125 seconds
[2026-05-21T13:01:25.460+0000] {processor.py:186} INFO - Started process (PID=567) to work on /opt/airflow/dags/retail_sales_pipeline_dag.py
[2026-05-21T13:01:25.461+0000] {processor.py:914} INFO - Processing file /opt/airflow/dags/retail_sales_pipeline_dag.py for tasks to queue
[2026-05-21T13:01:25.465+0000] {logging_mixin.py:190} INFO - [2026-05-21T13:01:25.464+0000] {dagbag.py:588} INFO - Filling up the DagBag from /opt/airflow/dags/retail_sales_pipeline_dag.py
[2026-05-21T13:01:25.493+0000] {processor.py:925} INFO - DAG(s) 'retail_sales_data_engineering_pipeline' retrieved from /opt/airflow/dags/retail_sales_pipeline_dag.py
[2026-05-21T13:01:25.528+0000] {logging_mixin.py:190} INFO - [2026-05-21T13:01:25.528+0000] {dag.py:3239} INFO - Sync 1 DAGs
[2026-05-21T13:01:25.559+0000] {logging_mixin.py:190} INFO - [2026-05-21T13:01:25.559+0000] {dag.py:4180} INFO - Setting next_dagrun for retail_sales_data_engineering_pipeline to 2026-05-21 00:00:00+00:00, run_after=2026-05-22 00:00:00+00:00
[2026-05-21T13:01:25.581+0000] {processor.py:208} INFO - Processing /opt/airflow/dags/retail_sales_pipeline_dag.py took 0.130 seconds
[2026-05-21T13:01:55.801+0000] {processor.py:186} INFO - Started process (PID=572) to work on /opt/airflow/dags/retail_sales_pipeline_dag.py
[2026-05-21T13:01:55.802+0000] {processor.py:914} INFO - Processing file /opt/airflow/dags/retail_sales_pipeline_dag.py for tasks to queue
[2026-05-21T13:01:55.804+0000] {logging_mixin.py:190} INFO - [2026-05-21T13:01:55.804+0000] {dagbag.py:588} INFO - Filling up the DagBag from /opt/airflow/dags/retail_sales_pipeline_dag.py
[2026-05-21T13:01:55.832+0000] {processor.py:925} INFO - DAG(s) 'retail_sales_data_engineering_pipeline' retrieved from /opt/airflow/dags/retail_sales_pipeline_dag.py
[2026-05-21T13:01:55.867+0000] {logging_mixin.py:190} INFO - [2026-05-21T13:01:55.866+0000] {dag.py:3239} INFO - Sync 1 DAGs
[2026-05-21T13:01:55.895+0000] {logging_mixin.py:190} INFO - [2026-05-21T13:01:55.895+0000] {dag.py:4180} INFO - Setting next_dagrun for retail_sales_data_engineering_pipeline to 2026-05-21 00:00:00+00:00, run_after=2026-05-22 00:00:00+00:00
[2026-05-21T13:01:55.916+0000] {processor.py:208} INFO - Processing /opt/airflow/dags/retail_sales_pipeline_dag.py took 0.122 seconds
[2026-05-21T13:02:27.281+0000] {processor.py:186} INFO - Started process (PID=577) to work on /opt/airflow/dags/retail_sales_pipeline_dag.py
[2026-05-21T13:02:27.282+0000] {processor.py:914} INFO - Processing file /opt/airflow/dags/retail_sales_pipeline_dag.py for tasks to queue
[2026-05-21T13:02:27.286+0000] {logging_mixin.py:190} INFO - [2026-05-21T13:02:27.286+0000] {dagbag.py:588} INFO - Filling up the DagBag from /opt/airflow/dags/retail_sales_pipeline_dag.py
[2026-05-21T13:02:27.316+0000] {processor.py:925} INFO - DAG(s) 'retail_sales_data_engineering_pipeline' retrieved from /opt/airflow/dags/retail_sales_pipeline_dag.py
[2026-05-21T13:02:27.357+0000] {logging_mixin.py:190} INFO - [2026-05-21T13:02:27.356+0000] {dag.py:3239} INFO - Sync 1 DAGs
[2026-05-21T13:02:27.391+0000] {logging_mixin.py:190} INFO - [2026-05-21T13:02:27.391+0000] {dag.py:4180} INFO - Setting next_dagrun for retail_sales_data_engineering_pipeline to 2026-05-21 00:00:00+00:00, run_after=2026-05-22 00:00:00+00:00
[2026-05-21T13:02:27.423+0000] {processor.py:208} INFO - Processing /opt/airflow/dags/retail_sales_pipeline_dag.py took 0.153 seconds
[2026-05-21T13:02:58.736+0000] {processor.py:186} INFO - Started process (PID=582) to work on /opt/airflow/dags/retail_sales_pipeline_dag.py
[2026-05-21T13:02:58.738+0000] {processor.py:914} INFO - Processing file /opt/airflow/dags/retail_sales_pipeline_dag.py for tasks to queue
[2026-05-21T13:02:58.741+0000] {logging_mixin.py:190} INFO - [2026-05-21T13:02:58.741+0000] {dagbag.py:588} INFO - Filling up the DagBag from /opt/airflow/dags/retail_sales_pipeline_dag.py
[2026-05-21T13:02:58.770+0000] {processor.py:925} INFO - DAG(s) 'retail_sales_data_engineering_pipeline' retrieved from /opt/airflow/dags/retail_sales_pipeline_dag.py
[2026-05-21T13:02:58.809+0000] {logging_mixin.py:190} INFO - [2026-05-21T13:02:58.809+0000] {dag.py:3239} INFO - Sync 1 DAGs
[2026-05-21T13:02:58.835+0000] {logging_mixin.py:190} INFO - [2026-05-21T13:02:58.835+0000] {dag.py:4180} INFO - Setting next_dagrun for retail_sales_data_engineering_pipeline to 2026-05-21 00:00:00+00:00, run_after=2026-05-22 00:00:00+00:00
[2026-05-21T13:02:58.856+0000] {processor.py:208} INFO - Processing /opt/airflow/dags/retail_sales_pipeline_dag.py took 0.126 seconds
[2026-05-21T13:03:30.179+0000] {processor.py:186} INFO - Started process (PID=587) to work on /opt/airflow/dags/retail_sales_pipeline_dag.py
[2026-05-21T13:03:30.180+0000] {processor.py:914} INFO - Processing file /opt/airflow/dags/retail_sales_pipeline_dag.py for tasks to queue
[2026-05-21T13:03:30.185+0000] {logging_mixin.py:190} INFO - [2026-05-21T13:03:30.183+0000] {dagbag.py:588} INFO - Filling up the DagBag from /opt/airflow/dags/retail_sales_pipeline_dag.py
[2026-05-21T13:03:30.214+0000] {processor.py:925} INFO - DAG(s) 'retail_sales_data_engineering_pipeline' retrieved from /opt/airflow/dags/retail_sales_pipeline_dag.py
[2026-05-21T13:03:30.251+0000] {logging_mixin.py:190} INFO - [2026-05-21T13:03:30.251+0000] {dag.py:3239} INFO - Sync 1 DAGs
[2026-05-21T13:03:30.276+0000] {logging_mixin.py:190} INFO - [2026-05-21T13:03:30.276+0000] {dag.py:4180} INFO - Setting next_dagrun for retail_sales_data_engineering_pipeline to 2026-05-21 00:00:00+00:00, run_after=2026-05-22 00:00:00+00:00
[2026-05-21T13:03:30.297+0000] {processor.py:208} INFO - Processing /opt/airflow/dags/retail_sales_pipeline_dag.py took 0.123 seconds
[2026-05-21T13:04:00.636+0000] {processor.py:186} INFO - Started process (PID=592) to work on /opt/airflow/dags/retail_sales_pipeline_dag.py
[2026-05-21T13:04:00.638+0000] {processor.py:914} INFO - Processing file /opt/airflow/dags/retail_sales_pipeline_dag.py for tasks to queue
[2026-05-21T13:04:00.643+0000] {logging_mixin.py:190} INFO - [2026-05-21T13:04:00.642+0000] {dagbag.py:588} INFO - Filling up the DagBag from /opt/airflow/dags/retail_sales_pipeline_dag.py
[2026-05-21T13:04:00.672+0000] {processor.py:925} INFO - DAG(s) 'retail_sales_data_engineering_pipeline' retrieved from /opt/airflow/dags/retail_sales_pipeline_dag.py
[2026-05-21T13:04:00.719+0000] {logging_mixin.py:190} INFO - [2026-05-21T13:04:00.718+0000] {dag.py:3239} INFO - Sync 1 DAGs
[2026-05-21T13:04:00.753+0000] {logging_mixin.py:190} INFO - [2026-05-21T13:04:00.753+0000] {dag.py:4180} INFO - Setting next_dagrun for retail_sales_data_engineering_pipeline to 2026-05-21 00:00:00+00:00, run_after=2026-05-22 00:00:00+00:00
[2026-05-21T13:04:00.774+0000] {processor.py:208} INFO - Processing /opt/airflow/dags/retail_sales_pipeline_dag.py took 0.147 seconds
[2026-05-21T13:04:32.227+0000] {processor.py:186} INFO - Started process (PID=597) to work on /opt/airflow/dags/retail_sales_pipeline_dag.py
[2026-05-21T13:04:32.228+0000] {processor.py:914} INFO - Processing file /opt/airflow/dags/retail_sales_pipeline_dag.py for tasks to queue
[2026-05-21T13:04:32.232+0000] {logging_mixin.py:190} INFO - [2026-05-21T13:04:32.232+0000] {dagbag.py:588} INFO - Filling up the DagBag from /opt/airflow/dags/retail_sales_pipeline_dag.py
[2026-05-21T13:04:32.262+0000] {processor.py:925} INFO - DAG(s) 'retail_sales_data_engineering_pipeline' retrieved from /opt/airflow/dags/retail_sales_pipeline_dag.py
[2026-05-21T13:04:32.299+0000] {logging_mixin.py:190} INFO - [2026-05-21T13:04:32.299+0000] {dag.py:3239} INFO - Sync 1 DAGs
[2026-05-21T13:04:32.331+0000] {logging_mixin.py:190} INFO - [2026-05-21T13:04:32.330+0000] {dag.py:4180} INFO - Setting next_dagrun for retail_sales_data_engineering_pipeline to 2026-05-21 00:00:00+00:00, run_after=2026-05-22 00:00:00+00:00
[2026-05-21T13:04:32.357+0000] {processor.py:208} INFO - Processing /opt/airflow/dags/retail_sales_pipeline_dag.py took 0.138 seconds
[2026-05-21T13:05:02.731+0000] {processor.py:186} INFO - Started process (PID=602) to work on /opt/airflow/dags/retail_sales_pipeline_dag.py
[2026-05-21T13:05:02.733+0000] {processor.py:914} INFO - Processing file /opt/airflow/dags/retail_sales_pipeline_dag.py for tasks to queue
[2026-05-21T13:05:02.736+0000] {logging_mixin.py:190} INFO - [2026-05-21T13:05:02.736+0000] {dagbag.py:588} INFO - Filling up the DagBag from /opt/airflow/dags/retail_sales_pipeline_dag.py
[2026-05-21T13:05:02.765+0000] {processor.py:925} INFO - DAG(s) 'retail_sales_data_engineering_pipeline' retrieved from /opt/airflow/dags/retail_sales_pipeline_dag.py
[2026-05-21T13:05:02.801+0000] {logging_mixin.py:190} INFO - [2026-05-21T13:05:02.801+0000] {dag.py:3239} INFO - Sync 1 DAGs
[2026-05-21T13:05:02.828+0000] {logging_mixin.py:190} INFO - [2026-05-21T13:05:02.828+0000] {dag.py:4180} INFO - Setting next_dagrun for retail_sales_data_engineering_pipeline to 2026-05-21 00:00:00+00:00, run_after=2026-05-22 00:00:00+00:00
[2026-05-21T13:05:02.849+0000] {processor.py:208} INFO - Processing /opt/airflow/dags/retail_sales_pipeline_dag.py took 0.124 seconds
[2026-05-21T13:05:34.134+0000] {processor.py:186} INFO - Started process (PID=607) to work on /opt/airflow/dags/retail_sales_pipeline_dag.py
[2026-05-21T13:05:34.136+0000] {processor.py:914} INFO - Processing file /opt/airflow/dags/retail_sales_pipeline_dag.py for tasks to queue
[2026-05-21T13:05:34.141+0000] {logging_mixin.py:190} INFO - [2026-05-21T13:05:34.141+0000] {dagbag.py:588} INFO - Filling up the DagBag from /opt/airflow/dags/retail_sales_pipeline_dag.py
[2026-05-21T13:05:34.170+0000] {processor.py:925} INFO - DAG(s) 'retail_sales_data_engineering_pipeline' retrieved from /opt/airflow/dags/retail_sales_pipeline_dag.py
[2026-05-21T13:05:34.214+0000] {logging_mixin.py:190} INFO - [2026-05-21T13:05:34.214+0000] {dag.py:3239} INFO - Sync 1 DAGs
[2026-05-21T13:05:34.242+0000] {logging_mixin.py:190} INFO - [2026-05-21T13:05:34.242+0000] {dag.py:4180} INFO - Setting next_dagrun for retail_sales_data_engineering_pipeline to 2026-05-21 00:00:00+00:00, run_after=2026-05-22 00:00:00+00:00
[2026-05-21T13:05:34.265+0000] {processor.py:208} INFO - Processing /opt/airflow/dags/retail_sales_pipeline_dag.py took 0.141 seconds
[2026-05-21T13:06:05.641+0000] {processor.py:186} INFO - Started process (PID=612) to work on /opt/airflow/dags/retail_sales_pipeline_dag.py
[2026-05-21T13:06:05.643+0000] {processor.py:914} INFO - Processing file /opt/airflow/dags/retail_sales_pipeline_dag.py for tasks to queue
[2026-05-21T13:06:05.646+0000] {logging_mixin.py:190} INFO - [2026-05-21T13:06:05.645+0000] {dagbag.py:588} INFO - Filling up the DagBag from /opt/airflow/dags/retail_sales_pipeline_dag.py
[2026-05-21T13:06:05.675+0000] {processor.py:925} INFO - DAG(s) 'retail_sales_data_engineering_pipeline' retrieved from /opt/airflow/dags/retail_sales_pipeline_dag.py
[2026-05-21T13:06:05.713+0000] {logging_mixin.py:190} INFO - [2026-05-21T13:06:05.713+0000] {dag.py:3239} INFO - Sync 1 DAGs
[2026-05-21T13:06:05.742+0000] {logging_mixin.py:190} INFO - [2026-05-21T13:06:05.741+0000] {dag.py:4180} INFO - Setting next_dagrun for retail_sales_data_engineering_pipeline to 2026-05-21 00:00:00+00:00, run_after=2026-05-22 00:00:00+00:00
[2026-05-21T13:06:05.763+0000] {processor.py:208} INFO - Processing /opt/airflow/dags/retail_sales_pipeline_dag.py took 0.129 seconds
[2026-05-21T13:06:36.996+0000] {processor.py:186} INFO - Started process (PID=617) to work on /opt/airflow/dags/retail_sales_pipeline_dag.py
[2026-05-21T13:06:36.998+0000] {processor.py:914} INFO - Processing file /opt/airflow/dags/retail_sales_pipeline_dag.py for tasks to queue
[2026-05-21T13:06:37.000+0000] {logging_mixin.py:190} INFO - [2026-05-21T13:06:37.000+0000] {dagbag.py:588} INFO - Filling up the DagBag from /opt/airflow/dags/retail_sales_pipeline_dag.py
[2026-05-21T13:06:37.028+0000] {processor.py:925} INFO - DAG(s) 'retail_sales_data_engineering_pipeline' retrieved from /opt/airflow/dags/retail_sales_pipeline_dag.py
[2026-05-21T13:06:37.066+0000] {logging_mixin.py:190} INFO - [2026-05-21T13:06:37.066+0000] {dag.py:3239} INFO - Sync 1 DAGs
[2026-05-21T13:06:37.093+0000] {logging_mixin.py:190} INFO - [2026-05-21T13:06:37.092+0000] {dag.py:4180} INFO - Setting next_dagrun for retail_sales_data_engineering_pipeline to 2026-05-21 00:00:00+00:00, run_after=2026-05-22 00:00:00+00:00
[2026-05-21T13:06:37.119+0000] {processor.py:208} INFO - Processing /opt/airflow/dags/retail_sales_pipeline_dag.py took 0.129 seconds
[2026-05-21T13:07:08.428+0000] {processor.py:186} INFO - Started process (PID=622) to work on /opt/airflow/dags/retail_sales_pipeline_dag.py
[2026-05-21T13:07:08.430+0000] {processor.py:914} INFO - Processing file /opt/airflow/dags/retail_sales_pipeline_dag.py for tasks to queue
[2026-05-21T13:07:08.433+0000] {logging_mixin.py:190} INFO - [2026-05-21T13:07:08.433+0000] {dagbag.py:588} INFO - Filling up the DagBag from /opt/airflow/dags/retail_sales_pipeline_dag.py
[2026-05-21T13:07:08.460+0000] {processor.py:925} INFO - DAG(s) 'retail_sales_data_engineering_pipeline' retrieved from /opt/airflow/dags/retail_sales_pipeline_dag.py
[2026-05-21T13:07:08.498+0000] {logging_mixin.py:190} INFO - [2026-05-21T13:07:08.498+0000] {dag.py:3239} INFO - Sync 1 DAGs
[2026-05-21T13:07:08.525+0000] {logging_mixin.py:190} INFO - [2026-05-21T13:07:08.525+0000] {dag.py:4180} INFO - Setting next_dagrun for retail_sales_data_engineering_pipeline to 2026-05-21 00:00:00+00:00, run_after=2026-05-22 00:00:00+00:00
[2026-05-21T13:07:08.547+0000] {processor.py:208} INFO - Processing /opt/airflow/dags/retail_sales_pipeline_dag.py took 0.125 seconds
[2026-05-21T13:07:38.840+0000] {processor.py:186} INFO - Started process (PID=627) to work on /opt/airflow/dags/retail_sales_pipeline_dag.py
[2026-05-21T13:07:38.843+0000] {processor.py:914} INFO - Processing file /opt/airflow/dags/retail_sales_pipeline_dag.py for tasks to queue
[2026-05-21T13:07:38.848+0000] {logging_mixin.py:190} INFO - [2026-05-21T13:07:38.848+0000] {dagbag.py:588} INFO - Filling up the DagBag from /opt/airflow/dags/retail_sales_pipeline_dag.py
[2026-05-21T13:07:38.883+0000] {processor.py:925} INFO - DAG(s) 'retail_sales_data_engineering_pipeline' retrieved from /opt/airflow/dags/retail_sales_pipeline_dag.py
[2026-05-21T13:07:38.930+0000] {logging_mixin.py:190} INFO - [2026-05-21T13:07:38.930+0000] {dag.py:3239} INFO - Sync 1 DAGs
[2026-05-21T13:07:38.970+0000] {logging_mixin.py:190} INFO - [2026-05-21T13:07:38.970+0000] {dag.py:4180} INFO - Setting next_dagrun for retail_sales_data_engineering_pipeline to 2026-05-21 00:00:00+00:00, run_after=2026-05-22 00:00:00+00:00
[2026-05-21T13:07:39.003+0000] {processor.py:208} INFO - Processing /opt/airflow/dags/retail_sales_pipeline_dag.py took 0.172 seconds
[2026-05-21T13:08:10.501+0000] {processor.py:186} INFO - Started process (PID=632) to work on /opt/airflow/dags/retail_sales_pipeline_dag.py
[2026-05-21T13:08:10.502+0000] {processor.py:914} INFO - Processing file /opt/airflow/dags/retail_sales_pipeline_dag.py for tasks to queue
[2026-05-21T13:08:10.506+0000] {logging_mixin.py:190} INFO - [2026-05-21T13:08:10.506+0000] {dagbag.py:588} INFO - Filling up the DagBag from /opt/airflow/dags/retail_sales_pipeline_dag.py
[2026-05-21T13:08:10.541+0000] {processor.py:925} INFO - DAG(s) 'retail_sales_data_engineering_pipeline' retrieved from /opt/airflow/dags/retail_sales_pipeline_dag.py
[2026-05-21T13:08:10.586+0000] {logging_mixin.py:190} INFO - [2026-05-21T13:08:10.585+0000] {dag.py:3239} INFO - Sync 1 DAGs
[2026-05-21T13:08:10.620+0000] {logging_mixin.py:190} INFO - [2026-05-21T13:08:10.619+0000] {dag.py:4180} INFO - Setting next_dagrun for retail_sales_data_engineering_pipeline to 2026-05-21 00:00:00+00:00, run_after=2026-05-22 00:00:00+00:00
[2026-05-21T13:08:10.647+0000] {processor.py:208} INFO - Processing /opt/airflow/dags/retail_sales_pipeline_dag.py took 0.155 seconds
[2026-05-21T13:08:40.942+0000] {processor.py:186} INFO - Started process (PID=637) to work on /opt/airflow/dags/retail_sales_pipeline_dag.py
[2026-05-21T13:08:40.945+0000] {processor.py:914} INFO - Processing file /opt/airflow/dags/retail_sales_pipeline_dag.py for tasks to queue
[2026-05-21T13:08:40.950+0000] {logging_mixin.py:190} INFO - [2026-05-21T13:08:40.950+0000] {dagbag.py:588} INFO - Filling up the DagBag from /opt/airflow/dags/retail_sales_pipeline_dag.py
[2026-05-21T13:08:40.991+0000] {processor.py:925} INFO - DAG(s) 'retail_sales_data_engineering_pipeline' retrieved from /opt/airflow/dags/retail_sales_pipeline_dag.py
[2026-05-21T13:08:41.047+0000] {logging_mixin.py:190} INFO - [2026-05-21T13:08:41.047+0000] {dag.py:3239} INFO - Sync 1 DAGs
[2026-05-21T13:08:41.090+0000] {logging_mixin.py:190} INFO - [2026-05-21T13:08:41.090+0000] {dag.py:4180} INFO - Setting next_dagrun for retail_sales_data_engineering_pipeline to 2026-05-21 00:00:00+00:00, run_after=2026-05-22 00:00:00+00:00
[2026-05-21T13:08:41.123+0000] {processor.py:208} INFO - Processing /opt/airflow/dags/retail_sales_pipeline_dag.py took 0.193 seconds
[2026-05-21T13:09:12.425+0000] {processor.py:186} INFO - Started process (PID=642) to work on /opt/airflow/dags/retail_sales_pipeline_dag.py
[2026-05-21T13:09:12.427+0000] {processor.py:914} INFO - Processing file /opt/airflow/dags/retail_sales_pipeline_dag.py for tasks to queue
[2026-05-21T13:09:12.431+0000] {logging_mixin.py:190} INFO - [2026-05-21T13:09:12.430+0000] {dagbag.py:588} INFO - Filling up the DagBag from /opt/airflow/dags/retail_sales_pipeline_dag.py
[2026-05-21T13:09:12.464+0000] {processor.py:925} INFO - DAG(s) 'retail_sales_data_engineering_pipeline' retrieved from /opt/airflow/dags/retail_sales_pipeline_dag.py
[2026-05-21T13:09:12.510+0000] {logging_mixin.py:190} INFO - [2026-05-21T13:09:12.510+0000] {dag.py:3239} INFO - Sync 1 DAGs
[2026-05-21T13:09:12.544+0000] {logging_mixin.py:190} INFO - [2026-05-21T13:09:12.544+0000] {dag.py:4180} INFO - Setting next_dagrun for retail_sales_data_engineering_pipeline to 2026-05-21 00:00:00+00:00, run_after=2026-05-22 00:00:00+00:00
[2026-05-21T13:09:12.570+0000] {processor.py:208} INFO - Processing /opt/airflow/dags/retail_sales_pipeline_dag.py took 0.155 seconds
[2026-05-21T13:09:43.947+0000] {processor.py:186} INFO - Started process (PID=647) to work on /opt/airflow/dags/retail_sales_pipeline_dag.py
[2026-05-21T13:09:43.949+0000] {processor.py:914} INFO - Processing file /opt/airflow/dags/retail_sales_pipeline_dag.py for tasks to queue
[2026-05-21T13:09:43.953+0000] {logging_mixin.py:190} INFO - [2026-05-21T13:09:43.953+0000] {dagbag.py:588} INFO - Filling up the DagBag from /opt/airflow/dags/retail_sales_pipeline_dag.py
[2026-05-21T13:09:43.981+0000] {processor.py:925} INFO - DAG(s) 'retail_sales_data_engineering_pipeline' retrieved from /opt/airflow/dags/retail_sales_pipeline_dag.py
[2026-05-21T13:09:44.019+0000] {logging_mixin.py:190} INFO - [2026-05-21T13:09:44.019+0000] {dag.py:3239} INFO - Sync 1 DAGs
[2026-05-21T13:09:44.069+0000] {logging_mixin.py:190} INFO - [2026-05-21T13:09:44.069+0000] {dag.py:4180} INFO - Setting next_dagrun for retail_sales_data_engineering_pipeline to 2026-05-21 00:00:00+00:00, run_after=2026-05-22 00:00:00+00:00
[2026-05-21T13:09:44.098+0000] {processor.py:208} INFO - Processing /opt/airflow/dags/retail_sales_pipeline_dag.py took 0.159 seconds
[2026-05-21T13:10:14.352+0000] {processor.py:186} INFO - Started process (PID=652) to work on /opt/airflow/dags/retail_sales_pipeline_dag.py
[2026-05-21T13:10:14.354+0000] {processor.py:914} INFO - Processing file /opt/airflow/dags/retail_sales_pipeline_dag.py for tasks to queue
[2026-05-21T13:10:14.358+0000] {logging_mixin.py:190} INFO - [2026-05-21T13:10:14.358+0000] {dagbag.py:588} INFO - Filling up the DagBag from /opt/airflow/dags/retail_sales_pipeline_dag.py
[2026-05-21T13:10:14.384+0000] {processor.py:925} INFO - DAG(s) 'retail_sales_data_engineering_pipeline' retrieved from /opt/airflow/dags/retail_sales_pipeline_dag.py
[2026-05-21T13:10:14.420+0000] {logging_mixin.py:190} INFO - [2026-05-21T13:10:14.420+0000] {dag.py:3239} INFO - Sync 1 DAGs
[2026-05-21T13:10:14.443+0000] {logging_mixin.py:190} INFO - [2026-05-21T13:10:14.443+0000] {dag.py:4180} INFO - Setting next_dagrun for retail_sales_data_engineering_pipeline to 2026-05-21 00:00:00+00:00, run_after=2026-05-22 00:00:00+00:00
[2026-05-21T13:10:14.465+0000] {processor.py:208} INFO - Processing /opt/airflow/dags/retail_sales_pipeline_dag.py took 0.120 seconds
[2026-05-21T13:10:45.876+0000] {processor.py:186} INFO - Started process (PID=657) to work on /opt/airflow/dags/retail_sales_pipeline_dag.py
[2026-05-21T13:10:45.878+0000] {processor.py:914} INFO - Processing file /opt/airflow/dags/retail_sales_pipeline_dag.py for tasks to queue
[2026-05-21T13:10:45.881+0000] {logging_mixin.py:190} INFO - [2026-05-21T13:10:45.880+0000] {dagbag.py:588} INFO - Filling up the DagBag from /opt/airflow/dags/retail_sales_pipeline_dag.py
[2026-05-21T13:10:45.908+0000] {processor.py:925} INFO - DAG(s) 'retail_sales_data_engineering_pipeline' retrieved from /opt/airflow/dags/retail_sales_pipeline_dag.py
[2026-05-21T13:10:45.943+0000] {logging_mixin.py:190} INFO - [2026-05-21T13:10:45.942+0000] {dag.py:3239} INFO - Sync 1 DAGs
[2026-05-21T13:10:45.966+0000] {logging_mixin.py:190} INFO - [2026-05-21T13:10:45.966+0000] {dag.py:4180} INFO - Setting next_dagrun for retail_sales_data_engineering_pipeline to 2026-05-21 00:00:00+00:00, run_after=2026-05-22 00:00:00+00:00
[2026-05-21T13:10:45.988+0000] {processor.py:208} INFO - Processing /opt/airflow/dags/retail_sales_pipeline_dag.py took 0.119 seconds
[2026-05-21T13:11:17.267+0000] {processor.py:186} INFO - Started process (PID=662) to work on /opt/airflow/dags/retail_sales_pipeline_dag.py
[2026-05-21T13:11:17.270+0000] {processor.py:914} INFO - Processing file /opt/airflow/dags/retail_sales_pipeline_dag.py for tasks to queue
[2026-05-21T13:11:17.274+0000] {logging_mixin.py:190} INFO - [2026-05-21T13:11:17.273+0000] {dagbag.py:588} INFO - Filling up the DagBag from /opt/airflow/dags/retail_sales_pipeline_dag.py
[2026-05-21T13:11:17.300+0000] {processor.py:925} INFO - DAG(s) 'retail_sales_data_engineering_pipeline' retrieved from /opt/airflow/dags/retail_sales_pipeline_dag.py
[2026-05-21T13:11:17.334+0000] {logging_mixin.py:190} INFO - [2026-05-21T13:11:17.334+0000] {dag.py:3239} INFO - Sync 1 DAGs
[2026-05-21T13:11:17.359+0000] {logging_mixin.py:190} INFO - [2026-05-21T13:11:17.359+0000] {dag.py:4180} INFO - Setting next_dagrun for retail_sales_data_engineering_pipeline to 2026-05-21 00:00:00+00:00, run_after=2026-05-22 00:00:00+00:00
[2026-05-21T13:11:17.379+0000] {processor.py:208} INFO - Processing /opt/airflow/dags/retail_sales_pipeline_dag.py took 0.118 seconds
[2026-05-21T13:11:48.122+0000] {processor.py:186} INFO - Started process (PID=667) to work on /opt/airflow/dags/retail_sales_pipeline_dag.py
[2026-05-21T13:11:48.123+0000] {processor.py:914} INFO - Processing file /opt/airflow/dags/retail_sales_pipeline_dag.py for tasks to queue
[2026-05-21T13:11:48.126+0000] {logging_mixin.py:190} INFO - [2026-05-21T13:11:48.126+0000] {dagbag.py:588} INFO - Filling up the DagBag from /opt/airflow/dags/retail_sales_pipeline_dag.py
[2026-05-21T13:11:48.150+0000] {processor.py:925} INFO - DAG(s) 'retail_sales_data_engineering_pipeline' retrieved from /opt/airflow/dags/retail_sales_pipeline_dag.py
[2026-05-21T13:11:48.188+0000] {logging_mixin.py:190} INFO - [2026-05-21T13:11:48.188+0000] {dag.py:3239} INFO - Sync 1 DAGs
[2026-05-21T13:11:48.214+0000] {logging_mixin.py:190} INFO - [2026-05-21T13:11:48.213+0000] {dag.py:4180} INFO - Setting next_dagrun for retail_sales_data_engineering_pipeline to 2026-05-21 00:00:00+00:00, run_after=2026-05-22 00:00:00+00:00
[2026-05-21T13:11:48.234+0000] {processor.py:208} INFO - Processing /opt/airflow/dags/retail_sales_pipeline_dag.py took 0.119 seconds
[2026-05-21T13:12:18.794+0000] {processor.py:186} INFO - Started process (PID=672) to work on /opt/airflow/dags/retail_sales_pipeline_dag.py
[2026-05-21T13:12:18.795+0000] {processor.py:914} INFO - Processing file /opt/airflow/dags/retail_sales_pipeline_dag.py for tasks to queue
[2026-05-21T13:12:18.797+0000] {logging_mixin.py:190} INFO - [2026-05-21T13:12:18.797+0000] {dagbag.py:588} INFO - Filling up the DagBag from /opt/airflow/dags/retail_sales_pipeline_dag.py
[2026-05-21T13:12:18.822+0000] {processor.py:925} INFO - DAG(s) 'retail_sales_data_engineering_pipeline' retrieved from /opt/airflow/dags/retail_sales_pipeline_dag.py
[2026-05-21T13:12:18.855+0000] {logging_mixin.py:190} INFO - [2026-05-21T13:12:18.854+0000] {dag.py:3239} INFO - Sync 1 DAGs
[2026-05-21T13:12:18.882+0000] {logging_mixin.py:190} INFO - [2026-05-21T13:12:18.881+0000] {dag.py:4180} INFO - Setting next_dagrun for retail_sales_data_engineering_pipeline to 2026-05-21 00:00:00+00:00, run_after=2026-05-22 00:00:00+00:00
[2026-05-21T13:12:18.902+0000] {processor.py:208} INFO - Processing /opt/airflow/dags/retail_sales_pipeline_dag.py took 0.115 seconds
[2026-05-21T13:12:50.213+0000] {processor.py:186} INFO - Started process (PID=677) to work on /opt/airflow/dags/retail_sales_pipeline_dag.py
[2026-05-21T13:12:50.214+0000] {processor.py:914} INFO - Processing file /opt/airflow/dags/retail_sales_pipeline_dag.py for tasks to queue
[2026-05-21T13:12:50.217+0000] {logging_mixin.py:190} INFO - [2026-05-21T13:12:50.217+0000] {dagbag.py:588} INFO - Filling up the DagBag from /opt/airflow/dags/retail_sales_pipeline_dag.py
[2026-05-21T13:12:50.242+0000] {processor.py:925} INFO - DAG(s) 'retail_sales_data_engineering_pipeline' retrieved from /opt/airflow/dags/retail_sales_pipeline_dag.py
[2026-05-21T13:12:50.278+0000] {logging_mixin.py:190} INFO - [2026-05-21T13:12:50.278+0000] {dag.py:3239} INFO - Sync 1 DAGs
[2026-05-21T13:12:50.304+0000] {logging_mixin.py:190} INFO - [2026-05-21T13:12:50.303+0000] {dag.py:4180} INFO - Setting next_dagrun for retail_sales_data_engineering_pipeline to 2026-05-21 00:00:00+00:00, run_after=2026-05-22 00:00:00+00:00
[2026-05-21T13:12:50.325+0000] {processor.py:208} INFO - Processing /opt/airflow/dags/retail_sales_pipeline_dag.py took 0.118 seconds
[2026-05-21T13:13:21.589+0000] {processor.py:186} INFO - Started process (PID=682) to work on /opt/airflow/dags/retail_sales_pipeline_dag.py
[2026-05-21T13:13:21.590+0000] {processor.py:914} INFO - Processing file /opt/airflow/dags/retail_sales_pipeline_dag.py for tasks to queue
[2026-05-21T13:13:21.594+0000] {logging_mixin.py:190} INFO - [2026-05-21T13:13:21.593+0000] {dagbag.py:588} INFO - Filling up the DagBag from /opt/airflow/dags/retail_sales_pipeline_dag.py
[2026-05-21T13:13:21.621+0000] {processor.py:925} INFO - DAG(s) 'retail_sales_data_engineering_pipeline' retrieved from /opt/airflow/dags/retail_sales_pipeline_dag.py
[2026-05-21T13:13:21.656+0000] {logging_mixin.py:190} INFO - [2026-05-21T13:13:21.655+0000] {dag.py:3239} INFO - Sync 1 DAGs
[2026-05-21T13:13:21.681+0000] {logging_mixin.py:190} INFO - [2026-05-21T13:13:21.681+0000] {dag.py:4180} INFO - Setting next_dagrun for retail_sales_data_engineering_pipeline to 2026-05-21 00:00:00+00:00, run_after=2026-05-22 00:00:00+00:00
[2026-05-21T13:13:21.704+0000] {processor.py:208} INFO - Processing /opt/airflow/dags/retail_sales_pipeline_dag.py took 0.121 seconds
[2026-05-21T13:13:51.973+0000] {processor.py:186} INFO - Started process (PID=687) to work on /opt/airflow/dags/retail_sales_pipeline_dag.py
[2026-05-21T13:13:51.975+0000] {processor.py:914} INFO - Processing file /opt/airflow/dags/retail_sales_pipeline_dag.py for tasks to queue
[2026-05-21T13:13:51.979+0000] {logging_mixin.py:190} INFO - [2026-05-21T13:13:51.978+0000] {dagbag.py:588} INFO - Filling up the DagBag from /opt/airflow/dags/retail_sales_pipeline_dag.py
[2026-05-21T13:13:52.005+0000] {processor.py:925} INFO - DAG(s) 'retail_sales_data_engineering_pipeline' retrieved from /opt/airflow/dags/retail_sales_pipeline_dag.py
[2026-05-21T13:13:52.047+0000] {logging_mixin.py:190} INFO - [2026-05-21T13:13:52.047+0000] {dag.py:3239} INFO - Sync 1 DAGs
[2026-05-21T13:13:52.073+0000] {logging_mixin.py:190} INFO - [2026-05-21T13:13:52.073+0000] {dag.py:4180} INFO - Setting next_dagrun for retail_sales_data_engineering_pipeline to 2026-05-21 00:00:00+00:00, run_after=2026-05-22 00:00:00+00:00
[2026-05-21T13:13:52.096+0000] {processor.py:208} INFO - Processing /opt/airflow/dags/retail_sales_pipeline_dag.py took 0.129 seconds
[2026-05-21T13:14:23.416+0000] {processor.py:186} INFO - Started process (PID=692) to work on /opt/airflow/dags/retail_sales_pipeline_dag.py
[2026-05-21T13:14:23.418+0000] {processor.py:914} INFO - Processing file /opt/airflow/dags/retail_sales_pipeline_dag.py for tasks to queue
[2026-05-21T13:14:23.422+0000] {logging_mixin.py:190} INFO - [2026-05-21T13:14:23.422+0000] {dagbag.py:588} INFO - Filling up the DagBag from /opt/airflow/dags/retail_sales_pipeline_dag.py
[2026-05-21T13:14:23.452+0000] {processor.py:925} INFO - DAG(s) 'retail_sales_data_engineering_pipeline' retrieved from /opt/airflow/dags/retail_sales_pipeline_dag.py
[2026-05-21T13:14:23.491+0000] {logging_mixin.py:190} INFO - [2026-05-21T13:14:23.491+0000] {dag.py:3239} INFO - Sync 1 DAGs
[2026-05-21T13:14:23.517+0000] {logging_mixin.py:190} INFO - [2026-05-21T13:14:23.517+0000] {dag.py:4180} INFO - Setting next_dagrun for retail_sales_data_engineering_pipeline to 2026-05-21 00:00:00+00:00, run_after=2026-05-22 00:00:00+00:00
[2026-05-21T13:14:23.538+0000] {processor.py:208} INFO - Processing /opt/airflow/dags/retail_sales_pipeline_dag.py took 0.130 seconds
[2026-05-21T13:14:54.773+0000] {processor.py:186} INFO - Started process (PID=697) to work on /opt/airflow/dags/retail_sales_pipeline_dag.py
[2026-05-21T13:14:54.775+0000] {processor.py:914} INFO - Processing file /opt/airflow/dags/retail_sales_pipeline_dag.py for tasks to queue
[2026-05-21T13:14:54.778+0000] {logging_mixin.py:190} INFO - [2026-05-21T13:14:54.778+0000] {dagbag.py:588} INFO - Filling up the DagBag from /opt/airflow/dags/retail_sales_pipeline_dag.py
[2026-05-21T13:14:54.802+0000] {processor.py:925} INFO - DAG(s) 'retail_sales_data_engineering_pipeline' retrieved from /opt/airflow/dags/retail_sales_pipeline_dag.py
[2026-05-21T13:14:54.837+0000] {logging_mixin.py:190} INFO - [2026-05-21T13:14:54.836+0000] {dag.py:3239} INFO - Sync 1 DAGs
[2026-05-21T13:14:54.865+0000] {logging_mixin.py:190} INFO - [2026-05-21T13:14:54.865+0000] {dag.py:4180} INFO - Setting next_dagrun for retail_sales_data_engineering_pipeline to 2026-05-21 00:00:00+00:00, run_after=2026-05-22 00:00:00+00:00
[2026-05-21T13:14:54.886+0000] {processor.py:208} INFO - Processing /opt/airflow/dags/retail_sales_pipeline_dag.py took 0.121 seconds
[2026-05-21T13:15:26.115+0000] {processor.py:186} INFO - Started process (PID=702) to work on /opt/airflow/dags/retail_sales_pipeline_dag.py
[2026-05-21T13:15:26.116+0000] {processor.py:914} INFO - Processing file /opt/airflow/dags/retail_sales_pipeline_dag.py for tasks to queue
[2026-05-21T13:15:26.120+0000] {logging_mixin.py:190} INFO - [2026-05-21T13:15:26.119+0000] {dagbag.py:588} INFO - Filling up the DagBag from /opt/airflow/dags/retail_sales_pipeline_dag.py
[2026-05-21T13:15:26.146+0000] {processor.py:925} INFO - DAG(s) 'retail_sales_data_engineering_pipeline' retrieved from /opt/airflow/dags/retail_sales_pipeline_dag.py
[2026-05-21T13:15:26.182+0000] {logging_mixin.py:190} INFO - [2026-05-21T13:15:26.182+0000] {dag.py:3239} INFO - Sync 1 DAGs
[2026-05-21T13:15:26.210+0000] {logging_mixin.py:190} INFO - [2026-05-21T13:15:26.209+0000] {dag.py:4180} INFO - Setting next_dagrun for retail_sales_data_engineering_pipeline to 2026-05-21 00:00:00+00:00, run_after=2026-05-22 00:00:00+00:00
[2026-05-21T13:15:26.233+0000] {processor.py:208} INFO - Processing /opt/airflow/dags/retail_sales_pipeline_dag.py took 0.124 seconds
[2026-05-21T13:15:57.435+0000] {processor.py:186} INFO - Started process (PID=707) to work on /opt/airflow/dags/retail_sales_pipeline_dag.py
[2026-05-21T13:15:57.436+0000] {processor.py:914} INFO - Processing file /opt/airflow/dags/retail_sales_pipeline_dag.py for tasks to queue
[2026-05-21T13:15:57.439+0000] {logging_mixin.py:190} INFO - [2026-05-21T13:15:57.439+0000] {dagbag.py:588} INFO - Filling up the DagBag from /opt/airflow/dags/retail_sales_pipeline_dag.py
[2026-05-21T13:15:57.469+0000] {processor.py:925} INFO - DAG(s) 'retail_sales_data_engineering_pipeline' retrieved from /opt/airflow/dags/retail_sales_pipeline_dag.py
[2026-05-21T13:15:57.509+0000] {logging_mixin.py:190} INFO - [2026-05-21T13:15:57.508+0000] {dag.py:3239} INFO - Sync 1 DAGs
[2026-05-21T13:15:57.536+0000] {logging_mixin.py:190} INFO - [2026-05-21T13:15:57.535+0000] {dag.py:4180} INFO - Setting next_dagrun for retail_sales_data_engineering_pipeline to 2026-05-21 00:00:00+00:00, run_after=2026-05-22 00:00:00+00:00
[2026-05-21T13:15:57.557+0000] {processor.py:208} INFO - Processing /opt/airflow/dags/retail_sales_pipeline_dag.py took 0.129 seconds
[2026-05-21T13:16:28.009+0000] {processor.py:186} INFO - Started process (PID=712) to work on /opt/airflow/dags/retail_sales_pipeline_dag.py
[2026-05-21T13:16:28.011+0000] {processor.py:914} INFO - Processing file /opt/airflow/dags/retail_sales_pipeline_dag.py for tasks to queue
[2026-05-21T13:16:28.014+0000] {logging_mixin.py:190} INFO - [2026-05-21T13:16:28.014+0000] {dagbag.py:588} INFO - Filling up the DagBag from /opt/airflow/dags/retail_sales_pipeline_dag.py
[2026-05-21T13:16:28.046+0000] {processor.py:925} INFO - DAG(s) 'retail_sales_data_engineering_pipeline' retrieved from /opt/airflow/dags/retail_sales_pipeline_dag.py
[2026-05-21T13:16:28.093+0000] {logging_mixin.py:190} INFO - [2026-05-21T13:16:28.092+0000] {dag.py:3239} INFO - Sync 1 DAGs
[2026-05-21T13:16:28.156+0000] {logging_mixin.py:190} INFO - [2026-05-21T13:16:28.156+0000] {dag.py:4180} INFO - Setting next_dagrun for retail_sales_data_engineering_pipeline to 2026-05-21 00:00:00+00:00, run_after=2026-05-22 00:00:00+00:00
[2026-05-21T13:16:28.194+0000] {processor.py:208} INFO - Processing /opt/airflow/dags/retail_sales_pipeline_dag.py took 0.197 seconds
[2026-05-21T13:16:59.294+0000] {processor.py:186} INFO - Started process (PID=717) to work on /opt/airflow/dags/retail_sales_pipeline_dag.py
[2026-05-21T13:16:59.295+0000] {processor.py:914} INFO - Processing file /opt/airflow/dags/retail_sales_pipeline_dag.py for tasks to queue
[2026-05-21T13:16:59.298+0000] {logging_mixin.py:190} INFO - [2026-05-21T13:16:59.298+0000] {dagbag.py:588} INFO - Filling up the DagBag from /opt/airflow/dags/retail_sales_pipeline_dag.py
[2026-05-21T13:16:59.324+0000] {processor.py:925} INFO - DAG(s) 'retail_sales_data_engineering_pipeline' retrieved from /opt/airflow/dags/retail_sales_pipeline_dag.py
[2026-05-21T13:16:59.361+0000] {logging_mixin.py:190} INFO - [2026-05-21T13:16:59.361+0000] {dag.py:3239} INFO - Sync 1 DAGs
[2026-05-21T13:16:59.388+0000] {logging_mixin.py:190} INFO - [2026-05-21T13:16:59.387+0000] {dag.py:4180} INFO - Setting next_dagrun for retail_sales_data_engineering_pipeline to 2026-05-21 00:00:00+00:00, run_after=2026-05-22 00:00:00+00:00
[2026-05-21T13:16:59.408+0000] {processor.py:208} INFO - Processing /opt/airflow/dags/retail_sales_pipeline_dag.py took 0.124 seconds
[2026-05-21T13:17:30.654+0000] {processor.py:186} INFO - Started process (PID=722) to work on /opt/airflow/dags/retail_sales_pipeline_dag.py
[2026-05-21T13:17:30.655+0000] {processor.py:914} INFO - Processing file /opt/airflow/dags/retail_sales_pipeline_dag.py for tasks to queue
[2026-05-21T13:17:30.658+0000] {logging_mixin.py:190} INFO - [2026-05-21T13:17:30.658+0000] {dagbag.py:588} INFO - Filling up the DagBag from /opt/airflow/dags/retail_sales_pipeline_dag.py
[2026-05-21T13:17:30.685+0000] {processor.py:925} INFO - DAG(s) 'retail_sales_data_engineering_pipeline' retrieved from /opt/airflow/dags/retail_sales_pipeline_dag.py
[2026-05-21T13:17:30.718+0000] {logging_mixin.py:190} INFO - [2026-05-21T13:17:30.718+0000] {dag.py:3239} INFO - Sync 1 DAGs
[2026-05-21T13:17:30.743+0000] {logging_mixin.py:190} INFO - [2026-05-21T13:17:30.743+0000] {dag.py:4180} INFO - Setting next_dagrun for retail_sales_data_engineering_pipeline to 2026-05-21 00:00:00+00:00, run_after=2026-05-22 00:00:00+00:00
[2026-05-21T13:17:30.764+0000] {processor.py:208} INFO - Processing /opt/airflow/dags/retail_sales_pipeline_dag.py took 0.116 seconds
[2026-05-21T13:18:01.081+0000] {processor.py:186} INFO - Started process (PID=727) to work on /opt/airflow/dags/retail_sales_pipeline_dag.py
[2026-05-21T13:18:01.083+0000] {processor.py:914} INFO - Processing file /opt/airflow/dags/retail_sales_pipeline_dag.py for tasks to queue
[2026-05-21T13:18:01.086+0000] {logging_mixin.py:190} INFO - [2026-05-21T13:18:01.085+0000] {dagbag.py:588} INFO - Filling up the DagBag from /opt/airflow/dags/retail_sales_pipeline_dag.py
[2026-05-21T13:18:01.110+0000] {processor.py:925} INFO - DAG(s) 'retail_sales_data_engineering_pipeline' retrieved from /opt/airflow/dags/retail_sales_pipeline_dag.py
[2026-05-21T13:18:01.145+0000] {logging_mixin.py:190} INFO - [2026-05-21T13:18:01.145+0000] {dag.py:3239} INFO - Sync 1 DAGs
[2026-05-21T13:18:01.173+0000] {logging_mixin.py:190} INFO - [2026-05-21T13:18:01.173+0000] {dag.py:4180} INFO - Setting next_dagrun for retail_sales_data_engineering_pipeline to 2026-05-21 00:00:00+00:00, run_after=2026-05-22 00:00:00+00:00
[2026-05-21T13:18:01.193+0000] {processor.py:208} INFO - Processing /opt/airflow/dags/retail_sales_pipeline_dag.py took 0.119 seconds
[2026-05-21T13:18:32.435+0000] {processor.py:186} INFO - Started process (PID=732) to work on /opt/airflow/dags/retail_sales_pipeline_dag.py
[2026-05-21T13:18:32.436+0000] {processor.py:914} INFO - Processing file /opt/airflow/dags/retail_sales_pipeline_dag.py for tasks to queue
[2026-05-21T13:18:32.440+0000] {logging_mixin.py:190} INFO - [2026-05-21T13:18:32.439+0000] {dagbag.py:588} INFO - Filling up the DagBag from /opt/airflow/dags/retail_sales_pipeline_dag.py
[2026-05-21T13:18:32.464+0000] {processor.py:925} INFO - DAG(s) 'retail_sales_data_engineering_pipeline' retrieved from /opt/airflow/dags/retail_sales_pipeline_dag.py
[2026-05-21T13:18:32.502+0000] {logging_mixin.py:190} INFO - [2026-05-21T13:18:32.502+0000] {dag.py:3239} INFO - Sync 1 DAGs
[2026-05-21T13:18:32.529+0000] {logging_mixin.py:190} INFO - [2026-05-21T13:18:32.529+0000] {dag.py:4180} INFO - Setting next_dagrun for retail_sales_data_engineering_pipeline to 2026-05-21 00:00:00+00:00, run_after=2026-05-22 00:00:00+00:00
[2026-05-21T13:18:32.550+0000] {processor.py:208} INFO - Processing /opt/airflow/dags/retail_sales_pipeline_dag.py took 0.122 seconds
[2026-05-21T13:19:03.728+0000] {processor.py:186} INFO - Started process (PID=737) to work on /opt/airflow/dags/retail_sales_pipeline_dag.py
[2026-05-21T13:19:03.730+0000] {processor.py:914} INFO - Processing file /opt/airflow/dags/retail_sales_pipeline_dag.py for tasks to queue
[2026-05-21T13:19:03.733+0000] {logging_mixin.py:190} INFO - [2026-05-21T13:19:03.733+0000] {dagbag.py:588} INFO - Filling up the DagBag from /opt/airflow/dags/retail_sales_pipeline_dag.py
[2026-05-21T13:19:03.759+0000] {processor.py:925} INFO - DAG(s) 'retail_sales_data_engineering_pipeline' retrieved from /opt/airflow/dags/retail_sales_pipeline_dag.py
[2026-05-21T13:19:03.791+0000] {logging_mixin.py:190} INFO - [2026-05-21T13:19:03.791+0000] {dag.py:3239} INFO - Sync 1 DAGs
[2026-05-21T13:19:03.815+0000] {logging_mixin.py:190} INFO - [2026-05-21T13:19:03.815+0000] {dag.py:4180} INFO - Setting next_dagrun for retail_sales_data_engineering_pipeline to 2026-05-21 00:00:00+00:00, run_after=2026-05-22 00:00:00+00:00
[2026-05-21T13:19:03.836+0000] {processor.py:208} INFO - Processing /opt/airflow/dags/retail_sales_pipeline_dag.py took 0.115 seconds
[2026-05-21T13:19:34.584+0000] {processor.py:186} INFO - Started process (PID=742) to work on /opt/airflow/dags/retail_sales_pipeline_dag.py
[2026-05-21T13:19:34.586+0000] {processor.py:914} INFO - Processing file /opt/airflow/dags/retail_sales_pipeline_dag.py for tasks to queue
[2026-05-21T13:19:34.590+0000] {logging_mixin.py:190} INFO - [2026-05-21T13:19:34.590+0000] {dagbag.py:588} INFO - Filling up the DagBag from /opt/airflow/dags/retail_sales_pipeline_dag.py
[2026-05-21T13:19:34.616+0000] {processor.py:925} INFO - DAG(s) 'retail_sales_data_engineering_pipeline' retrieved from /opt/airflow/dags/retail_sales_pipeline_dag.py
[2026-05-21T13:19:34.650+0000] {logging_mixin.py:190} INFO - [2026-05-21T13:19:34.650+0000] {dag.py:3239} INFO - Sync 1 DAGs
[2026-05-21T13:19:34.678+0000] {logging_mixin.py:190} INFO - [2026-05-21T13:19:34.678+0000] {dag.py:4180} INFO - Setting next_dagrun for retail_sales_data_engineering_pipeline to 2026-05-21 00:00:00+00:00, run_after=2026-05-22 00:00:00+00:00
[2026-05-21T13:19:34.701+0000] {processor.py:208} INFO - Processing /opt/airflow/dags/retail_sales_pipeline_dag.py took 0.123 seconds
[2026-05-21T13:20:05.476+0000] {processor.py:186} INFO - Started process (PID=747) to work on /opt/airflow/dags/retail_sales_pipeline_dag.py
[2026-05-21T13:20:05.478+0000] {processor.py:914} INFO - Processing file /opt/airflow/dags/retail_sales_pipeline_dag.py for tasks to queue
[2026-05-21T13:20:05.482+0000] {logging_mixin.py:190} INFO - [2026-05-21T13:20:05.481+0000] {dagbag.py:588} INFO - Filling up the DagBag from /opt/airflow/dags/retail_sales_pipeline_dag.py
[2026-05-21T13:20:05.505+0000] {processor.py:925} INFO - DAG(s) 'retail_sales_data_engineering_pipeline' retrieved from /opt/airflow/dags/retail_sales_pipeline_dag.py
[2026-05-21T13:20:05.539+0000] {logging_mixin.py:190} INFO - [2026-05-21T13:20:05.539+0000] {dag.py:3239} INFO - Sync 1 DAGs
[2026-05-21T13:20:05.566+0000] {logging_mixin.py:190} INFO - [2026-05-21T13:20:05.565+0000] {dag.py:4180} INFO - Setting next_dagrun for retail_sales_data_engineering_pipeline to 2026-05-21 00:00:00+00:00, run_after=2026-05-22 00:00:00+00:00
[2026-05-21T13:20:05.586+0000] {processor.py:208} INFO - Processing /opt/airflow/dags/retail_sales_pipeline_dag.py took 0.118 seconds
[2026-05-21T13:20:36.928+0000] {processor.py:186} INFO - Started process (PID=752) to work on /opt/airflow/dags/retail_sales_pipeline_dag.py
[2026-05-21T13:20:36.929+0000] {processor.py:914} INFO - Processing file /opt/airflow/dags/retail_sales_pipeline_dag.py for tasks to queue
[2026-05-21T13:20:36.933+0000] {logging_mixin.py:190} INFO - [2026-05-21T13:20:36.933+0000] {dagbag.py:588} INFO - Filling up the DagBag from /opt/airflow/dags/retail_sales_pipeline_dag.py
[2026-05-21T13:20:36.960+0000] {processor.py:925} INFO - DAG(s) 'retail_sales_data_engineering_pipeline' retrieved from /opt/airflow/dags/retail_sales_pipeline_dag.py
[2026-05-21T13:20:36.997+0000] {logging_mixin.py:190} INFO - [2026-05-21T13:20:36.996+0000] {dag.py:3239} INFO - Sync 1 DAGs
[2026-05-21T13:20:37.023+0000] {logging_mixin.py:190} INFO - [2026-05-21T13:20:37.022+0000] {dag.py:4180} INFO - Setting next_dagrun for retail_sales_data_engineering_pipeline to 2026-05-21 00:00:00+00:00, run_after=2026-05-22 00:00:00+00:00
[2026-05-21T13:20:37.044+0000] {processor.py:208} INFO - Processing /opt/airflow/dags/retail_sales_pipeline_dag.py took 0.122 seconds
[2026-05-21T13:21:08.400+0000] {processor.py:186} INFO - Started process (PID=757) to work on /opt/airflow/dags/retail_sales_pipeline_dag.py
[2026-05-21T13:21:08.402+0000] {processor.py:914} INFO - Processing file /opt/airflow/dags/retail_sales_pipeline_dag.py for tasks to queue
[2026-05-21T13:21:08.407+0000] {logging_mixin.py:190} INFO - [2026-05-21T13:21:08.406+0000] {dagbag.py:588} INFO - Filling up the DagBag from /opt/airflow/dags/retail_sales_pipeline_dag.py
[2026-05-21T13:21:08.437+0000] {processor.py:925} INFO - DAG(s) 'retail_sales_data_engineering_pipeline' retrieved from /opt/airflow/dags/retail_sales_pipeline_dag.py
[2026-05-21T13:21:08.473+0000] {logging_mixin.py:190} INFO - [2026-05-21T13:21:08.473+0000] {dag.py:3239} INFO - Sync 1 DAGs
[2026-05-21T13:21:08.500+0000] {logging_mixin.py:190} INFO - [2026-05-21T13:21:08.500+0000] {dag.py:4180} INFO - Setting next_dagrun for retail_sales_data_engineering_pipeline to 2026-05-21 00:00:00+00:00, run_after=2026-05-22 00:00:00+00:00
[2026-05-21T13:21:08.519+0000] {processor.py:208} INFO - Processing /opt/airflow/dags/retail_sales_pipeline_dag.py took 0.127 seconds
[2026-05-21T13:21:39.688+0000] {processor.py:186} INFO - Started process (PID=762) to work on /opt/airflow/dags/retail_sales_pipeline_dag.py
[2026-05-21T13:21:39.689+0000] {processor.py:914} INFO - Processing file /opt/airflow/dags/retail_sales_pipeline_dag.py for tasks to queue
[2026-05-21T13:21:39.693+0000] {logging_mixin.py:190} INFO - [2026-05-21T13:21:39.693+0000] {dagbag.py:588} INFO - Filling up the DagBag from /opt/airflow/dags/retail_sales_pipeline_dag.py
[2026-05-21T13:21:39.718+0000] {processor.py:925} INFO - DAG(s) 'retail_sales_data_engineering_pipeline' retrieved from /opt/airflow/dags/retail_sales_pipeline_dag.py
[2026-05-21T13:21:39.754+0000] {logging_mixin.py:190} INFO - [2026-05-21T13:21:39.754+0000] {dag.py:3239} INFO - Sync 1 DAGs
[2026-05-21T13:21:39.778+0000] {logging_mixin.py:190} INFO - [2026-05-21T13:21:39.778+0000] {dag.py:4180} INFO - Setting next_dagrun for retail_sales_data_engineering_pipeline to 2026-05-21 00:00:00+00:00, run_after=2026-05-22 00:00:00+00:00
[2026-05-21T13:21:39.798+0000] {processor.py:208} INFO - Processing /opt/airflow/dags/retail_sales_pipeline_dag.py took 0.116 seconds
[2026-05-21T13:22:10.134+0000] {processor.py:186} INFO - Started process (PID=767) to work on /opt/airflow/dags/retail_sales_pipeline_dag.py
[2026-05-21T13:22:10.135+0000] {processor.py:914} INFO - Processing file /opt/airflow/dags/retail_sales_pipeline_dag.py for tasks to queue
[2026-05-21T13:22:10.139+0000] {logging_mixin.py:190} INFO - [2026-05-21T13:22:10.138+0000] {dagbag.py:588} INFO - Filling up the DagBag from /opt/airflow/dags/retail_sales_pipeline_dag.py
[2026-05-21T13:22:10.164+0000] {processor.py:925} INFO - DAG(s) 'retail_sales_data_engineering_pipeline' retrieved from /opt/airflow/dags/retail_sales_pipeline_dag.py
[2026-05-21T13:22:10.194+0000] {logging_mixin.py:190} INFO - [2026-05-21T13:22:10.194+0000] {dag.py:3239} INFO - Sync 1 DAGs
[2026-05-21T13:22:10.221+0000] {logging_mixin.py:190} INFO - [2026-05-21T13:22:10.220+0000] {dag.py:4180} INFO - Setting next_dagrun for retail_sales_data_engineering_pipeline to 2026-05-21 00:00:00+00:00, run_after=2026-05-22 00:00:00+00:00
[2026-05-21T13:22:10.245+0000] {processor.py:208} INFO - Processing /opt/airflow/dags/retail_sales_pipeline_dag.py took 0.118 seconds
[2026-05-21T13:22:41.492+0000] {processor.py:186} INFO - Started process (PID=772) to work on /opt/airflow/dags/retail_sales_pipeline_dag.py
[2026-05-21T13:22:41.494+0000] {processor.py:914} INFO - Processing file /opt/airflow/dags/retail_sales_pipeline_dag.py for tasks to queue
[2026-05-21T13:22:41.497+0000] {logging_mixin.py:190} INFO - [2026-05-21T13:22:41.497+0000] {dagbag.py:588} INFO - Filling up the DagBag from /opt/airflow/dags/retail_sales_pipeline_dag.py
[2026-05-21T13:22:41.524+0000] {processor.py:925} INFO - DAG(s) 'retail_sales_data_engineering_pipeline' retrieved from /opt/airflow/dags/retail_sales_pipeline_dag.py
[2026-05-21T13:22:41.559+0000] {logging_mixin.py:190} INFO - [2026-05-21T13:22:41.559+0000] {dag.py:3239} INFO - Sync 1 DAGs
[2026-05-21T13:22:41.588+0000] {logging_mixin.py:190} INFO - [2026-05-21T13:22:41.588+0000] {dag.py:4180} INFO - Setting next_dagrun for retail_sales_data_engineering_pipeline to 2026-05-21 00:00:00+00:00, run_after=2026-05-22 00:00:00+00:00
[2026-05-21T13:22:41.610+0000] {processor.py:208} INFO - Processing /opt/airflow/dags/retail_sales_pipeline_dag.py took 0.126 seconds
[2026-05-21T13:23:12.895+0000] {processor.py:186} INFO - Started process (PID=777) to work on /opt/airflow/dags/retail_sales_pipeline_dag.py
[2026-05-21T13:23:12.896+0000] {processor.py:914} INFO - Processing file /opt/airflow/dags/retail_sales_pipeline_dag.py for tasks to queue
[2026-05-21T13:23:12.900+0000] {logging_mixin.py:190} INFO - [2026-05-21T13:23:12.900+0000] {dagbag.py:588} INFO - Filling up the DagBag from /opt/airflow/dags/retail_sales_pipeline_dag.py
[2026-05-21T13:23:12.925+0000] {processor.py:925} INFO - DAG(s) 'retail_sales_data_engineering_pipeline' retrieved from /opt/airflow/dags/retail_sales_pipeline_dag.py
[2026-05-21T13:23:12.957+0000] {logging_mixin.py:190} INFO - [2026-05-21T13:23:12.956+0000] {dag.py:3239} INFO - Sync 1 DAGs
[2026-05-21T13:23:12.981+0000] {logging_mixin.py:190} INFO - [2026-05-21T13:23:12.981+0000] {dag.py:4180} INFO - Setting next_dagrun for retail_sales_data_engineering_pipeline to 2026-05-21 00:00:00+00:00, run_after=2026-05-22 00:00:00+00:00
[2026-05-21T13:23:13.002+0000] {processor.py:208} INFO - Processing /opt/airflow/dags/retail_sales_pipeline_dag.py took 0.114 seconds
[2026-05-21T13:23:43.347+0000] {processor.py:186} INFO - Started process (PID=782) to work on /opt/airflow/dags/retail_sales_pipeline_dag.py
[2026-05-21T13:23:43.348+0000] {processor.py:914} INFO - Processing file /opt/airflow/dags/retail_sales_pipeline_dag.py for tasks to queue
[2026-05-21T13:23:43.350+0000] {logging_mixin.py:190} INFO - [2026-05-21T13:23:43.350+0000] {dagbag.py:588} INFO - Filling up the DagBag from /opt/airflow/dags/retail_sales_pipeline_dag.py
[2026-05-21T13:23:43.378+0000] {processor.py:925} INFO - DAG(s) 'retail_sales_data_engineering_pipeline' retrieved from /opt/airflow/dags/retail_sales_pipeline_dag.py
[2026-05-21T13:23:43.415+0000] {logging_mixin.py:190} INFO - [2026-05-21T13:23:43.415+0000] {dag.py:3239} INFO - Sync 1 DAGs
[2026-05-21T13:23:43.442+0000] {logging_mixin.py:190} INFO - [2026-05-21T13:23:43.442+0000] {dag.py:4180} INFO - Setting next_dagrun for retail_sales_data_engineering_pipeline to 2026-05-21 00:00:00+00:00, run_after=2026-05-22 00:00:00+00:00
[2026-05-21T13:23:43.463+0000] {processor.py:208} INFO - Processing /opt/airflow/dags/retail_sales_pipeline_dag.py took 0.123 seconds
[2026-05-21T13:24:14.635+0000] {processor.py:186} INFO - Started process (PID=787) to work on /opt/airflow/dags/retail_sales_pipeline_dag.py
[2026-05-21T13:24:14.636+0000] {processor.py:914} INFO - Processing file /opt/airflow/dags/retail_sales_pipeline_dag.py for tasks to queue
[2026-05-21T13:24:14.640+0000] {logging_mixin.py:190} INFO - [2026-05-21T13:24:14.640+0000] {dagbag.py:588} INFO - Filling up the DagBag from /opt/airflow/dags/retail_sales_pipeline_dag.py
[2026-05-21T13:24:14.667+0000] {processor.py:925} INFO - DAG(s) 'retail_sales_data_engineering_pipeline' retrieved from /opt/airflow/dags/retail_sales_pipeline_dag.py
[2026-05-21T13:24:14.705+0000] {logging_mixin.py:190} INFO - [2026-05-21T13:24:14.705+0000] {dag.py:3239} INFO - Sync 1 DAGs
[2026-05-21T13:24:14.731+0000] {logging_mixin.py:190} INFO - [2026-05-21T13:24:14.731+0000] {dag.py:4180} INFO - Setting next_dagrun for retail_sales_data_engineering_pipeline to 2026-05-21 00:00:00+00:00, run_after=2026-05-22 00:00:00+00:00
[2026-05-21T13:24:14.750+0000] {processor.py:208} INFO - Processing /opt/airflow/dags/retail_sales_pipeline_dag.py took 0.123 seconds
[2026-05-21T13:24:45.538+0000] {processor.py:186} INFO - Started process (PID=792) to work on /opt/airflow/dags/retail_sales_pipeline_dag.py
[2026-05-21T13:24:45.539+0000] {processor.py:914} INFO - Processing file /opt/airflow/dags/retail_sales_pipeline_dag.py for tasks to queue
[2026-05-21T13:24:45.542+0000] {logging_mixin.py:190} INFO - [2026-05-21T13:24:45.542+0000] {dagbag.py:588} INFO - Filling up the DagBag from /opt/airflow/dags/retail_sales_pipeline_dag.py
[2026-05-21T13:24:45.570+0000] {processor.py:925} INFO - DAG(s) 'retail_sales_data_engineering_pipeline' retrieved from /opt/airflow/dags/retail_sales_pipeline_dag.py
[2026-05-21T13:24:45.606+0000] {logging_mixin.py:190} INFO - [2026-05-21T13:24:45.606+0000] {dag.py:3239} INFO - Sync 1 DAGs
[2026-05-21T13:24:45.634+0000] {logging_mixin.py:190} INFO - [2026-05-21T13:24:45.634+0000] {dag.py:4180} INFO - Setting next_dagrun for retail_sales_data_engineering_pipeline to 2026-05-21 00:00:00+00:00, run_after=2026-05-22 00:00:00+00:00
[2026-05-21T13:24:45.656+0000] {processor.py:208} INFO - Processing /opt/airflow/dags/retail_sales_pipeline_dag.py took 0.126 seconds
[2026-05-21T13:25:16.918+0000] {processor.py:186} INFO - Started process (PID=797) to work on /opt/airflow/dags/retail_sales_pipeline_dag.py
[2026-05-21T13:25:16.919+0000] {processor.py:914} INFO - Processing file /opt/airflow/dags/retail_sales_pipeline_dag.py for tasks to queue
[2026-05-21T13:25:16.922+0000] {logging_mixin.py:190} INFO - [2026-05-21T13:25:16.922+0000] {dagbag.py:588} INFO - Filling up the DagBag from /opt/airflow/dags/retail_sales_pipeline_dag.py
[2026-05-21T13:25:16.948+0000] {processor.py:925} INFO - DAG(s) 'retail_sales_data_engineering_pipeline' retrieved from /opt/airflow/dags/retail_sales_pipeline_dag.py
[2026-05-21T13:25:16.982+0000] {logging_mixin.py:190} INFO - [2026-05-21T13:25:16.982+0000] {dag.py:3239} INFO - Sync 1 DAGs
[2026-05-21T13:25:17.008+0000] {logging_mixin.py:190} INFO - [2026-05-21T13:25:17.008+0000] {dag.py:4180} INFO - Setting next_dagrun for retail_sales_data_engineering_pipeline to 2026-05-21 00:00:00+00:00, run_after=2026-05-22 00:00:00+00:00
[2026-05-21T13:25:17.030+0000] {processor.py:208} INFO - Processing /opt/airflow/dags/retail_sales_pipeline_dag.py took 0.118 seconds
[2026-05-21T13:25:47.350+0000] {processor.py:186} INFO - Started process (PID=802) to work on /opt/airflow/dags/retail_sales_pipeline_dag.py
[2026-05-21T13:25:47.352+0000] {processor.py:914} INFO - Processing file /opt/airflow/dags/retail_sales_pipeline_dag.py for tasks to queue
[2026-05-21T13:25:47.355+0000] {logging_mixin.py:190} INFO - [2026-05-21T13:25:47.355+0000] {dagbag.py:588} INFO - Filling up the DagBag from /opt/airflow/dags/retail_sales_pipeline_dag.py
[2026-05-21T13:25:47.381+0000] {processor.py:925} INFO - DAG(s) 'retail_sales_data_engineering_pipeline' retrieved from /opt/airflow/dags/retail_sales_pipeline_dag.py
[2026-05-21T13:25:47.415+0000] {logging_mixin.py:190} INFO - [2026-05-21T13:25:47.414+0000] {dag.py:3239} INFO - Sync 1 DAGs
[2026-05-21T13:25:47.441+0000] {logging_mixin.py:190} INFO - [2026-05-21T13:25:47.441+0000] {dag.py:4180} INFO - Setting next_dagrun for retail_sales_data_engineering_pipeline to 2026-05-21 00:00:00+00:00, run_after=2026-05-22 00:00:00+00:00
[2026-05-21T13:25:47.462+0000] {processor.py:208} INFO - Processing /opt/airflow/dags/retail_sales_pipeline_dag.py took 0.117 seconds
[2026-05-21T13:26:18.713+0000] {processor.py:186} INFO - Started process (PID=807) to work on /opt/airflow/dags/retail_sales_pipeline_dag.py
[2026-05-21T13:26:18.716+0000] {processor.py:914} INFO - Processing file /opt/airflow/dags/retail_sales_pipeline_dag.py for tasks to queue
[2026-05-21T13:26:18.720+0000] {logging_mixin.py:190} INFO - [2026-05-21T13:26:18.719+0000] {dagbag.py:588} INFO - Filling up the DagBag from /opt/airflow/dags/retail_sales_pipeline_dag.py
[2026-05-21T13:26:18.747+0000] {processor.py:925} INFO - DAG(s) 'retail_sales_data_engineering_pipeline' retrieved from /opt/airflow/dags/retail_sales_pipeline_dag.py
[2026-05-21T13:26:18.783+0000] {logging_mixin.py:190} INFO - [2026-05-21T13:26:18.783+0000] {dag.py:3239} INFO - Sync 1 DAGs
[2026-05-21T13:26:18.810+0000] {logging_mixin.py:190} INFO - [2026-05-21T13:26:18.810+0000] {dag.py:4180} INFO - Setting next_dagrun for retail_sales_data_engineering_pipeline to 2026-05-21 00:00:00+00:00, run_after=2026-05-22 00:00:00+00:00
[2026-05-21T13:26:18.830+0000] {processor.py:208} INFO - Processing /opt/airflow/dags/retail_sales_pipeline_dag.py took 0.125 seconds
[2026-05-21T13:26:50.056+0000] {processor.py:186} INFO - Started process (PID=812) to work on /opt/airflow/dags/retail_sales_pipeline_dag.py
[2026-05-21T13:26:50.058+0000] {processor.py:914} INFO - Processing file /opt/airflow/dags/retail_sales_pipeline_dag.py for tasks to queue
[2026-05-21T13:26:50.062+0000] {logging_mixin.py:190} INFO - [2026-05-21T13:26:50.061+0000] {dagbag.py:588} INFO - Filling up the DagBag from /opt/airflow/dags/retail_sales_pipeline_dag.py
[2026-05-21T13:26:50.087+0000] {processor.py:925} INFO - DAG(s) 'retail_sales_data_engineering_pipeline' retrieved from /opt/airflow/dags/retail_sales_pipeline_dag.py
[2026-05-21T13:26:50.122+0000] {logging_mixin.py:190} INFO - [2026-05-21T13:26:50.122+0000] {dag.py:3239} INFO - Sync 1 DAGs
[2026-05-21T13:26:50.150+0000] {logging_mixin.py:190} INFO - [2026-05-21T13:26:50.149+0000] {dag.py:4180} INFO - Setting next_dagrun for retail_sales_data_engineering_pipeline to 2026-05-21 00:00:00+00:00, run_after=2026-05-22 00:00:00+00:00
[2026-05-21T13:26:50.176+0000] {processor.py:208} INFO - Processing /opt/airflow/dags/retail_sales_pipeline_dag.py took 0.127 seconds
[2026-05-21T13:27:21.405+0000] {processor.py:186} INFO - Started process (PID=817) to work on /opt/airflow/dags/retail_sales_pipeline_dag.py
[2026-05-21T13:27:21.407+0000] {processor.py:914} INFO - Processing file /opt/airflow/dags/retail_sales_pipeline_dag.py for tasks to queue
[2026-05-21T13:27:21.411+0000] {logging_mixin.py:190} INFO - [2026-05-21T13:27:21.410+0000] {dagbag.py:588} INFO - Filling up the DagBag from /opt/airflow/dags/retail_sales_pipeline_dag.py
[2026-05-21T13:27:21.438+0000] {processor.py:925} INFO - DAG(s) 'retail_sales_data_engineering_pipeline' retrieved from /opt/airflow/dags/retail_sales_pipeline_dag.py
[2026-05-21T13:27:21.474+0000] {logging_mixin.py:190} INFO - [2026-05-21T13:27:21.474+0000] {dag.py:3239} INFO - Sync 1 DAGs
[2026-05-21T13:27:21.500+0000] {logging_mixin.py:190} INFO - [2026-05-21T13:27:21.499+0000] {dag.py:4180} INFO - Setting next_dagrun for retail_sales_data_engineering_pipeline to 2026-05-21 00:00:00+00:00, run_after=2026-05-22 00:00:00+00:00
[2026-05-21T13:27:21.520+0000] {processor.py:208} INFO - Processing /opt/airflow/dags/retail_sales_pipeline_dag.py took 0.123 seconds
[2026-05-21T13:27:52.747+0000] {processor.py:186} INFO - Started process (PID=822) to work on /opt/airflow/dags/retail_sales_pipeline_dag.py
[2026-05-21T13:27:52.748+0000] {processor.py:914} INFO - Processing file /opt/airflow/dags/retail_sales_pipeline_dag.py for tasks to queue
[2026-05-21T13:27:52.751+0000] {logging_mixin.py:190} INFO - [2026-05-21T13:27:52.751+0000] {dagbag.py:588} INFO - Filling up the DagBag from /opt/airflow/dags/retail_sales_pipeline_dag.py
[2026-05-21T13:27:52.777+0000] {processor.py:925} INFO - DAG(s) 'retail_sales_data_engineering_pipeline' retrieved from /opt/airflow/dags/retail_sales_pipeline_dag.py
[2026-05-21T13:27:52.810+0000] {logging_mixin.py:190} INFO - [2026-05-21T13:27:52.810+0000] {dag.py:3239} INFO - Sync 1 DAGs
[2026-05-21T13:27:52.835+0000] {logging_mixin.py:190} INFO - [2026-05-21T13:27:52.835+0000] {dag.py:4180} INFO - Setting next_dagrun for retail_sales_data_engineering_pipeline to 2026-05-21 00:00:00+00:00, run_after=2026-05-22 00:00:00+00:00
[2026-05-21T13:27:52.857+0000] {processor.py:208} INFO - Processing /opt/airflow/dags/retail_sales_pipeline_dag.py took 0.116 seconds
[2026-05-21T13:28:23.058+0000] {processor.py:186} INFO - Started process (PID=827) to work on /opt/airflow/dags/retail_sales_pipeline_dag.py
[2026-05-21T13:28:23.059+0000] {processor.py:914} INFO - Processing file /opt/airflow/dags/retail_sales_pipeline_dag.py for tasks to queue
[2026-05-21T13:28:23.061+0000] {logging_mixin.py:190} INFO - [2026-05-21T13:28:23.061+0000] {dagbag.py:588} INFO - Filling up the DagBag from /opt/airflow/dags/retail_sales_pipeline_dag.py
[2026-05-21T13:28:23.088+0000] {processor.py:925} INFO - DAG(s) 'retail_sales_data_engineering_pipeline' retrieved from /opt/airflow/dags/retail_sales_pipeline_dag.py
[2026-05-21T13:28:23.124+0000] {logging_mixin.py:190} INFO - [2026-05-21T13:28:23.124+0000] {dag.py:3239} INFO - Sync 1 DAGs
[2026-05-21T13:28:23.150+0000] {logging_mixin.py:190} INFO - [2026-05-21T13:28:23.150+0000] {dag.py:4180} INFO - Setting next_dagrun for retail_sales_data_engineering_pipeline to 2026-05-21 00:00:00+00:00, run_after=2026-05-22 00:00:00+00:00
[2026-05-21T13:28:23.172+0000] {processor.py:208} INFO - Processing /opt/airflow/dags/retail_sales_pipeline_dag.py took 0.121 seconds
[2026-05-21T13:28:54.513+0000] {processor.py:186} INFO - Started process (PID=832) to work on /opt/airflow/dags/retail_sales_pipeline_dag.py
[2026-05-21T13:28:54.515+0000] {processor.py:914} INFO - Processing file /opt/airflow/dags/retail_sales_pipeline_dag.py for tasks to queue
[2026-05-21T13:28:54.518+0000] {logging_mixin.py:190} INFO - [2026-05-21T13:28:54.518+0000] {dagbag.py:588} INFO - Filling up the DagBag from /opt/airflow/dags/retail_sales_pipeline_dag.py
[2026-05-21T13:28:54.541+0000] {processor.py:925} INFO - DAG(s) 'retail_sales_data_engineering_pipeline' retrieved from /opt/airflow/dags/retail_sales_pipeline_dag.py
[2026-05-21T13:28:54.574+0000] {logging_mixin.py:190} INFO - [2026-05-21T13:28:54.574+0000] {dag.py:3239} INFO - Sync 1 DAGs
[2026-05-21T13:28:54.601+0000] {logging_mixin.py:190} INFO - [2026-05-21T13:28:54.601+0000] {dag.py:4180} INFO - Setting next_dagrun for retail_sales_data_engineering_pipeline to 2026-05-21 00:00:00+00:00, run_after=2026-05-22 00:00:00+00:00
[2026-05-21T13:28:54.621+0000] {processor.py:208} INFO - Processing /opt/airflow/dags/retail_sales_pipeline_dag.py took 0.115 seconds
[2026-05-21T13:29:24.950+0000] {processor.py:186} INFO - Started process (PID=837) to work on /opt/airflow/dags/retail_sales_pipeline_dag.py
[2026-05-21T13:29:24.951+0000] {processor.py:914} INFO - Processing file /opt/airflow/dags/retail_sales_pipeline_dag.py for tasks to queue
[2026-05-21T13:29:24.955+0000] {logging_mixin.py:190} INFO - [2026-05-21T13:29:24.955+0000] {dagbag.py:588} INFO - Filling up the DagBag from /opt/airflow/dags/retail_sales_pipeline_dag.py
[2026-05-21T13:29:24.981+0000] {processor.py:925} INFO - DAG(s) 'retail_sales_data_engineering_pipeline' retrieved from /opt/airflow/dags/retail_sales_pipeline_dag.py
[2026-05-21T13:29:25.015+0000] {logging_mixin.py:190} INFO - [2026-05-21T13:29:25.015+0000] {dag.py:3239} INFO - Sync 1 DAGs
[2026-05-21T13:29:25.040+0000] {logging_mixin.py:190} INFO - [2026-05-21T13:29:25.040+0000] {dag.py:4180} INFO - Setting next_dagrun for retail_sales_data_engineering_pipeline to 2026-05-21 00:00:00+00:00, run_after=2026-05-22 00:00:00+00:00
[2026-05-21T13:29:25.061+0000] {processor.py:208} INFO - Processing /opt/airflow/dags/retail_sales_pipeline_dag.py took 0.118 seconds
[2026-05-21T13:29:56.257+0000] {processor.py:186} INFO - Started process (PID=842) to work on /opt/airflow/dags/retail_sales_pipeline_dag.py
[2026-05-21T13:29:56.259+0000] {processor.py:914} INFO - Processing file /opt/airflow/dags/retail_sales_pipeline_dag.py for tasks to queue
[2026-05-21T13:29:56.262+0000] {logging_mixin.py:190} INFO - [2026-05-21T13:29:56.262+0000] {dagbag.py:588} INFO - Filling up the DagBag from /opt/airflow/dags/retail_sales_pipeline_dag.py
[2026-05-21T13:29:56.287+0000] {processor.py:925} INFO - DAG(s) 'retail_sales_data_engineering_pipeline' retrieved from /opt/airflow/dags/retail_sales_pipeline_dag.py
[2026-05-21T13:29:56.321+0000] {logging_mixin.py:190} INFO - [2026-05-21T13:29:56.321+0000] {dag.py:3239} INFO - Sync 1 DAGs
[2026-05-21T13:29:56.345+0000] {logging_mixin.py:190} INFO - [2026-05-21T13:29:56.345+0000] {dag.py:4180} INFO - Setting next_dagrun for retail_sales_data_engineering_pipeline to 2026-05-21 00:00:00+00:00, run_after=2026-05-22 00:00:00+00:00
[2026-05-21T13:29:56.368+0000] {processor.py:208} INFO - Processing /opt/airflow/dags/retail_sales_pipeline_dag.py took 0.118 seconds
[2026-05-21T13:30:27.652+0000] {processor.py:186} INFO - Started process (PID=847) to work on /opt/airflow/dags/retail_sales_pipeline_dag.py
[2026-05-21T13:30:27.654+0000] {processor.py:914} INFO - Processing file /opt/airflow/dags/retail_sales_pipeline_dag.py for tasks to queue
[2026-05-21T13:30:27.659+0000] {logging_mixin.py:190} INFO - [2026-05-21T13:30:27.658+0000] {dagbag.py:588} INFO - Filling up the DagBag from /opt/airflow/dags/retail_sales_pipeline_dag.py
[2026-05-21T13:30:27.687+0000] {processor.py:925} INFO - DAG(s) 'retail_sales_data_engineering_pipeline' retrieved from /opt/airflow/dags/retail_sales_pipeline_dag.py
[2026-05-21T13:30:27.724+0000] {logging_mixin.py:190} INFO - [2026-05-21T13:30:27.724+0000] {dag.py:3239} INFO - Sync 1 DAGs
[2026-05-21T13:30:27.752+0000] {logging_mixin.py:190} INFO - [2026-05-21T13:30:27.752+0000] {dag.py:4180} INFO - Setting next_dagrun for retail_sales_data_engineering_pipeline to 2026-05-21 00:00:00+00:00, run_after=2026-05-22 00:00:00+00:00
[2026-05-21T13:30:27.773+0000] {processor.py:208} INFO - Processing /opt/airflow/dags/retail_sales_pipeline_dag.py took 0.127 seconds
[2026-05-21T13:30:58.875+0000] {processor.py:186} INFO - Started process (PID=852) to work on /opt/airflow/dags/retail_sales_pipeline_dag.py
[2026-05-21T13:30:58.876+0000] {processor.py:914} INFO - Processing file /opt/airflow/dags/retail_sales_pipeline_dag.py for tasks to queue
[2026-05-21T13:30:58.879+0000] {logging_mixin.py:190} INFO - [2026-05-21T13:30:58.879+0000] {dagbag.py:588} INFO - Filling up the DagBag from /opt/airflow/dags/retail_sales_pipeline_dag.py
[2026-05-21T13:30:58.906+0000] {processor.py:925} INFO - DAG(s) 'retail_sales_data_engineering_pipeline' retrieved from /opt/airflow/dags/retail_sales_pipeline_dag.py
[2026-05-21T13:30:58.941+0000] {logging_mixin.py:190} INFO - [2026-05-21T13:30:58.941+0000] {dag.py:3239} INFO - Sync 1 DAGs
[2026-05-21T13:30:58.967+0000] {logging_mixin.py:190} INFO - [2026-05-21T13:30:58.967+0000] {dag.py:4180} INFO - Setting next_dagrun for retail_sales_data_engineering_pipeline to 2026-05-21 00:00:00+00:00, run_after=2026-05-22 00:00:00+00:00
[2026-05-21T13:30:58.986+0000] {processor.py:208} INFO - Processing /opt/airflow/dags/retail_sales_pipeline_dag.py took 0.118 seconds
[2026-05-21T13:31:30.266+0000] {processor.py:186} INFO - Started process (PID=857) to work on /opt/airflow/dags/retail_sales_pipeline_dag.py
[2026-05-21T13:31:30.268+0000] {processor.py:914} INFO - Processing file /opt/airflow/dags/retail_sales_pipeline_dag.py for tasks to queue
[2026-05-21T13:31:30.270+0000] {logging_mixin.py:190} INFO - [2026-05-21T13:31:30.270+0000] {dagbag.py:588} INFO - Filling up the DagBag from /opt/airflow/dags/retail_sales_pipeline_dag.py
[2026-05-21T13:31:30.296+0000] {processor.py:925} INFO - DAG(s) 'retail_sales_data_engineering_pipeline' retrieved from /opt/airflow/dags/retail_sales_pipeline_dag.py
[2026-05-21T13:31:30.330+0000] {logging_mixin.py:190} INFO - [2026-05-21T13:31:30.330+0000] {dag.py:3239} INFO - Sync 1 DAGs
[2026-05-21T13:31:30.359+0000] {logging_mixin.py:190} INFO - [2026-05-21T13:31:30.359+0000] {dag.py:4180} INFO - Setting next_dagrun for retail_sales_data_engineering_pipeline to 2026-05-21 00:00:00+00:00, run_after=2026-05-22 00:00:00+00:00
[2026-05-21T13:31:30.385+0000] {processor.py:208} INFO - Processing /opt/airflow/dags/retail_sales_pipeline_dag.py took 0.127 seconds
[2026-05-21T13:32:01.225+0000] {processor.py:186} INFO - Started process (PID=862) to work on /opt/airflow/dags/retail_sales_pipeline_dag.py
[2026-05-21T13:32:01.266+0000] {processor.py:914} INFO - Processing file /opt/airflow/dags/retail_sales_pipeline_dag.py for tasks to queue
[2026-05-21T13:32:01.314+0000] {logging_mixin.py:190} INFO - [2026-05-21T13:32:01.314+0000] {dagbag.py:588} INFO - Filling up the DagBag from /opt/airflow/dags/retail_sales_pipeline_dag.py
[2026-05-21T13:32:01.726+0000] {processor.py:925} INFO - DAG(s) 'retail_sales_data_engineering_pipeline' retrieved from /opt/airflow/dags/retail_sales_pipeline_dag.py
[2026-05-21T13:32:01.946+0000] {logging_mixin.py:190} INFO - [2026-05-21T13:32:01.946+0000] {dag.py:3239} INFO - Sync 1 DAGs
[2026-05-21T13:32:02.086+0000] {logging_mixin.py:190} INFO - [2026-05-21T13:32:02.086+0000] {dag.py:4180} INFO - Setting next_dagrun for retail_sales_data_engineering_pipeline to 2026-05-21 00:00:00+00:00, run_after=2026-05-22 00:00:00+00:00
[2026-05-21T13:32:02.288+0000] {processor.py:208} INFO - Processing /opt/airflow/dags/retail_sales_pipeline_dag.py took 1.156 seconds
[2026-05-21T13:32:32.893+0000] {processor.py:186} INFO - Started process (PID=867) to work on /opt/airflow/dags/retail_sales_pipeline_dag.py
[2026-05-21T13:32:32.895+0000] {processor.py:914} INFO - Processing file /opt/airflow/dags/retail_sales_pipeline_dag.py for tasks to queue
[2026-05-21T13:32:32.898+0000] {logging_mixin.py:190} INFO - [2026-05-21T13:32:32.898+0000] {dagbag.py:588} INFO - Filling up the DagBag from /opt/airflow/dags/retail_sales_pipeline_dag.py
[2026-05-21T13:32:32.925+0000] {processor.py:925} INFO - DAG(s) 'retail_sales_data_engineering_pipeline' retrieved from /opt/airflow/dags/retail_sales_pipeline_dag.py
[2026-05-21T13:32:32.962+0000] {logging_mixin.py:190} INFO - [2026-05-21T13:32:32.962+0000] {dag.py:3239} INFO - Sync 1 DAGs
[2026-05-21T13:32:32.989+0000] {logging_mixin.py:190} INFO - [2026-05-21T13:32:32.988+0000] {dag.py:4180} INFO - Setting next_dagrun for retail_sales_data_engineering_pipeline to 2026-05-21 00:00:00+00:00, run_after=2026-05-22 00:00:00+00:00
[2026-05-21T13:32:33.011+0000] {processor.py:208} INFO - Processing /opt/airflow/dags/retail_sales_pipeline_dag.py took 0.125 seconds
[2026-05-21T13:33:03.110+0000] {processor.py:186} INFO - Started process (PID=872) to work on /opt/airflow/dags/retail_sales_pipeline_dag.py
[2026-05-21T13:33:03.111+0000] {processor.py:914} INFO - Processing file /opt/airflow/dags/retail_sales_pipeline_dag.py for tasks to queue
[2026-05-21T13:33:03.114+0000] {logging_mixin.py:190} INFO - [2026-05-21T13:33:03.113+0000] {dagbag.py:588} INFO - Filling up the DagBag from /opt/airflow/dags/retail_sales_pipeline_dag.py
[2026-05-21T13:33:03.144+0000] {processor.py:925} INFO - DAG(s) 'retail_sales_data_engineering_pipeline' retrieved from /opt/airflow/dags/retail_sales_pipeline_dag.py
[2026-05-21T13:33:03.189+0000] {logging_mixin.py:190} INFO - [2026-05-21T13:33:03.188+0000] {dag.py:3239} INFO - Sync 1 DAGs
[2026-05-21T13:33:03.221+0000] {logging_mixin.py:190} INFO - [2026-05-21T13:33:03.220+0000] {dag.py:4180} INFO - Setting next_dagrun for retail_sales_data_engineering_pipeline to 2026-05-21 00:00:00+00:00, run_after=2026-05-22 00:00:00+00:00
[2026-05-21T13:33:03.246+0000] {processor.py:208} INFO - Processing /opt/airflow/dags/retail_sales_pipeline_dag.py took 0.142 seconds
[2026-05-21T13:33:34.505+0000] {processor.py:186} INFO - Started process (PID=877) to work on /opt/airflow/dags/retail_sales_pipeline_dag.py
[2026-05-21T13:33:34.508+0000] {processor.py:914} INFO - Processing file /opt/airflow/dags/retail_sales_pipeline_dag.py for tasks to queue
[2026-05-21T13:33:34.511+0000] {logging_mixin.py:190} INFO - [2026-05-21T13:33:34.511+0000] {dagbag.py:588} INFO - Filling up the DagBag from /opt/airflow/dags/retail_sales_pipeline_dag.py
[2026-05-21T13:33:34.541+0000] {processor.py:925} INFO - DAG(s) 'retail_sales_data_engineering_pipeline' retrieved from /opt/airflow/dags/retail_sales_pipeline_dag.py
[2026-05-21T13:33:34.578+0000] {logging_mixin.py:190} INFO - [2026-05-21T13:33:34.578+0000] {dag.py:3239} INFO - Sync 1 DAGs
[2026-05-21T13:33:34.608+0000] {logging_mixin.py:190} INFO - [2026-05-21T13:33:34.607+0000] {dag.py:4180} INFO - Setting next_dagrun for retail_sales_data_engineering_pipeline to 2026-05-21 00:00:00+00:00, run_after=2026-05-22 00:00:00+00:00
[2026-05-21T13:33:34.634+0000] {processor.py:208} INFO - Processing /opt/airflow/dags/retail_sales_pipeline_dag.py took 0.135 seconds
[2026-05-21T13:34:04.925+0000] {processor.py:186} INFO - Started process (PID=882) to work on /opt/airflow/dags/retail_sales_pipeline_dag.py
[2026-05-21T13:34:04.926+0000] {processor.py:914} INFO - Processing file /opt/airflow/dags/retail_sales_pipeline_dag.py for tasks to queue
[2026-05-21T13:34:04.931+0000] {logging_mixin.py:190} INFO - [2026-05-21T13:34:04.930+0000] {dagbag.py:588} INFO - Filling up the DagBag from /opt/airflow/dags/retail_sales_pipeline_dag.py
[2026-05-21T13:34:04.959+0000] {processor.py:925} INFO - DAG(s) 'retail_sales_data_engineering_pipeline' retrieved from /opt/airflow/dags/retail_sales_pipeline_dag.py
[2026-05-21T13:34:04.996+0000] {logging_mixin.py:190} INFO - [2026-05-21T13:34:04.995+0000] {dag.py:3239} INFO - Sync 1 DAGs
[2026-05-21T13:34:05.022+0000] {logging_mixin.py:190} INFO - [2026-05-21T13:34:05.022+0000] {dag.py:4180} INFO - Setting next_dagrun for retail_sales_data_engineering_pipeline to 2026-05-21 00:00:00+00:00, run_after=2026-05-22 00:00:00+00:00
[2026-05-21T13:34:05.042+0000] {processor.py:208} INFO - Processing /opt/airflow/dags/retail_sales_pipeline_dag.py took 0.126 seconds
[2026-05-21T13:34:36.220+0000] {processor.py:186} INFO - Started process (PID=887) to work on /opt/airflow/dags/retail_sales_pipeline_dag.py
[2026-05-21T13:34:36.222+0000] {processor.py:914} INFO - Processing file /opt/airflow/dags/retail_sales_pipeline_dag.py for tasks to queue
[2026-05-21T13:34:36.226+0000] {logging_mixin.py:190} INFO - [2026-05-21T13:34:36.226+0000] {dagbag.py:588} INFO - Filling up the DagBag from /opt/airflow/dags/retail_sales_pipeline_dag.py
[2026-05-21T13:34:36.254+0000] {processor.py:925} INFO - DAG(s) 'retail_sales_data_engineering_pipeline' retrieved from /opt/airflow/dags/retail_sales_pipeline_dag.py
[2026-05-21T13:34:36.293+0000] {logging_mixin.py:190} INFO - [2026-05-21T13:34:36.293+0000] {dag.py:3239} INFO - Sync 1 DAGs
[2026-05-21T13:34:36.324+0000] {logging_mixin.py:190} INFO - [2026-05-21T13:34:36.324+0000] {dag.py:4180} INFO - Setting next_dagrun for retail_sales_data_engineering_pipeline to 2026-05-21 00:00:00+00:00, run_after=2026-05-22 00:00:00+00:00
[2026-05-21T13:34:36.349+0000] {processor.py:208} INFO - Processing /opt/airflow/dags/retail_sales_pipeline_dag.py took 0.137 seconds
[2026-05-21T13:35:07.622+0000] {processor.py:186} INFO - Started process (PID=892) to work on /opt/airflow/dags/retail_sales_pipeline_dag.py
[2026-05-21T13:35:07.624+0000] {processor.py:914} INFO - Processing file /opt/airflow/dags/retail_sales_pipeline_dag.py for tasks to queue
[2026-05-21T13:35:07.627+0000] {logging_mixin.py:190} INFO - [2026-05-21T13:35:07.627+0000] {dagbag.py:588} INFO - Filling up the DagBag from /opt/airflow/dags/retail_sales_pipeline_dag.py
[2026-05-21T13:35:07.652+0000] {processor.py:925} INFO - DAG(s) 'retail_sales_data_engineering_pipeline' retrieved from /opt/airflow/dags/retail_sales_pipeline_dag.py
[2026-05-21T13:35:07.687+0000] {logging_mixin.py:190} INFO - [2026-05-21T13:35:07.687+0000] {dag.py:3239} INFO - Sync 1 DAGs
[2026-05-21T13:35:07.714+0000] {logging_mixin.py:190} INFO - [2026-05-21T13:35:07.714+0000] {dag.py:4180} INFO - Setting next_dagrun for retail_sales_data_engineering_pipeline to 2026-05-21 00:00:00+00:00, run_after=2026-05-22 00:00:00+00:00
[2026-05-21T13:35:07.736+0000] {processor.py:208} INFO - Processing /opt/airflow/dags/retail_sales_pipeline_dag.py took 0.121 seconds
[2026-05-21T13:35:38.955+0000] {processor.py:186} INFO - Started process (PID=897) to work on /opt/airflow/dags/retail_sales_pipeline_dag.py
[2026-05-21T13:35:38.957+0000] {processor.py:914} INFO - Processing file /opt/airflow/dags/retail_sales_pipeline_dag.py for tasks to queue
[2026-05-21T13:35:38.962+0000] {logging_mixin.py:190} INFO - [2026-05-21T13:35:38.961+0000] {dagbag.py:588} INFO - Filling up the DagBag from /opt/airflow/dags/retail_sales_pipeline_dag.py
[2026-05-21T13:35:39.012+0000] {processor.py:925} INFO - DAG(s) 'retail_sales_data_engineering_pipeline' retrieved from /opt/airflow/dags/retail_sales_pipeline_dag.py
[2026-05-21T13:35:39.055+0000] {logging_mixin.py:190} INFO - [2026-05-21T13:35:39.054+0000] {dag.py:3239} INFO - Sync 1 DAGs
[2026-05-21T13:35:39.083+0000] {logging_mixin.py:190} INFO - [2026-05-21T13:35:39.083+0000] {dag.py:4180} INFO - Setting next_dagrun for retail_sales_data_engineering_pipeline to 2026-05-21 00:00:00+00:00, run_after=2026-05-22 00:00:00+00:00
[2026-05-21T13:35:39.106+0000] {processor.py:208} INFO - Processing /opt/airflow/dags/retail_sales_pipeline_dag.py took 0.169 seconds
[2026-05-21T13:36:09.779+0000] {processor.py:186} INFO - Started process (PID=902) to work on /opt/airflow/dags/retail_sales_pipeline_dag.py
[2026-05-21T13:36:09.780+0000] {processor.py:914} INFO - Processing file /opt/airflow/dags/retail_sales_pipeline_dag.py for tasks to queue
[2026-05-21T13:36:09.783+0000] {logging_mixin.py:190} INFO - [2026-05-21T13:36:09.783+0000] {dagbag.py:588} INFO - Filling up the DagBag from /opt/airflow/dags/retail_sales_pipeline_dag.py
[2026-05-21T13:36:09.815+0000] {processor.py:925} INFO - DAG(s) 'retail_sales_data_engineering_pipeline' retrieved from /opt/airflow/dags/retail_sales_pipeline_dag.py
[2026-05-21T13:36:09.853+0000] {logging_mixin.py:190} INFO - [2026-05-21T13:36:09.852+0000] {dag.py:3239} INFO - Sync 1 DAGs
[2026-05-21T13:36:09.881+0000] {logging_mixin.py:190} INFO - [2026-05-21T13:36:09.881+0000] {dag.py:4180} INFO - Setting next_dagrun for retail_sales_data_engineering_pipeline to 2026-05-21 00:00:00+00:00, run_after=2026-05-22 00:00:00+00:00
[2026-05-21T13:36:09.904+0000] {processor.py:208} INFO - Processing /opt/airflow/dags/retail_sales_pipeline_dag.py took 0.132 seconds
[2026-05-21T13:36:40.762+0000] {processor.py:186} INFO - Started process (PID=907) to work on /opt/airflow/dags/retail_sales_pipeline_dag.py
[2026-05-21T13:36:40.764+0000] {processor.py:914} INFO - Processing file /opt/airflow/dags/retail_sales_pipeline_dag.py for tasks to queue
[2026-05-21T13:36:40.767+0000] {logging_mixin.py:190} INFO - [2026-05-21T13:36:40.766+0000] {dagbag.py:588} INFO - Filling up the DagBag from /opt/airflow/dags/retail_sales_pipeline_dag.py
[2026-05-21T13:36:40.793+0000] {processor.py:925} INFO - DAG(s) 'retail_sales_data_engineering_pipeline' retrieved from /opt/airflow/dags/retail_sales_pipeline_dag.py
[2026-05-21T13:36:40.827+0000] {logging_mixin.py:190} INFO - [2026-05-21T13:36:40.827+0000] {dag.py:3239} INFO - Sync 1 DAGs
[2026-05-21T13:36:40.854+0000] {logging_mixin.py:190} INFO - [2026-05-21T13:36:40.854+0000] {dag.py:4180} INFO - Setting next_dagrun for retail_sales_data_engineering_pipeline to 2026-05-21 00:00:00+00:00, run_after=2026-05-22 00:00:00+00:00
[2026-05-21T13:36:40.875+0000] {processor.py:208} INFO - Processing /opt/airflow/dags/retail_sales_pipeline_dag.py took 0.120 seconds
[2026-05-21T13:37:11.620+0000] {processor.py:186} INFO - Started process (PID=912) to work on /opt/airflow/dags/retail_sales_pipeline_dag.py
[2026-05-21T13:37:11.621+0000] {processor.py:914} INFO - Processing file /opt/airflow/dags/retail_sales_pipeline_dag.py for tasks to queue
[2026-05-21T13:37:11.625+0000] {logging_mixin.py:190} INFO - [2026-05-21T13:37:11.624+0000] {dagbag.py:588} INFO - Filling up the DagBag from /opt/airflow/dags/retail_sales_pipeline_dag.py
[2026-05-21T13:37:11.653+0000] {processor.py:925} INFO - DAG(s) 'retail_sales_data_engineering_pipeline' retrieved from /opt/airflow/dags/retail_sales_pipeline_dag.py
[2026-05-21T13:37:11.693+0000] {logging_mixin.py:190} INFO - [2026-05-21T13:37:11.692+0000] {dag.py:3239} INFO - Sync 1 DAGs
[2026-05-21T13:37:11.721+0000] {logging_mixin.py:190} INFO - [2026-05-21T13:37:11.721+0000] {dag.py:4180} INFO - Setting next_dagrun for retail_sales_data_engineering_pipeline to 2026-05-21 00:00:00+00:00, run_after=2026-05-22 00:00:00+00:00
[2026-05-21T13:37:11.744+0000] {processor.py:208} INFO - Processing /opt/airflow/dags/retail_sales_pipeline_dag.py took 0.131 seconds
[2026-05-21T13:37:41.952+0000] {processor.py:186} INFO - Started process (PID=917) to work on /opt/airflow/dags/retail_sales_pipeline_dag.py
[2026-05-21T13:37:41.954+0000] {processor.py:914} INFO - Processing file /opt/airflow/dags/retail_sales_pipeline_dag.py for tasks to queue
[2026-05-21T13:37:41.957+0000] {logging_mixin.py:190} INFO - [2026-05-21T13:37:41.956+0000] {dagbag.py:588} INFO - Filling up the DagBag from /opt/airflow/dags/retail_sales_pipeline_dag.py
[2026-05-21T13:37:41.984+0000] {processor.py:925} INFO - DAG(s) 'retail_sales_data_engineering_pipeline' retrieved from /opt/airflow/dags/retail_sales_pipeline_dag.py
[2026-05-21T13:37:42.020+0000] {logging_mixin.py:190} INFO - [2026-05-21T13:37:42.020+0000] {dag.py:3239} INFO - Sync 1 DAGs
[2026-05-21T13:37:42.048+0000] {logging_mixin.py:190} INFO - [2026-05-21T13:37:42.048+0000] {dag.py:4180} INFO - Setting next_dagrun for retail_sales_data_engineering_pipeline to 2026-05-21 00:00:00+00:00, run_after=2026-05-22 00:00:00+00:00
[2026-05-21T13:37:42.070+0000] {processor.py:208} INFO - Processing /opt/airflow/dags/retail_sales_pipeline_dag.py took 0.124 seconds
[2026-05-21T13:38:13.289+0000] {processor.py:186} INFO - Started process (PID=922) to work on /opt/airflow/dags/retail_sales_pipeline_dag.py
[2026-05-21T13:38:13.290+0000] {processor.py:914} INFO - Processing file /opt/airflow/dags/retail_sales_pipeline_dag.py for tasks to queue
[2026-05-21T13:38:13.293+0000] {logging_mixin.py:190} INFO - [2026-05-21T13:38:13.292+0000] {dagbag.py:588} INFO - Filling up the DagBag from /opt/airflow/dags/retail_sales_pipeline_dag.py
[2026-05-21T13:38:13.319+0000] {processor.py:925} INFO - DAG(s) 'retail_sales_data_engineering_pipeline' retrieved from /opt/airflow/dags/retail_sales_pipeline_dag.py
[2026-05-21T13:38:13.355+0000] {logging_mixin.py:190} INFO - [2026-05-21T13:38:13.354+0000] {dag.py:3239} INFO - Sync 1 DAGs
[2026-05-21T13:38:13.383+0000] {logging_mixin.py:190} INFO - [2026-05-21T13:38:13.383+0000] {dag.py:4180} INFO - Setting next_dagrun for retail_sales_data_engineering_pipeline to 2026-05-21 00:00:00+00:00, run_after=2026-05-22 00:00:00+00:00
[2026-05-21T13:38:13.407+0000] {processor.py:208} INFO - Processing /opt/airflow/dags/retail_sales_pipeline_dag.py took 0.125 seconds
[2026-05-21T13:38:44.089+0000] {processor.py:186} INFO - Started process (PID=927) to work on /opt/airflow/dags/retail_sales_pipeline_dag.py
[2026-05-21T13:38:44.090+0000] {processor.py:914} INFO - Processing file /opt/airflow/dags/retail_sales_pipeline_dag.py for tasks to queue
[2026-05-21T13:38:44.093+0000] {logging_mixin.py:190} INFO - [2026-05-21T13:38:44.092+0000] {dagbag.py:588} INFO - Filling up the DagBag from /opt/airflow/dags/retail_sales_pipeline_dag.py
[2026-05-21T13:38:44.116+0000] {processor.py:925} INFO - DAG(s) 'retail_sales_data_engineering_pipeline' retrieved from /opt/airflow/dags/retail_sales_pipeline_dag.py
[2026-05-21T13:38:44.155+0000] {logging_mixin.py:190} INFO - [2026-05-21T13:38:44.154+0000] {dag.py:3239} INFO - Sync 1 DAGs
[2026-05-21T13:38:44.183+0000] {logging_mixin.py:190} INFO - [2026-05-21T13:38:44.183+0000] {dag.py:4180} INFO - Setting next_dagrun for retail_sales_data_engineering_pipeline to 2026-05-21 00:00:00+00:00, run_after=2026-05-22 00:00:00+00:00
[2026-05-21T13:38:44.206+0000] {processor.py:208} INFO - Processing /opt/airflow/dags/retail_sales_pipeline_dag.py took 0.124 seconds
[2026-05-21T13:39:14.617+0000] {processor.py:186} INFO - Started process (PID=932) to work on /opt/airflow/dags/retail_sales_pipeline_dag.py
[2026-05-21T13:39:14.618+0000] {processor.py:914} INFO - Processing file /opt/airflow/dags/retail_sales_pipeline_dag.py for tasks to queue
[2026-05-21T13:39:14.621+0000] {logging_mixin.py:190} INFO - [2026-05-21T13:39:14.621+0000] {dagbag.py:588} INFO - Filling up the DagBag from /opt/airflow/dags/retail_sales_pipeline_dag.py
[2026-05-21T13:39:14.644+0000] {processor.py:925} INFO - DAG(s) 'retail_sales_data_engineering_pipeline' retrieved from /opt/airflow/dags/retail_sales_pipeline_dag.py
[2026-05-21T13:39:14.680+0000] {logging_mixin.py:190} INFO - [2026-05-21T13:39:14.680+0000] {dag.py:3239} INFO - Sync 1 DAGs
[2026-05-21T13:39:14.706+0000] {logging_mixin.py:190} INFO - [2026-05-21T13:39:14.705+0000] {dag.py:4180} INFO - Setting next_dagrun for retail_sales_data_engineering_pipeline to 2026-05-21 00:00:00+00:00, run_after=2026-05-22 00:00:00+00:00
[2026-05-21T13:39:14.725+0000] {processor.py:208} INFO - Processing /opt/airflow/dags/retail_sales_pipeline_dag.py took 0.114 seconds
[2026-05-21T13:39:45.871+0000] {processor.py:186} INFO - Started process (PID=937) to work on /opt/airflow/dags/retail_sales_pipeline_dag.py
[2026-05-21T13:39:45.872+0000] {processor.py:914} INFO - Processing file /opt/airflow/dags/retail_sales_pipeline_dag.py for tasks to queue
[2026-05-21T13:39:45.875+0000] {logging_mixin.py:190} INFO - [2026-05-21T13:39:45.875+0000] {dagbag.py:588} INFO - Filling up the DagBag from /opt/airflow/dags/retail_sales_pipeline_dag.py
[2026-05-21T13:39:45.901+0000] {processor.py:925} INFO - DAG(s) 'retail_sales_data_engineering_pipeline' retrieved from /opt/airflow/dags/retail_sales_pipeline_dag.py
[2026-05-21T13:39:45.935+0000] {logging_mixin.py:190} INFO - [2026-05-21T13:39:45.935+0000] {dag.py:3239} INFO - Sync 1 DAGs
[2026-05-21T13:39:45.960+0000] {logging_mixin.py:190} INFO - [2026-05-21T13:39:45.960+0000] {dag.py:4180} INFO - Setting next_dagrun for retail_sales_data_engineering_pipeline to 2026-05-21 00:00:00+00:00, run_after=2026-05-22 00:00:00+00:00
[2026-05-21T13:39:45.979+0000] {processor.py:208} INFO - Processing /opt/airflow/dags/retail_sales_pipeline_dag.py took 0.114 seconds
[2026-05-21T13:40:17.258+0000] {processor.py:186} INFO - Started process (PID=942) to work on /opt/airflow/dags/retail_sales_pipeline_dag.py
[2026-05-21T13:40:17.262+0000] {processor.py:914} INFO - Processing file /opt/airflow/dags/retail_sales_pipeline_dag.py for tasks to queue
[2026-05-21T13:40:17.268+0000] {logging_mixin.py:190} INFO - [2026-05-21T13:40:17.268+0000] {dagbag.py:588} INFO - Filling up the DagBag from /opt/airflow/dags/retail_sales_pipeline_dag.py
[2026-05-21T13:40:17.307+0000] {processor.py:925} INFO - DAG(s) 'retail_sales_data_engineering_pipeline' retrieved from /opt/airflow/dags/retail_sales_pipeline_dag.py
[2026-05-21T13:40:17.531+0000] {logging_mixin.py:190} INFO - [2026-05-21T13:40:17.530+0000] {dag.py:3239} INFO - Sync 1 DAGs
[2026-05-21T13:40:17.675+0000] {logging_mixin.py:190} INFO - [2026-05-21T13:40:17.675+0000] {dag.py:4180} INFO - Setting next_dagrun for retail_sales_data_engineering_pipeline to 2026-05-21 00:00:00+00:00, run_after=2026-05-22 00:00:00+00:00
[2026-05-21T13:40:17.766+0000] {processor.py:208} INFO - Processing /opt/airflow/dags/retail_sales_pipeline_dag.py took 0.521 seconds
[2026-05-21T13:40:48.161+0000] {processor.py:186} INFO - Started process (PID=947) to work on /opt/airflow/dags/retail_sales_pipeline_dag.py
[2026-05-21T13:40:48.162+0000] {processor.py:914} INFO - Processing file /opt/airflow/dags/retail_sales_pipeline_dag.py for tasks to queue
[2026-05-21T13:40:48.165+0000] {logging_mixin.py:190} INFO - [2026-05-21T13:40:48.165+0000] {dagbag.py:588} INFO - Filling up the DagBag from /opt/airflow/dags/retail_sales_pipeline_dag.py
[2026-05-21T13:40:48.190+0000] {processor.py:925} INFO - DAG(s) 'retail_sales_data_engineering_pipeline' retrieved from /opt/airflow/dags/retail_sales_pipeline_dag.py
[2026-05-21T13:40:48.234+0000] {logging_mixin.py:190} INFO - [2026-05-21T13:40:48.233+0000] {dag.py:3239} INFO - Sync 1 DAGs
[2026-05-21T13:40:48.264+0000] {logging_mixin.py:190} INFO - [2026-05-21T13:40:48.263+0000] {dag.py:4180} INFO - Setting next_dagrun for retail_sales_data_engineering_pipeline to 2026-05-21 00:00:00+00:00, run_after=2026-05-22 00:00:00+00:00
[2026-05-21T13:40:48.331+0000] {processor.py:208} INFO - Processing /opt/airflow/dags/retail_sales_pipeline_dag.py took 0.178 seconds
[2026-05-21T13:41:19.467+0000] {processor.py:186} INFO - Started process (PID=952) to work on /opt/airflow/dags/retail_sales_pipeline_dag.py
[2026-05-21T13:41:19.468+0000] {processor.py:914} INFO - Processing file /opt/airflow/dags/retail_sales_pipeline_dag.py for tasks to queue
[2026-05-21T13:41:19.471+0000] {logging_mixin.py:190} INFO - [2026-05-21T13:41:19.471+0000] {dagbag.py:588} INFO - Filling up the DagBag from /opt/airflow/dags/retail_sales_pipeline_dag.py
[2026-05-21T13:41:19.499+0000] {processor.py:925} INFO - DAG(s) 'retail_sales_data_engineering_pipeline' retrieved from /opt/airflow/dags/retail_sales_pipeline_dag.py
[2026-05-21T13:41:19.541+0000] {logging_mixin.py:190} INFO - [2026-05-21T13:41:19.540+0000] {dag.py:3239} INFO - Sync 1 DAGs
[2026-05-21T13:41:19.568+0000] {logging_mixin.py:190} INFO - [2026-05-21T13:41:19.568+0000] {dag.py:4180} INFO - Setting next_dagrun for retail_sales_data_engineering_pipeline to 2026-05-21 00:00:00+00:00, run_after=2026-05-22 00:00:00+00:00
[2026-05-21T13:41:19.626+0000] {processor.py:208} INFO - Processing /opt/airflow/dags/retail_sales_pipeline_dag.py took 0.165 seconds
[2026-05-21T13:41:50.366+0000] {processor.py:186} INFO - Started process (PID=957) to work on /opt/airflow/dags/retail_sales_pipeline_dag.py
[2026-05-21T13:41:50.368+0000] {processor.py:914} INFO - Processing file /opt/airflow/dags/retail_sales_pipeline_dag.py for tasks to queue
[2026-05-21T13:41:50.371+0000] {logging_mixin.py:190} INFO - [2026-05-21T13:41:50.370+0000] {dagbag.py:588} INFO - Filling up the DagBag from /opt/airflow/dags/retail_sales_pipeline_dag.py
[2026-05-21T13:41:50.399+0000] {processor.py:925} INFO - DAG(s) 'retail_sales_data_engineering_pipeline' retrieved from /opt/airflow/dags/retail_sales_pipeline_dag.py
[2026-05-21T13:41:50.473+0000] {logging_mixin.py:190} INFO - [2026-05-21T13:41:50.472+0000] {dag.py:3239} INFO - Sync 1 DAGs
[2026-05-21T13:41:50.501+0000] {logging_mixin.py:190} INFO - [2026-05-21T13:41:50.501+0000] {dag.py:4180} INFO - Setting next_dagrun for retail_sales_data_engineering_pipeline to 2026-05-21 00:00:00+00:00, run_after=2026-05-22 00:00:00+00:00
[2026-05-21T13:41:50.558+0000] {processor.py:208} INFO - Processing /opt/airflow/dags/retail_sales_pipeline_dag.py took 0.201 seconds
[2026-05-21T13:42:20.865+0000] {processor.py:186} INFO - Started process (PID=962) to work on /opt/airflow/dags/retail_sales_pipeline_dag.py
[2026-05-21T13:42:20.866+0000] {processor.py:914} INFO - Processing file /opt/airflow/dags/retail_sales_pipeline_dag.py for tasks to queue
[2026-05-21T13:42:20.869+0000] {logging_mixin.py:190} INFO - [2026-05-21T13:42:20.869+0000] {dagbag.py:588} INFO - Filling up the DagBag from /opt/airflow/dags/retail_sales_pipeline_dag.py
[2026-05-21T13:42:20.896+0000] {processor.py:925} INFO - DAG(s) 'retail_sales_data_engineering_pipeline' retrieved from /opt/airflow/dags/retail_sales_pipeline_dag.py
[2026-05-21T13:42:20.937+0000] {logging_mixin.py:190} INFO - [2026-05-21T13:42:20.936+0000] {dag.py:3239} INFO - Sync 1 DAGs
[2026-05-21T13:42:20.965+0000] {logging_mixin.py:190} INFO - [2026-05-21T13:42:20.964+0000] {dag.py:4180} INFO - Setting next_dagrun for retail_sales_data_engineering_pipeline to 2026-05-21 00:00:00+00:00, run_after=2026-05-22 00:00:00+00:00
[2026-05-21T13:42:21.020+0000] {processor.py:208} INFO - Processing /opt/airflow/dags/retail_sales_pipeline_dag.py took 0.162 seconds
[2026-05-21T13:42:52.212+0000] {processor.py:186} INFO - Started process (PID=967) to work on /opt/airflow/dags/retail_sales_pipeline_dag.py
[2026-05-21T13:42:52.213+0000] {processor.py:914} INFO - Processing file /opt/airflow/dags/retail_sales_pipeline_dag.py for tasks to queue
[2026-05-21T13:42:52.216+0000] {logging_mixin.py:190} INFO - [2026-05-21T13:42:52.216+0000] {dagbag.py:588} INFO - Filling up the DagBag from /opt/airflow/dags/retail_sales_pipeline_dag.py
[2026-05-21T13:42:52.243+0000] {processor.py:925} INFO - DAG(s) 'retail_sales_data_engineering_pipeline' retrieved from /opt/airflow/dags/retail_sales_pipeline_dag.py
[2026-05-21T13:42:52.281+0000] {logging_mixin.py:190} INFO - [2026-05-21T13:42:52.280+0000] {dag.py:3239} INFO - Sync 1 DAGs
[2026-05-21T13:42:52.311+0000] {logging_mixin.py:190} INFO - [2026-05-21T13:42:52.310+0000] {dag.py:4180} INFO - Setting next_dagrun for retail_sales_data_engineering_pipeline to 2026-05-21 00:00:00+00:00, run_after=2026-05-22 00:00:00+00:00
[2026-05-21T13:42:52.351+0000] {processor.py:208} INFO - Processing /opt/airflow/dags/retail_sales_pipeline_dag.py took 0.145 seconds
[2026-05-21T13:43:22.766+0000] {processor.py:186} INFO - Started process (PID=972) to work on /opt/airflow/dags/retail_sales_pipeline_dag.py
[2026-05-21T13:43:22.768+0000] {processor.py:914} INFO - Processing file /opt/airflow/dags/retail_sales_pipeline_dag.py for tasks to queue
[2026-05-21T13:43:22.770+0000] {logging_mixin.py:190} INFO - [2026-05-21T13:43:22.770+0000] {dagbag.py:588} INFO - Filling up the DagBag from /opt/airflow/dags/retail_sales_pipeline_dag.py
[2026-05-21T13:43:22.800+0000] {processor.py:925} INFO - DAG(s) 'retail_sales_data_engineering_pipeline' retrieved from /opt/airflow/dags/retail_sales_pipeline_dag.py
[2026-05-21T13:43:22.876+0000] {logging_mixin.py:190} INFO - [2026-05-21T13:43:22.876+0000] {dag.py:3239} INFO - Sync 1 DAGs
[2026-05-21T13:43:22.908+0000] {logging_mixin.py:190} INFO - [2026-05-21T13:43:22.908+0000] {dag.py:4180} INFO - Setting next_dagrun for retail_sales_data_engineering_pipeline to 2026-05-21 00:00:00+00:00, run_after=2026-05-22 00:00:00+00:00
[2026-05-21T13:43:22.947+0000] {processor.py:208} INFO - Processing /opt/airflow/dags/retail_sales_pipeline_dag.py took 0.188 seconds
[2026-05-21T13:43:54.033+0000] {processor.py:186} INFO - Started process (PID=977) to work on /opt/airflow/dags/retail_sales_pipeline_dag.py
[2026-05-21T13:43:54.035+0000] {processor.py:914} INFO - Processing file /opt/airflow/dags/retail_sales_pipeline_dag.py for tasks to queue
[2026-05-21T13:43:54.039+0000] {logging_mixin.py:190} INFO - [2026-05-21T13:43:54.038+0000] {dagbag.py:588} INFO - Filling up the DagBag from /opt/airflow/dags/retail_sales_pipeline_dag.py
[2026-05-21T13:43:54.072+0000] {processor.py:925} INFO - DAG(s) 'retail_sales_data_engineering_pipeline' retrieved from /opt/airflow/dags/retail_sales_pipeline_dag.py
[2026-05-21T13:43:54.112+0000] {logging_mixin.py:190} INFO - [2026-05-21T13:43:54.112+0000] {dag.py:3239} INFO - Sync 1 DAGs
[2026-05-21T13:43:54.141+0000] {logging_mixin.py:190} INFO - [2026-05-21T13:43:54.141+0000] {dag.py:4180} INFO - Setting next_dagrun for retail_sales_data_engineering_pipeline to 2026-05-21 00:00:00+00:00, run_after=2026-05-22 00:00:00+00:00
[2026-05-21T13:43:54.162+0000] {processor.py:208} INFO - Processing /opt/airflow/dags/retail_sales_pipeline_dag.py took 0.137 seconds
[2026-05-21T13:44:25.262+0000] {processor.py:186} INFO - Started process (PID=982) to work on /opt/airflow/dags/retail_sales_pipeline_dag.py
[2026-05-21T13:44:25.263+0000] {processor.py:914} INFO - Processing file /opt/airflow/dags/retail_sales_pipeline_dag.py for tasks to queue
[2026-05-21T13:44:25.267+0000] {logging_mixin.py:190} INFO - [2026-05-21T13:44:25.266+0000] {dagbag.py:588} INFO - Filling up the DagBag from /opt/airflow/dags/retail_sales_pipeline_dag.py
[2026-05-21T13:44:25.299+0000] {processor.py:925} INFO - DAG(s) 'retail_sales_data_engineering_pipeline' retrieved from /opt/airflow/dags/retail_sales_pipeline_dag.py
[2026-05-21T13:44:25.371+0000] {logging_mixin.py:190} INFO - [2026-05-21T13:44:25.371+0000] {dag.py:3239} INFO - Sync 1 DAGs
[2026-05-21T13:44:25.402+0000] {logging_mixin.py:190} INFO - [2026-05-21T13:44:25.402+0000] {dag.py:4180} INFO - Setting next_dagrun for retail_sales_data_engineering_pipeline to 2026-05-21 00:00:00+00:00, run_after=2026-05-22 00:00:00+00:00
[2026-05-21T13:44:25.460+0000] {processor.py:208} INFO - Processing /opt/airflow/dags/retail_sales_pipeline_dag.py took 0.205 seconds
[2026-05-21T13:44:56.613+0000] {processor.py:186} INFO - Started process (PID=987) to work on /opt/airflow/dags/retail_sales_pipeline_dag.py
[2026-05-21T13:44:56.615+0000] {processor.py:914} INFO - Processing file /opt/airflow/dags/retail_sales_pipeline_dag.py for tasks to queue
[2026-05-21T13:44:56.619+0000] {logging_mixin.py:190} INFO - [2026-05-21T13:44:56.618+0000] {dagbag.py:588} INFO - Filling up the DagBag from /opt/airflow/dags/retail_sales_pipeline_dag.py
[2026-05-21T13:44:56.675+0000] {processor.py:925} INFO - DAG(s) 'retail_sales_data_engineering_pipeline' retrieved from /opt/airflow/dags/retail_sales_pipeline_dag.py
[2026-05-21T13:44:56.711+0000] {logging_mixin.py:190} INFO - [2026-05-21T13:44:56.711+0000] {dag.py:3239} INFO - Sync 1 DAGs
[2026-05-21T13:44:56.738+0000] {logging_mixin.py:190} INFO - [2026-05-21T13:44:56.737+0000] {dag.py:4180} INFO - Setting next_dagrun for retail_sales_data_engineering_pipeline to 2026-05-21 00:00:00+00:00, run_after=2026-05-22 00:00:00+00:00
[2026-05-21T13:44:56.792+0000] {processor.py:208} INFO - Processing /opt/airflow/dags/retail_sales_pipeline_dag.py took 0.185 seconds
[2026-05-21T13:45:27.597+0000] {processor.py:186} INFO - Started process (PID=992) to work on /opt/airflow/dags/retail_sales_pipeline_dag.py
[2026-05-21T13:45:27.599+0000] {processor.py:914} INFO - Processing file /opt/airflow/dags/retail_sales_pipeline_dag.py for tasks to queue
[2026-05-21T13:45:27.604+0000] {logging_mixin.py:190} INFO - [2026-05-21T13:45:27.603+0000] {dagbag.py:588} INFO - Filling up the DagBag from /opt/airflow/dags/retail_sales_pipeline_dag.py
[2026-05-21T13:45:27.631+0000] {processor.py:925} INFO - DAG(s) 'retail_sales_data_engineering_pipeline' retrieved from /opt/airflow/dags/retail_sales_pipeline_dag.py
[2026-05-21T13:45:27.665+0000] {logging_mixin.py:190} INFO - [2026-05-21T13:45:27.665+0000] {dag.py:3239} INFO - Sync 1 DAGs
[2026-05-21T13:45:27.693+0000] {logging_mixin.py:190} INFO - [2026-05-21T13:45:27.693+0000] {dag.py:4180} INFO - Setting next_dagrun for retail_sales_data_engineering_pipeline to 2026-05-21 00:00:00+00:00, run_after=2026-05-22 00:00:00+00:00
[2026-05-21T13:45:27.725+0000] {processor.py:208} INFO - Processing /opt/airflow/dags/retail_sales_pipeline_dag.py took 0.136 seconds
[2026-05-21T13:45:58.065+0000] {processor.py:186} INFO - Started process (PID=997) to work on /opt/airflow/dags/retail_sales_pipeline_dag.py
[2026-05-21T13:45:58.067+0000] {processor.py:914} INFO - Processing file /opt/airflow/dags/retail_sales_pipeline_dag.py for tasks to queue
[2026-05-21T13:45:58.071+0000] {logging_mixin.py:190} INFO - [2026-05-21T13:45:58.070+0000] {dagbag.py:588} INFO - Filling up the DagBag from /opt/airflow/dags/retail_sales_pipeline_dag.py
[2026-05-21T13:45:58.100+0000] {processor.py:925} INFO - DAG(s) 'retail_sales_data_engineering_pipeline' retrieved from /opt/airflow/dags/retail_sales_pipeline_dag.py
[2026-05-21T13:45:58.186+0000] {logging_mixin.py:190} INFO - [2026-05-21T13:45:58.185+0000] {dag.py:3239} INFO - Sync 1 DAGs
[2026-05-21T13:45:58.215+0000] {logging_mixin.py:190} INFO - [2026-05-21T13:45:58.214+0000] {dag.py:4180} INFO - Setting next_dagrun for retail_sales_data_engineering_pipeline to 2026-05-21 00:00:00+00:00, run_after=2026-05-22 00:00:00+00:00
[2026-05-21T13:45:58.241+0000] {processor.py:208} INFO - Processing /opt/airflow/dags/retail_sales_pipeline_dag.py took 0.183 seconds
[2026-05-21T13:46:28.519+0000] {processor.py:186} INFO - Started process (PID=1002) to work on /opt/airflow/dags/retail_sales_pipeline_dag.py
[2026-05-21T13:46:28.521+0000] {processor.py:914} INFO - Processing file /opt/airflow/dags/retail_sales_pipeline_dag.py for tasks to queue
[2026-05-21T13:46:28.525+0000] {logging_mixin.py:190} INFO - [2026-05-21T13:46:28.524+0000] {dagbag.py:588} INFO - Filling up the DagBag from /opt/airflow/dags/retail_sales_pipeline_dag.py
[2026-05-21T13:46:28.556+0000] {processor.py:925} INFO - DAG(s) 'retail_sales_data_engineering_pipeline' retrieved from /opt/airflow/dags/retail_sales_pipeline_dag.py
[2026-05-21T13:46:28.600+0000] {logging_mixin.py:190} INFO - [2026-05-21T13:46:28.600+0000] {dag.py:3239} INFO - Sync 1 DAGs
[2026-05-21T13:46:28.633+0000] {logging_mixin.py:190} INFO - [2026-05-21T13:46:28.633+0000] {dag.py:4180} INFO - Setting next_dagrun for retail_sales_data_engineering_pipeline to 2026-05-21 00:00:00+00:00, run_after=2026-05-22 00:00:00+00:00
[2026-05-21T13:46:28.691+0000] {processor.py:208} INFO - Processing /opt/airflow/dags/retail_sales_pipeline_dag.py took 0.180 seconds
[2026-05-21T13:46:59.216+0000] {processor.py:186} INFO - Started process (PID=1007) to work on /opt/airflow/dags/retail_sales_pipeline_dag.py
[2026-05-21T13:46:59.219+0000] {processor.py:914} INFO - Processing file /opt/airflow/dags/retail_sales_pipeline_dag.py for tasks to queue
[2026-05-21T13:46:59.223+0000] {logging_mixin.py:190} INFO - [2026-05-21T13:46:59.222+0000] {dagbag.py:588} INFO - Filling up the DagBag from /opt/airflow/dags/retail_sales_pipeline_dag.py
[2026-05-21T13:46:59.704+0000] {processor.py:925} INFO - DAG(s) 'retail_sales_data_engineering_pipeline' retrieved from /opt/airflow/dags/retail_sales_pipeline_dag.py
[2026-05-21T13:46:59.744+0000] {logging_mixin.py:190} INFO - [2026-05-21T13:46:59.743+0000] {dag.py:3239} INFO - Sync 1 DAGs
[2026-05-21T13:46:59.769+0000] {logging_mixin.py:190} INFO - [2026-05-21T13:46:59.769+0000] {dag.py:4180} INFO - Setting next_dagrun for retail_sales_data_engineering_pipeline to 2026-05-21 00:00:00+00:00, run_after=2026-05-22 00:00:00+00:00
[2026-05-21T13:46:59.826+0000] {processor.py:208} INFO - Processing /opt/airflow/dags/retail_sales_pipeline_dag.py took 0.188 seconds
[2026-05-21T13:47:31.177+0000] {processor.py:186} INFO - Started process (PID=1012) to work on /opt/airflow/dags/retail_sales_pipeline_dag.py
[2026-05-21T13:47:31.178+0000] {processor.py:914} INFO - Processing file /opt/airflow/dags/retail_sales_pipeline_dag.py for tasks to queue
[2026-05-21T13:47:31.182+0000] {logging_mixin.py:190} INFO - [2026-05-21T13:47:31.181+0000] {dagbag.py:588} INFO - Filling up the DagBag from /opt/airflow/dags/retail_sales_pipeline_dag.py
[2026-05-21T13:47:31.218+0000] {processor.py:925} INFO - DAG(s) 'retail_sales_data_engineering_pipeline' retrieved from /opt/airflow/dags/retail_sales_pipeline_dag.py
[2026-05-21T13:47:31.260+0000] {logging_mixin.py:190} INFO - [2026-05-21T13:47:31.260+0000] {dag.py:3239} INFO - Sync 1 DAGs
[2026-05-21T13:47:31.290+0000] {logging_mixin.py:190} INFO - [2026-05-21T13:47:31.290+0000] {dag.py:4180} INFO - Setting next_dagrun for retail_sales_data_engineering_pipeline to 2026-05-21 00:00:00+00:00, run_after=2026-05-22 00:00:00+00:00
[2026-05-21T13:47:31.350+0000] {processor.py:208} INFO - Processing /opt/airflow/dags/retail_sales_pipeline_dag.py took 0.182 seconds
[2026-05-21T13:48:02.435+0000] {processor.py:186} INFO - Started process (PID=1017) to work on /opt/airflow/dags/retail_sales_pipeline_dag.py
[2026-05-21T13:48:02.437+0000] {processor.py:914} INFO - Processing file /opt/airflow/dags/retail_sales_pipeline_dag.py for tasks to queue
[2026-05-21T13:48:02.441+0000] {logging_mixin.py:190} INFO - [2026-05-21T13:48:02.440+0000] {dagbag.py:588} INFO - Filling up the DagBag from /opt/airflow/dags/retail_sales_pipeline_dag.py
[2026-05-21T13:48:02.475+0000] {processor.py:925} INFO - DAG(s) 'retail_sales_data_engineering_pipeline' retrieved from /opt/airflow/dags/retail_sales_pipeline_dag.py
[2026-05-21T13:48:02.521+0000] {logging_mixin.py:190} INFO - [2026-05-21T13:48:02.520+0000] {dag.py:3239} INFO - Sync 1 DAGs
[2026-05-21T13:48:02.549+0000] {logging_mixin.py:190} INFO - [2026-05-21T13:48:02.549+0000] {dag.py:4180} INFO - Setting next_dagrun for retail_sales_data_engineering_pipeline to 2026-05-21 00:00:00+00:00, run_after=2026-05-22 00:00:00+00:00
[2026-05-21T13:48:02.609+0000] {processor.py:208} INFO - Processing /opt/airflow/dags/retail_sales_pipeline_dag.py took 0.183 seconds
[2026-05-21T13:48:32.911+0000] {processor.py:186} INFO - Started process (PID=1022) to work on /opt/airflow/dags/retail_sales_pipeline_dag.py
[2026-05-21T13:48:32.912+0000] {processor.py:914} INFO - Processing file /opt/airflow/dags/retail_sales_pipeline_dag.py for tasks to queue
[2026-05-21T13:48:32.915+0000] {logging_mixin.py:190} INFO - [2026-05-21T13:48:32.915+0000] {dagbag.py:588} INFO - Filling up the DagBag from /opt/airflow/dags/retail_sales_pipeline_dag.py
[2026-05-21T13:48:32.944+0000] {processor.py:925} INFO - DAG(s) 'retail_sales_data_engineering_pipeline' retrieved from /opt/airflow/dags/retail_sales_pipeline_dag.py
[2026-05-21T13:48:32.980+0000] {logging_mixin.py:190} INFO - [2026-05-21T13:48:32.979+0000] {dag.py:3239} INFO - Sync 1 DAGs
[2026-05-21T13:48:33.006+0000] {logging_mixin.py:190} INFO - [2026-05-21T13:48:33.005+0000] {dag.py:4180} INFO - Setting next_dagrun for retail_sales_data_engineering_pipeline to 2026-05-21 00:00:00+00:00, run_after=2026-05-22 00:00:00+00:00
[2026-05-21T13:48:33.030+0000] {processor.py:208} INFO - Processing /opt/airflow/dags/retail_sales_pipeline_dag.py took 0.125 seconds
[2026-05-21T13:49:04.234+0000] {processor.py:186} INFO - Started process (PID=1027) to work on /opt/airflow/dags/retail_sales_pipeline_dag.py
[2026-05-21T13:49:04.236+0000] {processor.py:914} INFO - Processing file /opt/airflow/dags/retail_sales_pipeline_dag.py for tasks to queue
[2026-05-21T13:49:04.240+0000] {logging_mixin.py:190} INFO - [2026-05-21T13:49:04.239+0000] {dagbag.py:588} INFO - Filling up the DagBag from /opt/airflow/dags/retail_sales_pipeline_dag.py
[2026-05-21T13:49:04.267+0000] {processor.py:925} INFO - DAG(s) 'retail_sales_data_engineering_pipeline' retrieved from /opt/airflow/dags/retail_sales_pipeline_dag.py
[2026-05-21T13:49:04.302+0000] {logging_mixin.py:190} INFO - [2026-05-21T13:49:04.302+0000] {dag.py:3239} INFO - Sync 1 DAGs
[2026-05-21T13:49:04.329+0000] {logging_mixin.py:190} INFO - [2026-05-21T13:49:04.329+0000] {dag.py:4180} INFO - Setting next_dagrun for retail_sales_data_engineering_pipeline to 2026-05-21 00:00:00+00:00, run_after=2026-05-22 00:00:00+00:00
[2026-05-21T13:49:04.353+0000] {processor.py:208} INFO - Processing /opt/airflow/dags/retail_sales_pipeline_dag.py took 0.128 seconds
[2026-05-21T13:49:35.589+0000] {processor.py:186} INFO - Started process (PID=1032) to work on /opt/airflow/dags/retail_sales_pipeline_dag.py
[2026-05-21T13:49:35.590+0000] {processor.py:914} INFO - Processing file /opt/airflow/dags/retail_sales_pipeline_dag.py for tasks to queue
[2026-05-21T13:49:35.594+0000] {logging_mixin.py:190} INFO - [2026-05-21T13:49:35.594+0000] {dagbag.py:588} INFO - Filling up the DagBag from /opt/airflow/dags/retail_sales_pipeline_dag.py
[2026-05-21T13:49:35.619+0000] {processor.py:925} INFO - DAG(s) 'retail_sales_data_engineering_pipeline' retrieved from /opt/airflow/dags/retail_sales_pipeline_dag.py
[2026-05-21T13:49:35.654+0000] {logging_mixin.py:190} INFO - [2026-05-21T13:49:35.654+0000] {dag.py:3239} INFO - Sync 1 DAGs
[2026-05-21T13:49:35.682+0000] {logging_mixin.py:190} INFO - [2026-05-21T13:49:35.681+0000] {dag.py:4180} INFO - Setting next_dagrun for retail_sales_data_engineering_pipeline to 2026-05-21 00:00:00+00:00, run_after=2026-05-22 00:00:00+00:00
[2026-05-21T13:49:35.703+0000] {processor.py:208} INFO - Processing /opt/airflow/dags/retail_sales_pipeline_dag.py took 0.122 seconds
[2026-05-21T13:50:05.799+0000] {processor.py:186} INFO - Started process (PID=1037) to work on /opt/airflow/dags/retail_sales_pipeline_dag.py
[2026-05-21T13:50:05.801+0000] {processor.py:914} INFO - Processing file /opt/airflow/dags/retail_sales_pipeline_dag.py for tasks to queue
[2026-05-21T13:50:05.804+0000] {logging_mixin.py:190} INFO - [2026-05-21T13:50:05.804+0000] {dagbag.py:588} INFO - Filling up the DagBag from /opt/airflow/dags/retail_sales_pipeline_dag.py
[2026-05-21T13:50:05.830+0000] {processor.py:925} INFO - DAG(s) 'retail_sales_data_engineering_pipeline' retrieved from /opt/airflow/dags/retail_sales_pipeline_dag.py
[2026-05-21T13:50:05.869+0000] {logging_mixin.py:190} INFO - [2026-05-21T13:50:05.869+0000] {dag.py:3239} INFO - Sync 1 DAGs
[2026-05-21T13:50:05.896+0000] {logging_mixin.py:190} INFO - [2026-05-21T13:50:05.896+0000] {dag.py:4180} INFO - Setting next_dagrun for retail_sales_data_engineering_pipeline to 2026-05-21 00:00:00+00:00, run_after=2026-05-22 00:00:00+00:00
[2026-05-21T13:50:05.919+0000] {processor.py:208} INFO - Processing /opt/airflow/dags/retail_sales_pipeline_dag.py took 0.126 seconds
[2026-05-21T13:50:37.246+0000] {processor.py:186} INFO - Started process (PID=1042) to work on /opt/airflow/dags/retail_sales_pipeline_dag.py
[2026-05-21T13:50:37.248+0000] {processor.py:914} INFO - Processing file /opt/airflow/dags/retail_sales_pipeline_dag.py for tasks to queue
[2026-05-21T13:50:37.253+0000] {logging_mixin.py:190} INFO - [2026-05-21T13:50:37.252+0000] {dagbag.py:588} INFO - Filling up the DagBag from /opt/airflow/dags/retail_sales_pipeline_dag.py
[2026-05-21T13:50:37.288+0000] {processor.py:925} INFO - DAG(s) 'retail_sales_data_engineering_pipeline' retrieved from /opt/airflow/dags/retail_sales_pipeline_dag.py
[2026-05-21T13:50:37.328+0000] {logging_mixin.py:190} INFO - [2026-05-21T13:50:37.328+0000] {dag.py:3239} INFO - Sync 1 DAGs
[2026-05-21T13:50:37.358+0000] {logging_mixin.py:190} INFO - [2026-05-21T13:50:37.358+0000] {dag.py:4180} INFO - Setting next_dagrun for retail_sales_data_engineering_pipeline to 2026-05-21 00:00:00+00:00, run_after=2026-05-22 00:00:00+00:00
[2026-05-21T13:50:37.385+0000] {processor.py:208} INFO - Processing /opt/airflow/dags/retail_sales_pipeline_dag.py took 0.146 seconds
[2026-05-21T13:51:08.462+0000] {processor.py:186} INFO - Started process (PID=1047) to work on /opt/airflow/dags/retail_sales_pipeline_dag.py
[2026-05-21T13:51:08.463+0000] {processor.py:914} INFO - Processing file /opt/airflow/dags/retail_sales_pipeline_dag.py for tasks to queue
[2026-05-21T13:51:08.465+0000] {logging_mixin.py:190} INFO - [2026-05-21T13:51:08.465+0000] {dagbag.py:588} INFO - Filling up the DagBag from /opt/airflow/dags/retail_sales_pipeline_dag.py
[2026-05-21T13:51:08.505+0000] {processor.py:925} INFO - DAG(s) 'retail_sales_data_engineering_pipeline' retrieved from /opt/airflow/dags/retail_sales_pipeline_dag.py
[2026-05-21T13:51:08.548+0000] {logging_mixin.py:190} INFO - [2026-05-21T13:51:08.548+0000] {dag.py:3239} INFO - Sync 1 DAGs
[2026-05-21T13:51:08.582+0000] {logging_mixin.py:190} INFO - [2026-05-21T13:51:08.581+0000] {dag.py:4180} INFO - Setting next_dagrun for retail_sales_data_engineering_pipeline to 2026-05-21 00:00:00+00:00, run_after=2026-05-22 00:00:00+00:00
[2026-05-21T13:51:08.606+0000] {processor.py:208} INFO - Processing /opt/airflow/dags/retail_sales_pipeline_dag.py took 0.151 seconds
[2026-05-21T13:51:38.930+0000] {processor.py:186} INFO - Started process (PID=1052) to work on /opt/airflow/dags/retail_sales_pipeline_dag.py
[2026-05-21T13:51:38.932+0000] {processor.py:914} INFO - Processing file /opt/airflow/dags/retail_sales_pipeline_dag.py for tasks to queue
[2026-05-21T13:51:38.935+0000] {logging_mixin.py:190} INFO - [2026-05-21T13:51:38.935+0000] {dagbag.py:588} INFO - Filling up the DagBag from /opt/airflow/dags/retail_sales_pipeline_dag.py
[2026-05-21T13:51:38.971+0000] {processor.py:925} INFO - DAG(s) 'retail_sales_data_engineering_pipeline' retrieved from /opt/airflow/dags/retail_sales_pipeline_dag.py
[2026-05-21T13:51:39.015+0000] {logging_mixin.py:190} INFO - [2026-05-21T13:51:39.014+0000] {dag.py:3239} INFO - Sync 1 DAGs
[2026-05-21T13:51:39.045+0000] {logging_mixin.py:190} INFO - [2026-05-21T13:51:39.045+0000] {dag.py:4180} INFO - Setting next_dagrun for retail_sales_data_engineering_pipeline to 2026-05-21 00:00:00+00:00, run_after=2026-05-22 00:00:00+00:00
[2026-05-21T13:51:39.074+0000] {processor.py:208} INFO - Processing /opt/airflow/dags/retail_sales_pipeline_dag.py took 0.151 seconds
[2026-05-21T13:52:10.090+0000] {processor.py:186} INFO - Started process (PID=1057) to work on /opt/airflow/dags/retail_sales_pipeline_dag.py
[2026-05-21T13:52:10.091+0000] {processor.py:914} INFO - Processing file /opt/airflow/dags/retail_sales_pipeline_dag.py for tasks to queue
[2026-05-21T13:52:10.094+0000] {logging_mixin.py:190} INFO - [2026-05-21T13:52:10.094+0000] {dagbag.py:588} INFO - Filling up the DagBag from /opt/airflow/dags/retail_sales_pipeline_dag.py
[2026-05-21T13:52:10.121+0000] {processor.py:925} INFO - DAG(s) 'retail_sales_data_engineering_pipeline' retrieved from /opt/airflow/dags/retail_sales_pipeline_dag.py
[2026-05-21T13:52:10.164+0000] {logging_mixin.py:190} INFO - [2026-05-21T13:52:10.163+0000] {dag.py:3239} INFO - Sync 1 DAGs
[2026-05-21T13:52:10.193+0000] {logging_mixin.py:190} INFO - [2026-05-21T13:52:10.193+0000] {dag.py:4180} INFO - Setting next_dagrun for retail_sales_data_engineering_pipeline to 2026-05-21 00:00:00+00:00, run_after=2026-05-22 00:00:00+00:00
[2026-05-21T13:52:10.217+0000] {processor.py:208} INFO - Processing /opt/airflow/dags/retail_sales_pipeline_dag.py took 0.134 seconds
[2026-05-21T13:52:41.594+0000] {processor.py:186} INFO - Started process (PID=1062) to work on /opt/airflow/dags/retail_sales_pipeline_dag.py
[2026-05-21T13:52:41.596+0000] {processor.py:914} INFO - Processing file /opt/airflow/dags/retail_sales_pipeline_dag.py for tasks to queue
[2026-05-21T13:52:41.599+0000] {logging_mixin.py:190} INFO - [2026-05-21T13:52:41.599+0000] {dagbag.py:588} INFO - Filling up the DagBag from /opt/airflow/dags/retail_sales_pipeline_dag.py
[2026-05-21T13:52:41.628+0000] {processor.py:925} INFO - DAG(s) 'retail_sales_data_engineering_pipeline' retrieved from /opt/airflow/dags/retail_sales_pipeline_dag.py
[2026-05-21T13:52:41.662+0000] {logging_mixin.py:190} INFO - [2026-05-21T13:52:41.662+0000] {dag.py:3239} INFO - Sync 1 DAGs
[2026-05-21T13:52:41.695+0000] {logging_mixin.py:190} INFO - [2026-05-21T13:52:41.694+0000] {dag.py:4180} INFO - Setting next_dagrun for retail_sales_data_engineering_pipeline to 2026-05-21 00:00:00+00:00, run_after=2026-05-22 00:00:00+00:00
[2026-05-21T13:52:41.717+0000] {processor.py:208} INFO - Processing /opt/airflow/dags/retail_sales_pipeline_dag.py took 0.130 seconds
[2026-05-21T13:53:11.934+0000] {processor.py:186} INFO - Started process (PID=1067) to work on /opt/airflow/dags/retail_sales_pipeline_dag.py
[2026-05-21T13:53:11.936+0000] {processor.py:914} INFO - Processing file /opt/airflow/dags/retail_sales_pipeline_dag.py for tasks to queue
[2026-05-21T13:53:11.941+0000] {logging_mixin.py:190} INFO - [2026-05-21T13:53:11.940+0000] {dagbag.py:588} INFO - Filling up the DagBag from /opt/airflow/dags/retail_sales_pipeline_dag.py
[2026-05-21T13:53:11.969+0000] {processor.py:925} INFO - DAG(s) 'retail_sales_data_engineering_pipeline' retrieved from /opt/airflow/dags/retail_sales_pipeline_dag.py
[2026-05-21T13:53:12.010+0000] {logging_mixin.py:190} INFO - [2026-05-21T13:53:12.010+0000] {dag.py:3239} INFO - Sync 1 DAGs
[2026-05-21T13:53:12.041+0000] {logging_mixin.py:190} INFO - [2026-05-21T13:53:12.041+0000] {dag.py:4180} INFO - Setting next_dagrun for retail_sales_data_engineering_pipeline to 2026-05-21 00:00:00+00:00, run_after=2026-05-22 00:00:00+00:00
[2026-05-21T13:53:12.064+0000] {processor.py:208} INFO - Processing /opt/airflow/dags/retail_sales_pipeline_dag.py took 0.140 seconds
[2026-05-21T13:53:43.287+0000] {processor.py:186} INFO - Started process (PID=1072) to work on /opt/airflow/dags/retail_sales_pipeline_dag.py
[2026-05-21T13:53:43.289+0000] {processor.py:914} INFO - Processing file /opt/airflow/dags/retail_sales_pipeline_dag.py for tasks to queue
[2026-05-21T13:53:43.295+0000] {logging_mixin.py:190} INFO - [2026-05-21T13:53:43.294+0000] {dagbag.py:588} INFO - Filling up the DagBag from /opt/airflow/dags/retail_sales_pipeline_dag.py
[2026-05-21T13:53:43.325+0000] {processor.py:925} INFO - DAG(s) 'retail_sales_data_engineering_pipeline' retrieved from /opt/airflow/dags/retail_sales_pipeline_dag.py
[2026-05-21T13:53:43.369+0000] {logging_mixin.py:190} INFO - [2026-05-21T13:53:43.369+0000] {dag.py:3239} INFO - Sync 1 DAGs
[2026-05-21T13:53:43.404+0000] {logging_mixin.py:190} INFO - [2026-05-21T13:53:43.404+0000] {dag.py:4180} INFO - Setting next_dagrun for retail_sales_data_engineering_pipeline to 2026-05-21 00:00:00+00:00, run_after=2026-05-22 00:00:00+00:00
[2026-05-21T13:53:43.431+0000] {processor.py:208} INFO - Processing /opt/airflow/dags/retail_sales_pipeline_dag.py took 0.151 seconds
[2026-05-21T13:54:14.631+0000] {processor.py:186} INFO - Started process (PID=1077) to work on /opt/airflow/dags/retail_sales_pipeline_dag.py
[2026-05-21T13:54:14.633+0000] {processor.py:914} INFO - Processing file /opt/airflow/dags/retail_sales_pipeline_dag.py for tasks to queue
[2026-05-21T13:54:14.637+0000] {logging_mixin.py:190} INFO - [2026-05-21T13:54:14.637+0000] {dagbag.py:588} INFO - Filling up the DagBag from /opt/airflow/dags/retail_sales_pipeline_dag.py
[2026-05-21T13:54:14.665+0000] {processor.py:925} INFO - DAG(s) 'retail_sales_data_engineering_pipeline' retrieved from /opt/airflow/dags/retail_sales_pipeline_dag.py
[2026-05-21T13:54:14.708+0000] {logging_mixin.py:190} INFO - [2026-05-21T13:54:14.707+0000] {dag.py:3239} INFO - Sync 1 DAGs
[2026-05-21T13:54:14.738+0000] {logging_mixin.py:190} INFO - [2026-05-21T13:54:14.737+0000] {dag.py:4180} INFO - Setting next_dagrun for retail_sales_data_engineering_pipeline to 2026-05-21 00:00:00+00:00, run_after=2026-05-22 00:00:00+00:00
[2026-05-21T13:54:14.765+0000] {processor.py:208} INFO - Processing /opt/airflow/dags/retail_sales_pipeline_dag.py took 0.143 seconds
[2026-05-21T13:54:45.089+0000] {processor.py:186} INFO - Started process (PID=1082) to work on /opt/airflow/dags/retail_sales_pipeline_dag.py
[2026-05-21T13:54:45.091+0000] {processor.py:914} INFO - Processing file /opt/airflow/dags/retail_sales_pipeline_dag.py for tasks to queue
[2026-05-21T13:54:45.094+0000] {logging_mixin.py:190} INFO - [2026-05-21T13:54:45.093+0000] {dagbag.py:588} INFO - Filling up the DagBag from /opt/airflow/dags/retail_sales_pipeline_dag.py
[2026-05-21T13:54:45.121+0000] {processor.py:925} INFO - DAG(s) 'retail_sales_data_engineering_pipeline' retrieved from /opt/airflow/dags/retail_sales_pipeline_dag.py
[2026-05-21T13:54:45.158+0000] {logging_mixin.py:190} INFO - [2026-05-21T13:54:45.158+0000] {dag.py:3239} INFO - Sync 1 DAGs
[2026-05-21T13:54:45.186+0000] {logging_mixin.py:190} INFO - [2026-05-21T13:54:45.185+0000] {dag.py:4180} INFO - Setting next_dagrun for retail_sales_data_engineering_pipeline to 2026-05-21 00:00:00+00:00, run_after=2026-05-22 00:00:00+00:00
[2026-05-21T13:54:45.211+0000] {processor.py:208} INFO - Processing /opt/airflow/dags/retail_sales_pipeline_dag.py took 0.129 seconds
[2026-05-21T13:55:15.799+0000] {processor.py:186} INFO - Started process (PID=1087) to work on /opt/airflow/dags/retail_sales_pipeline_dag.py
[2026-05-21T13:55:15.800+0000] {processor.py:914} INFO - Processing file /opt/airflow/dags/retail_sales_pipeline_dag.py for tasks to queue
[2026-05-21T13:55:15.804+0000] {logging_mixin.py:190} INFO - [2026-05-21T13:55:15.804+0000] {dagbag.py:588} INFO - Filling up the DagBag from /opt/airflow/dags/retail_sales_pipeline_dag.py
[2026-05-21T13:55:15.829+0000] {processor.py:925} INFO - DAG(s) 'retail_sales_data_engineering_pipeline' retrieved from /opt/airflow/dags/retail_sales_pipeline_dag.py
[2026-05-21T13:55:15.865+0000] {logging_mixin.py:190} INFO - [2026-05-21T13:55:15.865+0000] {dag.py:3239} INFO - Sync 1 DAGs
[2026-05-21T13:55:15.891+0000] {logging_mixin.py:190} INFO - [2026-05-21T13:55:15.891+0000] {dag.py:4180} INFO - Setting next_dagrun for retail_sales_data_engineering_pipeline to 2026-05-21 00:00:00+00:00, run_after=2026-05-22 00:00:00+00:00
[2026-05-21T13:55:15.915+0000] {processor.py:208} INFO - Processing /opt/airflow/dags/retail_sales_pipeline_dag.py took 0.123 seconds
[2026-05-21T13:55:47.483+0000] {processor.py:186} INFO - Started process (PID=1092) to work on /opt/airflow/dags/retail_sales_pipeline_dag.py
[2026-05-21T13:55:47.485+0000] {processor.py:914} INFO - Processing file /opt/airflow/dags/retail_sales_pipeline_dag.py for tasks to queue
[2026-05-21T13:55:47.488+0000] {logging_mixin.py:190} INFO - [2026-05-21T13:55:47.487+0000] {dagbag.py:588} INFO - Filling up the DagBag from /opt/airflow/dags/retail_sales_pipeline_dag.py
[2026-05-21T13:55:47.517+0000] {processor.py:925} INFO - DAG(s) 'retail_sales_data_engineering_pipeline' retrieved from /opt/airflow/dags/retail_sales_pipeline_dag.py
[2026-05-21T13:55:47.565+0000] {logging_mixin.py:190} INFO - [2026-05-21T13:55:47.565+0000] {dag.py:3239} INFO - Sync 1 DAGs
[2026-05-21T13:55:47.600+0000] {logging_mixin.py:190} INFO - [2026-05-21T13:55:47.599+0000] {dag.py:4180} INFO - Setting next_dagrun for retail_sales_data_engineering_pipeline to 2026-05-21 00:00:00+00:00, run_after=2026-05-22 00:00:00+00:00
[2026-05-21T13:55:47.640+0000] {processor.py:208} INFO - Processing /opt/airflow/dags/retail_sales_pipeline_dag.py took 0.164 seconds
[2026-05-21T13:56:17.821+0000] {processor.py:186} INFO - Started process (PID=1097) to work on /opt/airflow/dags/retail_sales_pipeline_dag.py
[2026-05-21T13:56:17.823+0000] {processor.py:914} INFO - Processing file /opt/airflow/dags/retail_sales_pipeline_dag.py for tasks to queue
[2026-05-21T13:56:17.826+0000] {logging_mixin.py:190} INFO - [2026-05-21T13:56:17.826+0000] {dagbag.py:588} INFO - Filling up the DagBag from /opt/airflow/dags/retail_sales_pipeline_dag.py
[2026-05-21T13:56:17.859+0000] {processor.py:925} INFO - DAG(s) 'retail_sales_data_engineering_pipeline' retrieved from /opt/airflow/dags/retail_sales_pipeline_dag.py
[2026-05-21T13:56:17.899+0000] {logging_mixin.py:190} INFO - [2026-05-21T13:56:17.898+0000] {dag.py:3239} INFO - Sync 1 DAGs
[2026-05-21T13:56:17.925+0000] {logging_mixin.py:190} INFO - [2026-05-21T13:56:17.925+0000] {dag.py:4180} INFO - Setting next_dagrun for retail_sales_data_engineering_pipeline to 2026-05-21 00:00:00+00:00, run_after=2026-05-22 00:00:00+00:00
[2026-05-21T13:56:17.949+0000] {processor.py:208} INFO - Processing /opt/airflow/dags/retail_sales_pipeline_dag.py took 0.136 seconds
[2026-05-21T13:56:49.060+0000] {processor.py:186} INFO - Started process (PID=1102) to work on /opt/airflow/dags/retail_sales_pipeline_dag.py
[2026-05-21T13:56:49.063+0000] {processor.py:914} INFO - Processing file /opt/airflow/dags/retail_sales_pipeline_dag.py for tasks to queue
[2026-05-21T13:56:49.067+0000] {logging_mixin.py:190} INFO - [2026-05-21T13:56:49.066+0000] {dagbag.py:588} INFO - Filling up the DagBag from /opt/airflow/dags/retail_sales_pipeline_dag.py
[2026-05-21T13:56:49.101+0000] {processor.py:925} INFO - DAG(s) 'retail_sales_data_engineering_pipeline' retrieved from /opt/airflow/dags/retail_sales_pipeline_dag.py
[2026-05-21T13:56:49.148+0000] {logging_mixin.py:190} INFO - [2026-05-21T13:56:49.148+0000] {dag.py:3239} INFO - Sync 1 DAGs
[2026-05-21T13:56:49.183+0000] {logging_mixin.py:190} INFO - [2026-05-21T13:56:49.182+0000] {dag.py:4180} INFO - Setting next_dagrun for retail_sales_data_engineering_pipeline to 2026-05-21 00:00:00+00:00, run_after=2026-05-22 00:00:00+00:00
[2026-05-21T13:56:49.210+0000] {processor.py:208} INFO - Processing /opt/airflow/dags/retail_sales_pipeline_dag.py took 0.157 seconds
[2026-05-21T13:57:20.502+0000] {processor.py:186} INFO - Started process (PID=1107) to work on /opt/airflow/dags/retail_sales_pipeline_dag.py
[2026-05-21T13:57:20.503+0000] {processor.py:914} INFO - Processing file /opt/airflow/dags/retail_sales_pipeline_dag.py for tasks to queue
[2026-05-21T13:57:20.507+0000] {logging_mixin.py:190} INFO - [2026-05-21T13:57:20.507+0000] {dagbag.py:588} INFO - Filling up the DagBag from /opt/airflow/dags/retail_sales_pipeline_dag.py
[2026-05-21T13:57:20.540+0000] {processor.py:925} INFO - DAG(s) 'retail_sales_data_engineering_pipeline' retrieved from /opt/airflow/dags/retail_sales_pipeline_dag.py
[2026-05-21T13:57:20.586+0000] {logging_mixin.py:190} INFO - [2026-05-21T13:57:20.586+0000] {dag.py:3239} INFO - Sync 1 DAGs
[2026-05-21T13:57:20.622+0000] {logging_mixin.py:190} INFO - [2026-05-21T13:57:20.622+0000] {dag.py:4180} INFO - Setting next_dagrun for retail_sales_data_engineering_pipeline to 2026-05-21 00:00:00+00:00, run_after=2026-05-22 00:00:00+00:00
[2026-05-21T13:57:20.657+0000] {processor.py:208} INFO - Processing /opt/airflow/dags/retail_sales_pipeline_dag.py took 0.165 seconds
[2026-05-21T13:57:50.751+0000] {processor.py:186} INFO - Started process (PID=1112) to work on /opt/airflow/dags/retail_sales_pipeline_dag.py
[2026-05-21T13:57:50.753+0000] {processor.py:914} INFO - Processing file /opt/airflow/dags/retail_sales_pipeline_dag.py for tasks to queue
[2026-05-21T13:57:50.757+0000] {logging_mixin.py:190} INFO - [2026-05-21T13:57:50.756+0000] {dagbag.py:588} INFO - Filling up the DagBag from /opt/airflow/dags/retail_sales_pipeline_dag.py
[2026-05-21T13:57:50.786+0000] {processor.py:925} INFO - DAG(s) 'retail_sales_data_engineering_pipeline' retrieved from /opt/airflow/dags/retail_sales_pipeline_dag.py
[2026-05-21T13:57:50.835+0000] {logging_mixin.py:190} INFO - [2026-05-21T13:57:50.835+0000] {dag.py:3239} INFO - Sync 1 DAGs
[2026-05-21T13:57:50.863+0000] {logging_mixin.py:190} INFO - [2026-05-21T13:57:50.862+0000] {dag.py:4180} INFO - Setting next_dagrun for retail_sales_data_engineering_pipeline to 2026-05-21 00:00:00+00:00, run_after=2026-05-22 00:00:00+00:00
[2026-05-21T13:57:50.886+0000] {processor.py:208} INFO - Processing /opt/airflow/dags/retail_sales_pipeline_dag.py took 0.144 seconds
[2026-05-21T13:58:21.976+0000] {processor.py:186} INFO - Started process (PID=1117) to work on /opt/airflow/dags/retail_sales_pipeline_dag.py
[2026-05-21T13:58:21.978+0000] {processor.py:914} INFO - Processing file /opt/airflow/dags/retail_sales_pipeline_dag.py for tasks to queue
[2026-05-21T13:58:21.981+0000] {logging_mixin.py:190} INFO - [2026-05-21T13:58:21.981+0000] {dagbag.py:588} INFO - Filling up the DagBag from /opt/airflow/dags/retail_sales_pipeline_dag.py
[2026-05-21T13:58:22.026+0000] {processor.py:925} INFO - DAG(s) 'retail_sales_data_engineering_pipeline' retrieved from /opt/airflow/dags/retail_sales_pipeline_dag.py
[2026-05-21T13:58:22.065+0000] {logging_mixin.py:190} INFO - [2026-05-21T13:58:22.065+0000] {dag.py:3239} INFO - Sync 1 DAGs
[2026-05-21T13:58:22.093+0000] {logging_mixin.py:190} INFO - [2026-05-21T13:58:22.093+0000] {dag.py:4180} INFO - Setting next_dagrun for retail_sales_data_engineering_pipeline to 2026-05-21 00:00:00+00:00, run_after=2026-05-22 00:00:00+00:00
[2026-05-21T13:58:22.125+0000] {processor.py:208} INFO - Processing /opt/airflow/dags/retail_sales_pipeline_dag.py took 0.157 seconds
[2026-05-21T13:58:52.874+0000] {processor.py:186} INFO - Started process (PID=1122) to work on /opt/airflow/dags/retail_sales_pipeline_dag.py
[2026-05-21T13:58:52.876+0000] {processor.py:914} INFO - Processing file /opt/airflow/dags/retail_sales_pipeline_dag.py for tasks to queue
[2026-05-21T13:58:52.880+0000] {logging_mixin.py:190} INFO - [2026-05-21T13:58:52.880+0000] {dagbag.py:588} INFO - Filling up the DagBag from /opt/airflow/dags/retail_sales_pipeline_dag.py
[2026-05-21T13:58:52.910+0000] {processor.py:925} INFO - DAG(s) 'retail_sales_data_engineering_pipeline' retrieved from /opt/airflow/dags/retail_sales_pipeline_dag.py
[2026-05-21T13:58:52.953+0000] {logging_mixin.py:190} INFO - [2026-05-21T13:58:52.953+0000] {dag.py:3239} INFO - Sync 1 DAGs
[2026-05-21T13:58:52.984+0000] {logging_mixin.py:190} INFO - [2026-05-21T13:58:52.983+0000] {dag.py:4180} INFO - Setting next_dagrun for retail_sales_data_engineering_pipeline to 2026-05-21 00:00:00+00:00, run_after=2026-05-22 00:00:00+00:00
[2026-05-21T13:58:53.007+0000] {processor.py:208} INFO - Processing /opt/airflow/dags/retail_sales_pipeline_dag.py took 0.141 seconds
[2026-05-21T13:59:23.309+0000] {processor.py:186} INFO - Started process (PID=1127) to work on /opt/airflow/dags/retail_sales_pipeline_dag.py
[2026-05-21T13:59:23.311+0000] {processor.py:914} INFO - Processing file /opt/airflow/dags/retail_sales_pipeline_dag.py for tasks to queue
[2026-05-21T13:59:23.314+0000] {logging_mixin.py:190} INFO - [2026-05-21T13:59:23.314+0000] {dagbag.py:588} INFO - Filling up the DagBag from /opt/airflow/dags/retail_sales_pipeline_dag.py
[2026-05-21T13:59:23.342+0000] {processor.py:925} INFO - DAG(s) 'retail_sales_data_engineering_pipeline' retrieved from /opt/airflow/dags/retail_sales_pipeline_dag.py
[2026-05-21T13:59:23.384+0000] {logging_mixin.py:190} INFO - [2026-05-21T13:59:23.384+0000] {dag.py:3239} INFO - Sync 1 DAGs
[2026-05-21T13:59:23.414+0000] {logging_mixin.py:190} INFO - [2026-05-21T13:59:23.414+0000] {dag.py:4180} INFO - Setting next_dagrun for retail_sales_data_engineering_pipeline to 2026-05-21 00:00:00+00:00, run_after=2026-05-22 00:00:00+00:00
[2026-05-21T13:59:23.443+0000] {processor.py:208} INFO - Processing /opt/airflow/dags/retail_sales_pipeline_dag.py took 0.141 seconds
[2026-05-21T13:59:54.564+0000] {processor.py:186} INFO - Started process (PID=1132) to work on /opt/airflow/dags/retail_sales_pipeline_dag.py
[2026-05-21T13:59:54.565+0000] {processor.py:914} INFO - Processing file /opt/airflow/dags/retail_sales_pipeline_dag.py for tasks to queue
[2026-05-21T13:59:54.568+0000] {logging_mixin.py:190} INFO - [2026-05-21T13:59:54.568+0000] {dagbag.py:588} INFO - Filling up the DagBag from /opt/airflow/dags/retail_sales_pipeline_dag.py
[2026-05-21T13:59:54.596+0000] {processor.py:925} INFO - DAG(s) 'retail_sales_data_engineering_pipeline' retrieved from /opt/airflow/dags/retail_sales_pipeline_dag.py
[2026-05-21T13:59:54.632+0000] {logging_mixin.py:190} INFO - [2026-05-21T13:59:54.632+0000] {dag.py:3239} INFO - Sync 1 DAGs
[2026-05-21T13:59:54.658+0000] {logging_mixin.py:190} INFO - [2026-05-21T13:59:54.658+0000] {dag.py:4180} INFO - Setting next_dagrun for retail_sales_data_engineering_pipeline to 2026-05-21 00:00:00+00:00, run_after=2026-05-22 00:00:00+00:00
[2026-05-21T13:59:54.683+0000] {processor.py:208} INFO - Processing /opt/airflow/dags/retail_sales_pipeline_dag.py took 0.125 seconds
[2026-05-21T14:00:25.806+0000] {processor.py:186} INFO - Started process (PID=1137) to work on /opt/airflow/dags/retail_sales_pipeline_dag.py
[2026-05-21T14:00:25.809+0000] {processor.py:914} INFO - Processing file /opt/airflow/dags/retail_sales_pipeline_dag.py for tasks to queue
[2026-05-21T14:00:25.816+0000] {logging_mixin.py:190} INFO - [2026-05-21T14:00:25.816+0000] {dagbag.py:588} INFO - Filling up the DagBag from /opt/airflow/dags/retail_sales_pipeline_dag.py
[2026-05-21T14:00:25.849+0000] {processor.py:925} INFO - DAG(s) 'retail_sales_data_engineering_pipeline' retrieved from /opt/airflow/dags/retail_sales_pipeline_dag.py
[2026-05-21T14:00:25.891+0000] {logging_mixin.py:190} INFO - [2026-05-21T14:00:25.890+0000] {dag.py:3239} INFO - Sync 1 DAGs
[2026-05-21T14:00:25.920+0000] {logging_mixin.py:190} INFO - [2026-05-21T14:00:25.919+0000] {dag.py:4180} INFO - Setting next_dagrun for retail_sales_data_engineering_pipeline to 2026-05-21 00:00:00+00:00, run_after=2026-05-22 00:00:00+00:00
[2026-05-21T14:00:25.945+0000] {processor.py:208} INFO - Processing /opt/airflow/dags/retail_sales_pipeline_dag.py took 0.147 seconds
[2026-05-21T14:00:56.730+0000] {processor.py:186} INFO - Started process (PID=1142) to work on /opt/airflow/dags/retail_sales_pipeline_dag.py
[2026-05-21T14:00:56.732+0000] {processor.py:914} INFO - Processing file /opt/airflow/dags/retail_sales_pipeline_dag.py for tasks to queue
[2026-05-21T14:00:56.736+0000] {logging_mixin.py:190} INFO - [2026-05-21T14:00:56.735+0000] {dagbag.py:588} INFO - Filling up the DagBag from /opt/airflow/dags/retail_sales_pipeline_dag.py
[2026-05-21T14:00:56.763+0000] {processor.py:925} INFO - DAG(s) 'retail_sales_data_engineering_pipeline' retrieved from /opt/airflow/dags/retail_sales_pipeline_dag.py
[2026-05-21T14:00:56.803+0000] {logging_mixin.py:190} INFO - [2026-05-21T14:00:56.803+0000] {dag.py:3239} INFO - Sync 1 DAGs
[2026-05-21T14:00:56.830+0000] {logging_mixin.py:190} INFO - [2026-05-21T14:00:56.830+0000] {dag.py:4180} INFO - Setting next_dagrun for retail_sales_data_engineering_pipeline to 2026-05-21 00:00:00+00:00, run_after=2026-05-22 00:00:00+00:00
[2026-05-21T14:00:56.860+0000] {processor.py:208} INFO - Processing /opt/airflow/dags/retail_sales_pipeline_dag.py took 0.139 seconds
[2026-05-21T14:01:27.543+0000] {processor.py:186} INFO - Started process (PID=1147) to work on /opt/airflow/dags/retail_sales_pipeline_dag.py
[2026-05-21T14:01:27.544+0000] {processor.py:914} INFO - Processing file /opt/airflow/dags/retail_sales_pipeline_dag.py for tasks to queue
[2026-05-21T14:01:27.547+0000] {logging_mixin.py:190} INFO - [2026-05-21T14:01:27.547+0000] {dagbag.py:588} INFO - Filling up the DagBag from /opt/airflow/dags/retail_sales_pipeline_dag.py
[2026-05-21T14:01:27.571+0000] {processor.py:925} INFO - DAG(s) 'retail_sales_data_engineering_pipeline' retrieved from /opt/airflow/dags/retail_sales_pipeline_dag.py
[2026-05-21T14:01:27.611+0000] {logging_mixin.py:190} INFO - [2026-05-21T14:01:27.611+0000] {dag.py:3239} INFO - Sync 1 DAGs
[2026-05-21T14:01:27.641+0000] {logging_mixin.py:190} INFO - [2026-05-21T14:01:27.641+0000] {dag.py:4180} INFO - Setting next_dagrun for retail_sales_data_engineering_pipeline to 2026-05-21 00:00:00+00:00, run_after=2026-05-22 00:00:00+00:00
[2026-05-21T14:01:27.666+0000] {processor.py:208} INFO - Processing /opt/airflow/dags/retail_sales_pipeline_dag.py took 0.130 seconds
[2026-05-21T14:01:58.929+0000] {processor.py:186} INFO - Started process (PID=1152) to work on /opt/airflow/dags/retail_sales_pipeline_dag.py
[2026-05-21T14:01:58.931+0000] {processor.py:914} INFO - Processing file /opt/airflow/dags/retail_sales_pipeline_dag.py for tasks to queue
[2026-05-21T14:01:58.933+0000] {logging_mixin.py:190} INFO - [2026-05-21T14:01:58.933+0000] {dagbag.py:588} INFO - Filling up the DagBag from /opt/airflow/dags/retail_sales_pipeline_dag.py
[2026-05-21T14:01:58.964+0000] {processor.py:925} INFO - DAG(s) 'retail_sales_data_engineering_pipeline' retrieved from /opt/airflow/dags/retail_sales_pipeline_dag.py
[2026-05-21T14:01:59.007+0000] {logging_mixin.py:190} INFO - [2026-05-21T14:01:59.006+0000] {dag.py:3239} INFO - Sync 1 DAGs
[2026-05-21T14:01:59.035+0000] {logging_mixin.py:190} INFO - [2026-05-21T14:01:59.034+0000] {dag.py:4180} INFO - Setting next_dagrun for retail_sales_data_engineering_pipeline to 2026-05-21 00:00:00+00:00, run_after=2026-05-22 00:00:00+00:00
[2026-05-21T14:01:59.060+0000] {processor.py:208} INFO - Processing /opt/airflow/dags/retail_sales_pipeline_dag.py took 0.139 seconds
[2026-05-21T14:02:30.051+0000] {processor.py:186} INFO - Started process (PID=1157) to work on /opt/airflow/dags/retail_sales_pipeline_dag.py
[2026-05-21T14:02:30.053+0000] {processor.py:914} INFO - Processing file /opt/airflow/dags/retail_sales_pipeline_dag.py for tasks to queue
[2026-05-21T14:02:30.056+0000] {logging_mixin.py:190} INFO - [2026-05-21T14:02:30.056+0000] {dagbag.py:588} INFO - Filling up the DagBag from /opt/airflow/dags/retail_sales_pipeline_dag.py
[2026-05-21T14:02:30.083+0000] {processor.py:925} INFO - DAG(s) 'retail_sales_data_engineering_pipeline' retrieved from /opt/airflow/dags/retail_sales_pipeline_dag.py
[2026-05-21T14:02:30.121+0000] {logging_mixin.py:190} INFO - [2026-05-21T14:02:30.121+0000] {dag.py:3239} INFO - Sync 1 DAGs
[2026-05-21T14:02:30.153+0000] {logging_mixin.py:190} INFO - [2026-05-21T14:02:30.152+0000] {dag.py:4180} INFO - Setting next_dagrun for retail_sales_data_engineering_pipeline to 2026-05-21 00:00:00+00:00, run_after=2026-05-22 00:00:00+00:00
[2026-05-21T14:02:30.177+0000] {processor.py:208} INFO - Processing /opt/airflow/dags/retail_sales_pipeline_dag.py took 0.133 seconds
[2026-05-21T14:03:00.456+0000] {processor.py:186} INFO - Started process (PID=1162) to work on /opt/airflow/dags/retail_sales_pipeline_dag.py
[2026-05-21T14:03:00.458+0000] {processor.py:914} INFO - Processing file /opt/airflow/dags/retail_sales_pipeline_dag.py for tasks to queue
[2026-05-21T14:03:00.461+0000] {logging_mixin.py:190} INFO - [2026-05-21T14:03:00.461+0000] {dagbag.py:588} INFO - Filling up the DagBag from /opt/airflow/dags/retail_sales_pipeline_dag.py
[2026-05-21T14:03:00.493+0000] {processor.py:925} INFO - DAG(s) 'retail_sales_data_engineering_pipeline' retrieved from /opt/airflow/dags/retail_sales_pipeline_dag.py
[2026-05-21T14:03:00.529+0000] {logging_mixin.py:190} INFO - [2026-05-21T14:03:00.528+0000] {dag.py:3239} INFO - Sync 1 DAGs
[2026-05-21T14:03:00.559+0000] {logging_mixin.py:190} INFO - [2026-05-21T14:03:00.559+0000] {dag.py:4180} INFO - Setting next_dagrun for retail_sales_data_engineering_pipeline to 2026-05-21 00:00:00+00:00, run_after=2026-05-22 00:00:00+00:00
[2026-05-21T14:03:00.588+0000] {processor.py:208} INFO - Processing /opt/airflow/dags/retail_sales_pipeline_dag.py took 0.140 seconds
[2026-05-21T14:03:31.755+0000] {processor.py:186} INFO - Started process (PID=1167) to work on /opt/airflow/dags/retail_sales_pipeline_dag.py
[2026-05-21T14:03:31.757+0000] {processor.py:914} INFO - Processing file /opt/airflow/dags/retail_sales_pipeline_dag.py for tasks to queue
[2026-05-21T14:03:31.761+0000] {logging_mixin.py:190} INFO - [2026-05-21T14:03:31.761+0000] {dagbag.py:588} INFO - Filling up the DagBag from /opt/airflow/dags/retail_sales_pipeline_dag.py
[2026-05-21T14:03:31.791+0000] {processor.py:925} INFO - DAG(s) 'retail_sales_data_engineering_pipeline' retrieved from /opt/airflow/dags/retail_sales_pipeline_dag.py
[2026-05-21T14:03:31.829+0000] {logging_mixin.py:190} INFO - [2026-05-21T14:03:31.828+0000] {dag.py:3239} INFO - Sync 1 DAGs
[2026-05-21T14:03:31.856+0000] {logging_mixin.py:190} INFO - [2026-05-21T14:03:31.855+0000] {dag.py:4180} INFO - Setting next_dagrun for retail_sales_data_engineering_pipeline to 2026-05-21 00:00:00+00:00, run_after=2026-05-22 00:00:00+00:00
[2026-05-21T14:03:31.879+0000] {processor.py:208} INFO - Processing /opt/airflow/dags/retail_sales_pipeline_dag.py took 0.134 seconds
[2026-05-21T14:04:03.157+0000] {processor.py:186} INFO - Started process (PID=1172) to work on /opt/airflow/dags/retail_sales_pipeline_dag.py
[2026-05-21T14:04:03.159+0000] {processor.py:914} INFO - Processing file /opt/airflow/dags/retail_sales_pipeline_dag.py for tasks to queue
[2026-05-21T14:04:03.165+0000] {logging_mixin.py:190} INFO - [2026-05-21T14:04:03.161+0000] {dagbag.py:588} INFO - Filling up the DagBag from /opt/airflow/dags/retail_sales_pipeline_dag.py
[2026-05-21T14:04:03.191+0000] {processor.py:925} INFO - DAG(s) 'retail_sales_data_engineering_pipeline' retrieved from /opt/airflow/dags/retail_sales_pipeline_dag.py
[2026-05-21T14:04:03.227+0000] {logging_mixin.py:190} INFO - [2026-05-21T14:04:03.227+0000] {dag.py:3239} INFO - Sync 1 DAGs
[2026-05-21T14:04:03.254+0000] {logging_mixin.py:190} INFO - [2026-05-21T14:04:03.254+0000] {dag.py:4180} INFO - Setting next_dagrun for retail_sales_data_engineering_pipeline to 2026-05-21 00:00:00+00:00, run_after=2026-05-22 00:00:00+00:00
[2026-05-21T14:04:03.280+0000] {processor.py:208} INFO - Processing /opt/airflow/dags/retail_sales_pipeline_dag.py took 0.131 seconds
[2026-05-21T14:04:33.418+0000] {processor.py:186} INFO - Started process (PID=1177) to work on /opt/airflow/dags/retail_sales_pipeline_dag.py
[2026-05-21T14:04:33.420+0000] {processor.py:914} INFO - Processing file /opt/airflow/dags/retail_sales_pipeline_dag.py for tasks to queue
[2026-05-21T14:04:33.423+0000] {logging_mixin.py:190} INFO - [2026-05-21T14:04:33.423+0000] {dagbag.py:588} INFO - Filling up the DagBag from /opt/airflow/dags/retail_sales_pipeline_dag.py
[2026-05-21T14:04:33.451+0000] {processor.py:925} INFO - DAG(s) 'retail_sales_data_engineering_pipeline' retrieved from /opt/airflow/dags/retail_sales_pipeline_dag.py
[2026-05-21T14:04:33.490+0000] {logging_mixin.py:190} INFO - [2026-05-21T14:04:33.490+0000] {dag.py:3239} INFO - Sync 1 DAGs
[2026-05-21T14:04:33.523+0000] {logging_mixin.py:190} INFO - [2026-05-21T14:04:33.523+0000] {dag.py:4180} INFO - Setting next_dagrun for retail_sales_data_engineering_pipeline to 2026-05-21 00:00:00+00:00, run_after=2026-05-22 00:00:00+00:00
[2026-05-21T14:04:33.544+0000] {processor.py:208} INFO - Processing /opt/airflow/dags/retail_sales_pipeline_dag.py took 0.133 seconds
[2026-05-21T14:05:04.745+0000] {processor.py:186} INFO - Started process (PID=1182) to work on /opt/airflow/dags/retail_sales_pipeline_dag.py
[2026-05-21T14:05:04.746+0000] {processor.py:914} INFO - Processing file /opt/airflow/dags/retail_sales_pipeline_dag.py for tasks to queue
[2026-05-21T14:05:04.750+0000] {logging_mixin.py:190} INFO - [2026-05-21T14:05:04.750+0000] {dagbag.py:588} INFO - Filling up the DagBag from /opt/airflow/dags/retail_sales_pipeline_dag.py
[2026-05-21T14:05:04.775+0000] {processor.py:925} INFO - DAG(s) 'retail_sales_data_engineering_pipeline' retrieved from /opt/airflow/dags/retail_sales_pipeline_dag.py
[2026-05-21T14:05:04.811+0000] {logging_mixin.py:190} INFO - [2026-05-21T14:05:04.810+0000] {dag.py:3239} INFO - Sync 1 DAGs
[2026-05-21T14:05:04.837+0000] {logging_mixin.py:190} INFO - [2026-05-21T14:05:04.837+0000] {dag.py:4180} INFO - Setting next_dagrun for retail_sales_data_engineering_pipeline to 2026-05-21 00:00:00+00:00, run_after=2026-05-22 00:00:00+00:00
[2026-05-21T14:05:04.859+0000] {processor.py:208} INFO - Processing /opt/airflow/dags/retail_sales_pipeline_dag.py took 0.122 seconds
[2026-05-21T14:05:35.979+0000] {processor.py:186} INFO - Started process (PID=1187) to work on /opt/airflow/dags/retail_sales_pipeline_dag.py
[2026-05-21T14:05:35.981+0000] {processor.py:914} INFO - Processing file /opt/airflow/dags/retail_sales_pipeline_dag.py for tasks to queue
[2026-05-21T14:05:35.984+0000] {logging_mixin.py:190} INFO - [2026-05-21T14:05:35.984+0000] {dagbag.py:588} INFO - Filling up the DagBag from /opt/airflow/dags/retail_sales_pipeline_dag.py
[2026-05-21T14:05:36.010+0000] {processor.py:925} INFO - DAG(s) 'retail_sales_data_engineering_pipeline' retrieved from /opt/airflow/dags/retail_sales_pipeline_dag.py
[2026-05-21T14:05:36.052+0000] {logging_mixin.py:190} INFO - [2026-05-21T14:05:36.051+0000] {dag.py:3239} INFO - Sync 1 DAGs
[2026-05-21T14:05:36.077+0000] {logging_mixin.py:190} INFO - [2026-05-21T14:05:36.077+0000] {dag.py:4180} INFO - Setting next_dagrun for retail_sales_data_engineering_pipeline to 2026-05-21 00:00:00+00:00, run_after=2026-05-22 00:00:00+00:00
[2026-05-21T14:05:36.101+0000] {processor.py:208} INFO - Processing /opt/airflow/dags/retail_sales_pipeline_dag.py took 0.131 seconds
[2026-05-21T14:06:06.442+0000] {processor.py:186} INFO - Started process (PID=1192) to work on /opt/airflow/dags/retail_sales_pipeline_dag.py
[2026-05-21T14:06:06.444+0000] {processor.py:914} INFO - Processing file /opt/airflow/dags/retail_sales_pipeline_dag.py for tasks to queue
[2026-05-21T14:06:06.449+0000] {logging_mixin.py:190} INFO - [2026-05-21T14:06:06.448+0000] {dagbag.py:588} INFO - Filling up the DagBag from /opt/airflow/dags/retail_sales_pipeline_dag.py
[2026-05-21T14:06:06.487+0000] {processor.py:925} INFO - DAG(s) 'retail_sales_data_engineering_pipeline' retrieved from /opt/airflow/dags/retail_sales_pipeline_dag.py
[2026-05-21T14:06:06.524+0000] {logging_mixin.py:190} INFO - [2026-05-21T14:06:06.524+0000] {dag.py:3239} INFO - Sync 1 DAGs
[2026-05-21T14:06:06.552+0000] {logging_mixin.py:190} INFO - [2026-05-21T14:06:06.551+0000] {dag.py:4180} INFO - Setting next_dagrun for retail_sales_data_engineering_pipeline to 2026-05-21 00:00:00+00:00, run_after=2026-05-22 00:00:00+00:00
[2026-05-21T14:06:06.579+0000] {processor.py:208} INFO - Processing /opt/airflow/dags/retail_sales_pipeline_dag.py took 0.147 seconds
[2026-05-21T14:06:37.710+0000] {processor.py:186} INFO - Started process (PID=1197) to work on /opt/airflow/dags/retail_sales_pipeline_dag.py
[2026-05-21T14:06:37.711+0000] {processor.py:914} INFO - Processing file /opt/airflow/dags/retail_sales_pipeline_dag.py for tasks to queue
[2026-05-21T14:06:37.715+0000] {logging_mixin.py:190} INFO - [2026-05-21T14:06:37.714+0000] {dagbag.py:588} INFO - Filling up the DagBag from /opt/airflow/dags/retail_sales_pipeline_dag.py
[2026-05-21T14:06:37.746+0000] {processor.py:925} INFO - DAG(s) 'retail_sales_data_engineering_pipeline' retrieved from /opt/airflow/dags/retail_sales_pipeline_dag.py
[2026-05-21T14:06:37.797+0000] {logging_mixin.py:190} INFO - [2026-05-21T14:06:37.797+0000] {dag.py:3239} INFO - Sync 1 DAGs
[2026-05-21T14:06:37.826+0000] {logging_mixin.py:190} INFO - [2026-05-21T14:06:37.826+0000] {dag.py:4180} INFO - Setting next_dagrun for retail_sales_data_engineering_pipeline to 2026-05-21 00:00:00+00:00, run_after=2026-05-22 00:00:00+00:00
[2026-05-21T14:06:37.855+0000] {processor.py:208} INFO - Processing /opt/airflow/dags/retail_sales_pipeline_dag.py took 0.152 seconds
[2026-05-21T14:07:08.944+0000] {processor.py:186} INFO - Started process (PID=1202) to work on /opt/airflow/dags/retail_sales_pipeline_dag.py
[2026-05-21T14:07:08.946+0000] {processor.py:914} INFO - Processing file /opt/airflow/dags/retail_sales_pipeline_dag.py for tasks to queue
[2026-05-21T14:07:08.950+0000] {logging_mixin.py:190} INFO - [2026-05-21T14:07:08.949+0000] {dagbag.py:588} INFO - Filling up the DagBag from /opt/airflow/dags/retail_sales_pipeline_dag.py
[2026-05-21T14:07:08.978+0000] {processor.py:925} INFO - DAG(s) 'retail_sales_data_engineering_pipeline' retrieved from /opt/airflow/dags/retail_sales_pipeline_dag.py
[2026-05-21T14:07:09.014+0000] {logging_mixin.py:190} INFO - [2026-05-21T14:07:09.014+0000] {dag.py:3239} INFO - Sync 1 DAGs
[2026-05-21T14:07:09.043+0000] {logging_mixin.py:190} INFO - [2026-05-21T14:07:09.043+0000] {dag.py:4180} INFO - Setting next_dagrun for retail_sales_data_engineering_pipeline to 2026-05-21 00:00:00+00:00, run_after=2026-05-22 00:00:00+00:00
[2026-05-21T14:07:09.070+0000] {processor.py:208} INFO - Processing /opt/airflow/dags/retail_sales_pipeline_dag.py took 0.134 seconds
[2026-05-21T14:07:39.763+0000] {processor.py:186} INFO - Started process (PID=1207) to work on /opt/airflow/dags/retail_sales_pipeline_dag.py
[2026-05-21T14:07:39.764+0000] {processor.py:914} INFO - Processing file /opt/airflow/dags/retail_sales_pipeline_dag.py for tasks to queue
[2026-05-21T14:07:39.766+0000] {logging_mixin.py:190} INFO - [2026-05-21T14:07:39.766+0000] {dagbag.py:588} INFO - Filling up the DagBag from /opt/airflow/dags/retail_sales_pipeline_dag.py
[2026-05-21T14:07:39.797+0000] {processor.py:925} INFO - DAG(s) 'retail_sales_data_engineering_pipeline' retrieved from /opt/airflow/dags/retail_sales_pipeline_dag.py
[2026-05-21T14:07:39.843+0000] {logging_mixin.py:190} INFO - [2026-05-21T14:07:39.843+0000] {dag.py:3239} INFO - Sync 1 DAGs
[2026-05-21T14:07:39.877+0000] {logging_mixin.py:190} INFO - [2026-05-21T14:07:39.877+0000] {dag.py:4180} INFO - Setting next_dagrun for retail_sales_data_engineering_pipeline to 2026-05-21 00:00:00+00:00, run_after=2026-05-22 00:00:00+00:00
[2026-05-21T14:07:39.903+0000] {processor.py:208} INFO - Processing /opt/airflow/dags/retail_sales_pipeline_dag.py took 0.146 seconds
[2026-05-21T14:08:10.374+0000] {processor.py:186} INFO - Started process (PID=1212) to work on /opt/airflow/dags/retail_sales_pipeline_dag.py
[2026-05-21T14:08:10.376+0000] {processor.py:914} INFO - Processing file /opt/airflow/dags/retail_sales_pipeline_dag.py for tasks to queue
[2026-05-21T14:08:10.381+0000] {logging_mixin.py:190} INFO - [2026-05-21T14:08:10.381+0000] {dagbag.py:588} INFO - Filling up the DagBag from /opt/airflow/dags/retail_sales_pipeline_dag.py
[2026-05-21T14:08:10.415+0000] {processor.py:925} INFO - DAG(s) 'retail_sales_data_engineering_pipeline' retrieved from /opt/airflow/dags/retail_sales_pipeline_dag.py
[2026-05-21T14:08:10.466+0000] {logging_mixin.py:190} INFO - [2026-05-21T14:08:10.466+0000] {dag.py:3239} INFO - Sync 1 DAGs
[2026-05-21T14:08:10.503+0000] {logging_mixin.py:190} INFO - [2026-05-21T14:08:10.502+0000] {dag.py:4180} INFO - Setting next_dagrun for retail_sales_data_engineering_pipeline to 2026-05-21 00:00:00+00:00, run_after=2026-05-22 00:00:00+00:00
[2026-05-21T14:08:10.526+0000] {processor.py:208} INFO - Processing /opt/airflow/dags/retail_sales_pipeline_dag.py took 0.166 seconds
[2026-05-21T14:08:41.515+0000] {processor.py:186} INFO - Started process (PID=1217) to work on /opt/airflow/dags/retail_sales_pipeline_dag.py
[2026-05-21T14:08:41.516+0000] {processor.py:914} INFO - Processing file /opt/airflow/dags/retail_sales_pipeline_dag.py for tasks to queue
[2026-05-21T14:08:41.521+0000] {logging_mixin.py:190} INFO - [2026-05-21T14:08:41.520+0000] {dagbag.py:588} INFO - Filling up the DagBag from /opt/airflow/dags/retail_sales_pipeline_dag.py
[2026-05-21T14:08:41.550+0000] {processor.py:925} INFO - DAG(s) 'retail_sales_data_engineering_pipeline' retrieved from /opt/airflow/dags/retail_sales_pipeline_dag.py
[2026-05-21T14:08:41.589+0000] {logging_mixin.py:190} INFO - [2026-05-21T14:08:41.589+0000] {dag.py:3239} INFO - Sync 1 DAGs
[2026-05-21T14:08:41.622+0000] {logging_mixin.py:190} INFO - [2026-05-21T14:08:41.621+0000] {dag.py:4180} INFO - Setting next_dagrun for retail_sales_data_engineering_pipeline to 2026-05-21 00:00:00+00:00, run_after=2026-05-22 00:00:00+00:00
[2026-05-21T14:08:41.648+0000] {processor.py:208} INFO - Processing /opt/airflow/dags/retail_sales_pipeline_dag.py took 0.140 seconds
[2026-05-21T14:09:12.996+0000] {processor.py:186} INFO - Started process (PID=1222) to work on /opt/airflow/dags/retail_sales_pipeline_dag.py
[2026-05-21T14:09:12.998+0000] {processor.py:914} INFO - Processing file /opt/airflow/dags/retail_sales_pipeline_dag.py for tasks to queue
[2026-05-21T14:09:13.001+0000] {logging_mixin.py:190} INFO - [2026-05-21T14:09:13.001+0000] {dagbag.py:588} INFO - Filling up the DagBag from /opt/airflow/dags/retail_sales_pipeline_dag.py
[2026-05-21T14:09:13.027+0000] {processor.py:925} INFO - DAG(s) 'retail_sales_data_engineering_pipeline' retrieved from /opt/airflow/dags/retail_sales_pipeline_dag.py
[2026-05-21T14:09:13.063+0000] {logging_mixin.py:190} INFO - [2026-05-21T14:09:13.063+0000] {dag.py:3239} INFO - Sync 1 DAGs
[2026-05-21T14:09:13.091+0000] {logging_mixin.py:190} INFO - [2026-05-21T14:09:13.091+0000] {dag.py:4180} INFO - Setting next_dagrun for retail_sales_data_engineering_pipeline to 2026-05-21 00:00:00+00:00, run_after=2026-05-22 00:00:00+00:00
[2026-05-21T14:09:13.112+0000] {processor.py:208} INFO - Processing /opt/airflow/dags/retail_sales_pipeline_dag.py took 0.123 seconds
[2026-05-21T14:09:43.382+0000] {processor.py:186} INFO - Started process (PID=1227) to work on /opt/airflow/dags/retail_sales_pipeline_dag.py
[2026-05-21T14:09:43.383+0000] {processor.py:914} INFO - Processing file /opt/airflow/dags/retail_sales_pipeline_dag.py for tasks to queue
[2026-05-21T14:09:43.387+0000] {logging_mixin.py:190} INFO - [2026-05-21T14:09:43.387+0000] {dagbag.py:588} INFO - Filling up the DagBag from /opt/airflow/dags/retail_sales_pipeline_dag.py
[2026-05-21T14:09:43.416+0000] {processor.py:925} INFO - DAG(s) 'retail_sales_data_engineering_pipeline' retrieved from /opt/airflow/dags/retail_sales_pipeline_dag.py
[2026-05-21T14:09:43.458+0000] {logging_mixin.py:190} INFO - [2026-05-21T14:09:43.457+0000] {dag.py:3239} INFO - Sync 1 DAGs
[2026-05-21T14:09:43.489+0000] {logging_mixin.py:190} INFO - [2026-05-21T14:09:43.489+0000] {dag.py:4180} INFO - Setting next_dagrun for retail_sales_data_engineering_pipeline to 2026-05-21 00:00:00+00:00, run_after=2026-05-22 00:00:00+00:00
[2026-05-21T14:09:43.513+0000] {processor.py:208} INFO - Processing /opt/airflow/dags/retail_sales_pipeline_dag.py took 0.138 seconds
[2026-05-21T14:10:14.552+0000] {processor.py:186} INFO - Started process (PID=1232) to work on /opt/airflow/dags/retail_sales_pipeline_dag.py
[2026-05-21T14:10:14.553+0000] {processor.py:914} INFO - Processing file /opt/airflow/dags/retail_sales_pipeline_dag.py for tasks to queue
[2026-05-21T14:10:14.558+0000] {logging_mixin.py:190} INFO - [2026-05-21T14:10:14.557+0000] {dagbag.py:588} INFO - Filling up the DagBag from /opt/airflow/dags/retail_sales_pipeline_dag.py
[2026-05-21T14:10:14.586+0000] {processor.py:925} INFO - DAG(s) 'retail_sales_data_engineering_pipeline' retrieved from /opt/airflow/dags/retail_sales_pipeline_dag.py
[2026-05-21T14:10:14.625+0000] {logging_mixin.py:190} INFO - [2026-05-21T14:10:14.625+0000] {dag.py:3239} INFO - Sync 1 DAGs
[2026-05-21T14:10:14.655+0000] {logging_mixin.py:190} INFO - [2026-05-21T14:10:14.655+0000] {dag.py:4180} INFO - Setting next_dagrun for retail_sales_data_engineering_pipeline to 2026-05-21 00:00:00+00:00, run_after=2026-05-22 00:00:00+00:00
[2026-05-21T14:10:14.682+0000] {processor.py:208} INFO - Processing /opt/airflow/dags/retail_sales_pipeline_dag.py took 0.137 seconds
[2026-05-21T14:10:45.440+0000] {processor.py:186} INFO - Started process (PID=1237) to work on /opt/airflow/dags/retail_sales_pipeline_dag.py
[2026-05-21T14:10:45.442+0000] {processor.py:914} INFO - Processing file /opt/airflow/dags/retail_sales_pipeline_dag.py for tasks to queue
[2026-05-21T14:10:45.446+0000] {logging_mixin.py:190} INFO - [2026-05-21T14:10:45.446+0000] {dagbag.py:588} INFO - Filling up the DagBag from /opt/airflow/dags/retail_sales_pipeline_dag.py
[2026-05-21T14:10:45.483+0000] {processor.py:925} INFO - DAG(s) 'retail_sales_data_engineering_pipeline' retrieved from /opt/airflow/dags/retail_sales_pipeline_dag.py
[2026-05-21T14:10:45.525+0000] {logging_mixin.py:190} INFO - [2026-05-21T14:10:45.525+0000] {dag.py:3239} INFO - Sync 1 DAGs
[2026-05-21T14:10:45.557+0000] {logging_mixin.py:190} INFO - [2026-05-21T14:10:45.556+0000] {dag.py:4180} INFO - Setting next_dagrun for retail_sales_data_engineering_pipeline to 2026-05-21 00:00:00+00:00, run_after=2026-05-22 00:00:00+00:00
[2026-05-21T14:10:45.579+0000] {processor.py:208} INFO - Processing /opt/airflow/dags/retail_sales_pipeline_dag.py took 0.148 seconds
[2026-05-21T14:11:15.788+0000] {processor.py:186} INFO - Started process (PID=1242) to work on /opt/airflow/dags/retail_sales_pipeline_dag.py
[2026-05-21T14:11:15.789+0000] {processor.py:914} INFO - Processing file /opt/airflow/dags/retail_sales_pipeline_dag.py for tasks to queue
[2026-05-21T14:11:15.793+0000] {logging_mixin.py:190} INFO - [2026-05-21T14:11:15.792+0000] {dagbag.py:588} INFO - Filling up the DagBag from /opt/airflow/dags/retail_sales_pipeline_dag.py
[2026-05-21T14:11:15.825+0000] {processor.py:925} INFO - DAG(s) 'retail_sales_data_engineering_pipeline' retrieved from /opt/airflow/dags/retail_sales_pipeline_dag.py
[2026-05-21T14:11:15.863+0000] {logging_mixin.py:190} INFO - [2026-05-21T14:11:15.862+0000] {dag.py:3239} INFO - Sync 1 DAGs
[2026-05-21T14:11:15.893+0000] {logging_mixin.py:190} INFO - [2026-05-21T14:11:15.893+0000] {dag.py:4180} INFO - Setting next_dagrun for retail_sales_data_engineering_pipeline to 2026-05-21 00:00:00+00:00, run_after=2026-05-22 00:00:00+00:00
[2026-05-21T14:11:15.916+0000] {processor.py:208} INFO - Processing /opt/airflow/dags/retail_sales_pipeline_dag.py took 0.134 seconds
[2026-05-21T14:11:47.043+0000] {processor.py:186} INFO - Started process (PID=1247) to work on /opt/airflow/dags/retail_sales_pipeline_dag.py
[2026-05-21T14:11:47.045+0000] {processor.py:914} INFO - Processing file /opt/airflow/dags/retail_sales_pipeline_dag.py for tasks to queue
[2026-05-21T14:11:47.049+0000] {logging_mixin.py:190} INFO - [2026-05-21T14:11:47.049+0000] {dagbag.py:588} INFO - Filling up the DagBag from /opt/airflow/dags/retail_sales_pipeline_dag.py
[2026-05-21T14:11:47.076+0000] {processor.py:925} INFO - DAG(s) 'retail_sales_data_engineering_pipeline' retrieved from /opt/airflow/dags/retail_sales_pipeline_dag.py
[2026-05-21T14:11:47.114+0000] {logging_mixin.py:190} INFO - [2026-05-21T14:11:47.114+0000] {dag.py:3239} INFO - Sync 1 DAGs
[2026-05-21T14:11:47.142+0000] {logging_mixin.py:190} INFO - [2026-05-21T14:11:47.141+0000] {dag.py:4180} INFO - Setting next_dagrun for retail_sales_data_engineering_pipeline to 2026-05-21 00:00:00+00:00, run_after=2026-05-22 00:00:00+00:00
[2026-05-21T14:11:47.163+0000] {processor.py:208} INFO - Processing /opt/airflow/dags/retail_sales_pipeline_dag.py took 0.129 seconds
[2026-05-21T14:12:17.859+0000] {processor.py:186} INFO - Started process (PID=1252) to work on /opt/airflow/dags/retail_sales_pipeline_dag.py
[2026-05-21T14:12:17.864+0000] {processor.py:914} INFO - Processing file /opt/airflow/dags/retail_sales_pipeline_dag.py for tasks to queue
[2026-05-21T14:12:17.869+0000] {logging_mixin.py:190} INFO - [2026-05-21T14:12:17.868+0000] {dagbag.py:588} INFO - Filling up the DagBag from /opt/airflow/dags/retail_sales_pipeline_dag.py
[2026-05-21T14:12:17.900+0000] {processor.py:925} INFO - DAG(s) 'retail_sales_data_engineering_pipeline' retrieved from /opt/airflow/dags/retail_sales_pipeline_dag.py
[2026-05-21T14:12:17.946+0000] {logging_mixin.py:190} INFO - [2026-05-21T14:12:17.945+0000] {dag.py:3239} INFO - Sync 1 DAGs
[2026-05-21T14:12:17.976+0000] {logging_mixin.py:190} INFO - [2026-05-21T14:12:17.975+0000] {dag.py:4180} INFO - Setting next_dagrun for retail_sales_data_engineering_pipeline to 2026-05-21 00:00:00+00:00, run_after=2026-05-22 00:00:00+00:00
[2026-05-21T14:12:18.004+0000] {processor.py:208} INFO - Processing /opt/airflow/dags/retail_sales_pipeline_dag.py took 0.154 seconds
[2026-05-21T14:12:48.294+0000] {processor.py:186} INFO - Started process (PID=1257) to work on /opt/airflow/dags/retail_sales_pipeline_dag.py
[2026-05-21T14:12:48.296+0000] {processor.py:914} INFO - Processing file /opt/airflow/dags/retail_sales_pipeline_dag.py for tasks to queue
[2026-05-21T14:12:48.299+0000] {logging_mixin.py:190} INFO - [2026-05-21T14:12:48.299+0000] {dagbag.py:588} INFO - Filling up the DagBag from /opt/airflow/dags/retail_sales_pipeline_dag.py
[2026-05-21T14:12:48.329+0000] {processor.py:925} INFO - DAG(s) 'retail_sales_data_engineering_pipeline' retrieved from /opt/airflow/dags/retail_sales_pipeline_dag.py
[2026-05-21T14:12:48.378+0000] {logging_mixin.py:190} INFO - [2026-05-21T14:12:48.377+0000] {dag.py:3239} INFO - Sync 1 DAGs
[2026-05-21T14:12:48.416+0000] {logging_mixin.py:190} INFO - [2026-05-21T14:12:48.415+0000] {dag.py:4180} INFO - Setting next_dagrun for retail_sales_data_engineering_pipeline to 2026-05-21 00:00:00+00:00, run_after=2026-05-22 00:00:00+00:00
[2026-05-21T14:12:48.441+0000] {processor.py:208} INFO - Processing /opt/airflow/dags/retail_sales_pipeline_dag.py took 0.155 seconds
[2026-05-21T14:13:19.434+0000] {processor.py:186} INFO - Started process (PID=1262) to work on /opt/airflow/dags/retail_sales_pipeline_dag.py
[2026-05-21T14:13:19.436+0000] {processor.py:914} INFO - Processing file /opt/airflow/dags/retail_sales_pipeline_dag.py for tasks to queue
[2026-05-21T14:13:19.440+0000] {logging_mixin.py:190} INFO - [2026-05-21T14:13:19.439+0000] {dagbag.py:588} INFO - Filling up the DagBag from /opt/airflow/dags/retail_sales_pipeline_dag.py
[2026-05-21T14:13:19.471+0000] {processor.py:925} INFO - DAG(s) 'retail_sales_data_engineering_pipeline' retrieved from /opt/airflow/dags/retail_sales_pipeline_dag.py
[2026-05-21T14:13:19.514+0000] {logging_mixin.py:190} INFO - [2026-05-21T14:13:19.514+0000] {dag.py:3239} INFO - Sync 1 DAGs
[2026-05-21T14:13:19.544+0000] {logging_mixin.py:190} INFO - [2026-05-21T14:13:19.544+0000] {dag.py:4180} INFO - Setting next_dagrun for retail_sales_data_engineering_pipeline to 2026-05-21 00:00:00+00:00, run_after=2026-05-22 00:00:00+00:00
[2026-05-21T14:13:19.569+0000] {processor.py:208} INFO - Processing /opt/airflow/dags/retail_sales_pipeline_dag.py took 0.143 seconds
[2026-05-21T14:13:50.789+0000] {processor.py:186} INFO - Started process (PID=1267) to work on /opt/airflow/dags/retail_sales_pipeline_dag.py
[2026-05-21T14:13:50.795+0000] {processor.py:914} INFO - Processing file /opt/airflow/dags/retail_sales_pipeline_dag.py for tasks to queue
[2026-05-21T14:13:50.798+0000] {logging_mixin.py:190} INFO - [2026-05-21T14:13:50.798+0000] {dagbag.py:588} INFO - Filling up the DagBag from /opt/airflow/dags/retail_sales_pipeline_dag.py
[2026-05-21T14:13:50.827+0000] {processor.py:925} INFO - DAG(s) 'retail_sales_data_engineering_pipeline' retrieved from /opt/airflow/dags/retail_sales_pipeline_dag.py
[2026-05-21T14:13:50.862+0000] {logging_mixin.py:190} INFO - [2026-05-21T14:13:50.862+0000] {dag.py:3239} INFO - Sync 1 DAGs
[2026-05-21T14:13:50.888+0000] {logging_mixin.py:190} INFO - [2026-05-21T14:13:50.887+0000] {dag.py:4180} INFO - Setting next_dagrun for retail_sales_data_engineering_pipeline to 2026-05-21 00:00:00+00:00, run_after=2026-05-22 00:00:00+00:00
[2026-05-21T14:13:50.917+0000] {processor.py:208} INFO - Processing /opt/airflow/dags/retail_sales_pipeline_dag.py took 0.136 seconds
[2026-05-21T14:14:21.079+0000] {processor.py:186} INFO - Started process (PID=1272) to work on /opt/airflow/dags/retail_sales_pipeline_dag.py
[2026-05-21T14:14:21.081+0000] {processor.py:914} INFO - Processing file /opt/airflow/dags/retail_sales_pipeline_dag.py for tasks to queue
[2026-05-21T14:14:21.084+0000] {logging_mixin.py:190} INFO - [2026-05-21T14:14:21.084+0000] {dagbag.py:588} INFO - Filling up the DagBag from /opt/airflow/dags/retail_sales_pipeline_dag.py
[2026-05-21T14:14:21.115+0000] {processor.py:925} INFO - DAG(s) 'retail_sales_data_engineering_pipeline' retrieved from /opt/airflow/dags/retail_sales_pipeline_dag.py
[2026-05-21T14:14:21.157+0000] {logging_mixin.py:190} INFO - [2026-05-21T14:14:21.157+0000] {dag.py:3239} INFO - Sync 1 DAGs
[2026-05-21T14:14:21.188+0000] {logging_mixin.py:190} INFO - [2026-05-21T14:14:21.187+0000] {dag.py:4180} INFO - Setting next_dagrun for retail_sales_data_engineering_pipeline to 2026-05-21 00:00:00+00:00, run_after=2026-05-22 00:00:00+00:00
[2026-05-21T14:14:21.213+0000] {processor.py:208} INFO - Processing /opt/airflow/dags/retail_sales_pipeline_dag.py took 0.141 seconds
[2026-05-21T14:14:52.429+0000] {processor.py:186} INFO - Started process (PID=1277) to work on /opt/airflow/dags/retail_sales_pipeline_dag.py
[2026-05-21T14:14:52.431+0000] {processor.py:914} INFO - Processing file /opt/airflow/dags/retail_sales_pipeline_dag.py for tasks to queue
[2026-05-21T14:14:52.437+0000] {logging_mixin.py:190} INFO - [2026-05-21T14:14:52.436+0000] {dagbag.py:588} INFO - Filling up the DagBag from /opt/airflow/dags/retail_sales_pipeline_dag.py
[2026-05-21T14:14:52.468+0000] {processor.py:925} INFO - DAG(s) 'retail_sales_data_engineering_pipeline' retrieved from /opt/airflow/dags/retail_sales_pipeline_dag.py
[2026-05-21T14:14:52.512+0000] {logging_mixin.py:190} INFO - [2026-05-21T14:14:52.512+0000] {dag.py:3239} INFO - Sync 1 DAGs
[2026-05-21T14:14:52.546+0000] {logging_mixin.py:190} INFO - [2026-05-21T14:14:52.546+0000] {dag.py:4180} INFO - Setting next_dagrun for retail_sales_data_engineering_pipeline to 2026-05-21 00:00:00+00:00, run_after=2026-05-22 00:00:00+00:00
[2026-05-21T14:14:52.568+0000] {processor.py:208} INFO - Processing /opt/airflow/dags/retail_sales_pipeline_dag.py took 0.149 seconds
[2026-05-21T14:15:23.754+0000] {processor.py:186} INFO - Started process (PID=1282) to work on /opt/airflow/dags/retail_sales_pipeline_dag.py
[2026-05-21T14:15:23.756+0000] {processor.py:914} INFO - Processing file /opt/airflow/dags/retail_sales_pipeline_dag.py for tasks to queue
[2026-05-21T14:15:23.760+0000] {logging_mixin.py:190} INFO - [2026-05-21T14:15:23.760+0000] {dagbag.py:588} INFO - Filling up the DagBag from /opt/airflow/dags/retail_sales_pipeline_dag.py
[2026-05-21T14:15:23.790+0000] {processor.py:925} INFO - DAG(s) 'retail_sales_data_engineering_pipeline' retrieved from /opt/airflow/dags/retail_sales_pipeline_dag.py
[2026-05-21T14:15:23.838+0000] {logging_mixin.py:190} INFO - [2026-05-21T14:15:23.837+0000] {dag.py:3239} INFO - Sync 1 DAGs
[2026-05-21T14:15:23.866+0000] {logging_mixin.py:190} INFO - [2026-05-21T14:15:23.866+0000] {dag.py:4180} INFO - Setting next_dagrun for retail_sales_data_engineering_pipeline to 2026-05-21 00:00:00+00:00, run_after=2026-05-22 00:00:00+00:00
[2026-05-21T14:15:23.893+0000] {processor.py:208} INFO - Processing /opt/airflow/dags/retail_sales_pipeline_dag.py took 0.149 seconds
[2026-05-21T14:15:54.127+0000] {processor.py:186} INFO - Started process (PID=1287) to work on /opt/airflow/dags/retail_sales_pipeline_dag.py
[2026-05-21T14:15:54.129+0000] {processor.py:914} INFO - Processing file /opt/airflow/dags/retail_sales_pipeline_dag.py for tasks to queue
[2026-05-21T14:15:54.132+0000] {logging_mixin.py:190} INFO - [2026-05-21T14:15:54.131+0000] {dagbag.py:588} INFO - Filling up the DagBag from /opt/airflow/dags/retail_sales_pipeline_dag.py
[2026-05-21T14:15:54.165+0000] {processor.py:925} INFO - DAG(s) 'retail_sales_data_engineering_pipeline' retrieved from /opt/airflow/dags/retail_sales_pipeline_dag.py
[2026-05-21T14:15:54.205+0000] {logging_mixin.py:190} INFO - [2026-05-21T14:15:54.204+0000] {dag.py:3239} INFO - Sync 1 DAGs
[2026-05-21T14:15:54.234+0000] {logging_mixin.py:190} INFO - [2026-05-21T14:15:54.234+0000] {dag.py:4180} INFO - Setting next_dagrun for retail_sales_data_engineering_pipeline to 2026-05-21 00:00:00+00:00, run_after=2026-05-22 00:00:00+00:00
[2026-05-21T14:15:54.258+0000] {processor.py:208} INFO - Processing /opt/airflow/dags/retail_sales_pipeline_dag.py took 0.139 seconds
[2026-05-21T14:16:24.811+0000] {processor.py:186} INFO - Started process (PID=1292) to work on /opt/airflow/dags/retail_sales_pipeline_dag.py
[2026-05-21T14:16:24.813+0000] {processor.py:914} INFO - Processing file /opt/airflow/dags/retail_sales_pipeline_dag.py for tasks to queue
[2026-05-21T14:16:24.815+0000] {logging_mixin.py:190} INFO - [2026-05-21T14:16:24.815+0000] {dagbag.py:588} INFO - Filling up the DagBag from /opt/airflow/dags/retail_sales_pipeline_dag.py
[2026-05-21T14:16:24.846+0000] {processor.py:925} INFO - DAG(s) 'retail_sales_data_engineering_pipeline' retrieved from /opt/airflow/dags/retail_sales_pipeline_dag.py
[2026-05-21T14:16:24.885+0000] {logging_mixin.py:190} INFO - [2026-05-21T14:16:24.885+0000] {dag.py:3239} INFO - Sync 1 DAGs
[2026-05-21T14:16:24.913+0000] {logging_mixin.py:190} INFO - [2026-05-21T14:16:24.913+0000] {dag.py:4180} INFO - Setting next_dagrun for retail_sales_data_engineering_pipeline to 2026-05-21 00:00:00+00:00, run_after=2026-05-22 00:00:00+00:00
[2026-05-21T14:16:24.937+0000] {processor.py:208} INFO - Processing /opt/airflow/dags/retail_sales_pipeline_dag.py took 0.132 seconds
[2026-05-21T14:16:55.375+0000] {processor.py:186} INFO - Started process (PID=1297) to work on /opt/airflow/dags/retail_sales_pipeline_dag.py
[2026-05-21T14:16:55.377+0000] {processor.py:914} INFO - Processing file /opt/airflow/dags/retail_sales_pipeline_dag.py for tasks to queue
[2026-05-21T14:16:55.381+0000] {logging_mixin.py:190} INFO - [2026-05-21T14:16:55.380+0000] {dagbag.py:588} INFO - Filling up the DagBag from /opt/airflow/dags/retail_sales_pipeline_dag.py
[2026-05-21T14:16:55.410+0000] {processor.py:925} INFO - DAG(s) 'retail_sales_data_engineering_pipeline' retrieved from /opt/airflow/dags/retail_sales_pipeline_dag.py
[2026-05-21T14:16:55.452+0000] {logging_mixin.py:190} INFO - [2026-05-21T14:16:55.452+0000] {dag.py:3239} INFO - Sync 1 DAGs
[2026-05-21T14:16:55.483+0000] {logging_mixin.py:190} INFO - [2026-05-21T14:16:55.483+0000] {dag.py:4180} INFO - Setting next_dagrun for retail_sales_data_engineering_pipeline to 2026-05-21 00:00:00+00:00, run_after=2026-05-22 00:00:00+00:00
[2026-05-21T14:16:55.507+0000] {processor.py:208} INFO - Processing /opt/airflow/dags/retail_sales_pipeline_dag.py took 0.144 seconds
[2026-05-21T14:17:26.595+0000] {processor.py:186} INFO - Started process (PID=1302) to work on /opt/airflow/dags/retail_sales_pipeline_dag.py
[2026-05-21T14:17:26.597+0000] {processor.py:914} INFO - Processing file /opt/airflow/dags/retail_sales_pipeline_dag.py for tasks to queue
[2026-05-21T14:17:26.600+0000] {logging_mixin.py:190} INFO - [2026-05-21T14:17:26.600+0000] {dagbag.py:588} INFO - Filling up the DagBag from /opt/airflow/dags/retail_sales_pipeline_dag.py
[2026-05-21T14:17:26.629+0000] {processor.py:925} INFO - DAG(s) 'retail_sales_data_engineering_pipeline' retrieved from /opt/airflow/dags/retail_sales_pipeline_dag.py
[2026-05-21T14:17:26.670+0000] {logging_mixin.py:190} INFO - [2026-05-21T14:17:26.670+0000] {dag.py:3239} INFO - Sync 1 DAGs
[2026-05-21T14:17:26.709+0000] {logging_mixin.py:190} INFO - [2026-05-21T14:17:26.709+0000] {dag.py:4180} INFO - Setting next_dagrun for retail_sales_data_engineering_pipeline to 2026-05-21 00:00:00+00:00, run_after=2026-05-22 00:00:00+00:00
[2026-05-21T14:17:26.732+0000] {processor.py:208} INFO - Processing /opt/airflow/dags/retail_sales_pipeline_dag.py took 0.144 seconds
[2026-05-21T14:17:57.367+0000] {processor.py:186} INFO - Started process (PID=1307) to work on /opt/airflow/dags/retail_sales_pipeline_dag.py
[2026-05-21T14:17:57.369+0000] {processor.py:914} INFO - Processing file /opt/airflow/dags/retail_sales_pipeline_dag.py for tasks to queue
[2026-05-21T14:17:57.373+0000] {logging_mixin.py:190} INFO - [2026-05-21T14:17:57.373+0000] {dagbag.py:588} INFO - Filling up the DagBag from /opt/airflow/dags/retail_sales_pipeline_dag.py
[2026-05-21T14:17:57.403+0000] {processor.py:925} INFO - DAG(s) 'retail_sales_data_engineering_pipeline' retrieved from /opt/airflow/dags/retail_sales_pipeline_dag.py
[2026-05-21T14:17:57.448+0000] {logging_mixin.py:190} INFO - [2026-05-21T14:17:57.448+0000] {dag.py:3239} INFO - Sync 1 DAGs
[2026-05-21T14:17:57.481+0000] {logging_mixin.py:190} INFO - [2026-05-21T14:17:57.481+0000] {dag.py:4180} INFO - Setting next_dagrun for retail_sales_data_engineering_pipeline to 2026-05-21 00:00:00+00:00, run_after=2026-05-22 00:00:00+00:00
[2026-05-21T14:17:57.507+0000] {processor.py:208} INFO - Processing /opt/airflow/dags/retail_sales_pipeline_dag.py took 0.149 seconds
[2026-05-21T14:18:28.143+0000] {processor.py:186} INFO - Started process (PID=1312) to work on /opt/airflow/dags/retail_sales_pipeline_dag.py
[2026-05-21T14:18:28.145+0000] {processor.py:914} INFO - Processing file /opt/airflow/dags/retail_sales_pipeline_dag.py for tasks to queue
[2026-05-21T14:18:28.148+0000] {logging_mixin.py:190} INFO - [2026-05-21T14:18:28.148+0000] {dagbag.py:588} INFO - Filling up the DagBag from /opt/airflow/dags/retail_sales_pipeline_dag.py
[2026-05-21T14:18:28.190+0000] {processor.py:925} INFO - DAG(s) 'retail_sales_data_engineering_pipeline' retrieved from /opt/airflow/dags/retail_sales_pipeline_dag.py
[2026-05-21T14:18:28.237+0000] {logging_mixin.py:190} INFO - [2026-05-21T14:18:28.236+0000] {dag.py:3239} INFO - Sync 1 DAGs
[2026-05-21T14:18:28.267+0000] {logging_mixin.py:190} INFO - [2026-05-21T14:18:28.266+0000] {dag.py:4180} INFO - Setting next_dagrun for retail_sales_data_engineering_pipeline to 2026-05-21 00:00:00+00:00, run_after=2026-05-22 00:00:00+00:00
[2026-05-21T14:18:28.294+0000] {processor.py:208} INFO - Processing /opt/airflow/dags/retail_sales_pipeline_dag.py took 0.158 seconds
[2026-05-21T14:18:59.238+0000] {processor.py:186} INFO - Started process (PID=1317) to work on /opt/airflow/dags/retail_sales_pipeline_dag.py
[2026-05-21T14:18:59.240+0000] {processor.py:914} INFO - Processing file /opt/airflow/dags/retail_sales_pipeline_dag.py for tasks to queue
[2026-05-21T14:18:59.243+0000] {logging_mixin.py:190} INFO - [2026-05-21T14:18:59.243+0000] {dagbag.py:588} INFO - Filling up the DagBag from /opt/airflow/dags/retail_sales_pipeline_dag.py
[2026-05-21T14:18:59.274+0000] {processor.py:925} INFO - DAG(s) 'retail_sales_data_engineering_pipeline' retrieved from /opt/airflow/dags/retail_sales_pipeline_dag.py
[2026-05-21T14:18:59.320+0000] {logging_mixin.py:190} INFO - [2026-05-21T14:18:59.320+0000] {dag.py:3239} INFO - Sync 1 DAGs
[2026-05-21T14:18:59.350+0000] {logging_mixin.py:190} INFO - [2026-05-21T14:18:59.350+0000] {dag.py:4180} INFO - Setting next_dagrun for retail_sales_data_engineering_pipeline to 2026-05-21 00:00:00+00:00, run_after=2026-05-22 00:00:00+00:00
[2026-05-21T14:18:59.379+0000] {processor.py:208} INFO - Processing /opt/airflow/dags/retail_sales_pipeline_dag.py took 0.149 seconds
[2026-05-21T14:19:30.755+0000] {processor.py:186} INFO - Started process (PID=1322) to work on /opt/airflow/dags/retail_sales_pipeline_dag.py
[2026-05-21T14:19:30.758+0000] {processor.py:914} INFO - Processing file /opt/airflow/dags/retail_sales_pipeline_dag.py for tasks to queue
[2026-05-21T14:19:30.763+0000] {logging_mixin.py:190} INFO - [2026-05-21T14:19:30.762+0000] {dagbag.py:588} INFO - Filling up the DagBag from /opt/airflow/dags/retail_sales_pipeline_dag.py
[2026-05-21T14:19:30.793+0000] {processor.py:925} INFO - DAG(s) 'retail_sales_data_engineering_pipeline' retrieved from /opt/airflow/dags/retail_sales_pipeline_dag.py
[2026-05-21T14:19:30.832+0000] {logging_mixin.py:190} INFO - [2026-05-21T14:19:30.832+0000] {dag.py:3239} INFO - Sync 1 DAGs
[2026-05-21T14:19:30.883+0000] {logging_mixin.py:190} INFO - [2026-05-21T14:19:30.882+0000] {dag.py:4180} INFO - Setting next_dagrun for retail_sales_data_engineering_pipeline to 2026-05-21 00:00:00+00:00, run_after=2026-05-22 00:00:00+00:00
[2026-05-21T14:19:30.906+0000] {processor.py:208} INFO - Processing /opt/airflow/dags/retail_sales_pipeline_dag.py took 0.219 seconds
[2026-05-21T14:20:01.789+0000] {processor.py:186} INFO - Started process (PID=1327) to work on /opt/airflow/dags/retail_sales_pipeline_dag.py
[2026-05-21T14:20:01.791+0000] {processor.py:914} INFO - Processing file /opt/airflow/dags/retail_sales_pipeline_dag.py for tasks to queue
[2026-05-21T14:20:01.795+0000] {logging_mixin.py:190} INFO - [2026-05-21T14:20:01.794+0000] {dagbag.py:588} INFO - Filling up the DagBag from /opt/airflow/dags/retail_sales_pipeline_dag.py
[2026-05-21T14:20:01.823+0000] {processor.py:925} INFO - DAG(s) 'retail_sales_data_engineering_pipeline' retrieved from /opt/airflow/dags/retail_sales_pipeline_dag.py
[2026-05-21T14:20:01.862+0000] {logging_mixin.py:190} INFO - [2026-05-21T14:20:01.862+0000] {dag.py:3239} INFO - Sync 1 DAGs
[2026-05-21T14:20:01.900+0000] {logging_mixin.py:190} INFO - [2026-05-21T14:20:01.900+0000] {dag.py:4180} INFO - Setting next_dagrun for retail_sales_data_engineering_pipeline to 2026-05-21 00:00:00+00:00, run_after=2026-05-22 00:00:00+00:00
[2026-05-21T14:20:01.922+0000] {processor.py:208} INFO - Processing /opt/airflow/dags/retail_sales_pipeline_dag.py took 0.143 seconds
[2026-05-21T14:20:32.082+0000] {processor.py:186} INFO - Started process (PID=1332) to work on /opt/airflow/dags/retail_sales_pipeline_dag.py
[2026-05-21T14:20:32.083+0000] {processor.py:914} INFO - Processing file /opt/airflow/dags/retail_sales_pipeline_dag.py for tasks to queue
[2026-05-21T14:20:32.087+0000] {logging_mixin.py:190} INFO - [2026-05-21T14:20:32.087+0000] {dagbag.py:588} INFO - Filling up the DagBag from /opt/airflow/dags/retail_sales_pipeline_dag.py
[2026-05-21T14:20:32.118+0000] {processor.py:925} INFO - DAG(s) 'retail_sales_data_engineering_pipeline' retrieved from /opt/airflow/dags/retail_sales_pipeline_dag.py
[2026-05-21T14:20:32.157+0000] {logging_mixin.py:190} INFO - [2026-05-21T14:20:32.156+0000] {dag.py:3239} INFO - Sync 1 DAGs
[2026-05-21T14:20:32.185+0000] {logging_mixin.py:190} INFO - [2026-05-21T14:20:32.184+0000] {dag.py:4180} INFO - Setting next_dagrun for retail_sales_data_engineering_pipeline to 2026-05-21 00:00:00+00:00, run_after=2026-05-22 00:00:00+00:00
[2026-05-21T14:20:32.210+0000] {processor.py:208} INFO - Processing /opt/airflow/dags/retail_sales_pipeline_dag.py took 0.135 seconds
[2026-05-21T14:21:03.456+0000] {processor.py:186} INFO - Started process (PID=1337) to work on /opt/airflow/dags/retail_sales_pipeline_dag.py
[2026-05-21T14:21:03.458+0000] {processor.py:914} INFO - Processing file /opt/airflow/dags/retail_sales_pipeline_dag.py for tasks to queue
[2026-05-21T14:21:03.462+0000] {logging_mixin.py:190} INFO - [2026-05-21T14:21:03.462+0000] {dagbag.py:588} INFO - Filling up the DagBag from /opt/airflow/dags/retail_sales_pipeline_dag.py
[2026-05-21T14:21:03.494+0000] {processor.py:925} INFO - DAG(s) 'retail_sales_data_engineering_pipeline' retrieved from /opt/airflow/dags/retail_sales_pipeline_dag.py
[2026-05-21T14:21:03.539+0000] {logging_mixin.py:190} INFO - [2026-05-21T14:21:03.539+0000] {dag.py:3239} INFO - Sync 1 DAGs
[2026-05-21T14:21:03.571+0000] {logging_mixin.py:190} INFO - [2026-05-21T14:21:03.571+0000] {dag.py:4180} INFO - Setting next_dagrun for retail_sales_data_engineering_pipeline to 2026-05-21 00:00:00+00:00, run_after=2026-05-22 00:00:00+00:00
[2026-05-21T14:21:03.600+0000] {processor.py:208} INFO - Processing /opt/airflow/dags/retail_sales_pipeline_dag.py took 0.153 seconds
[2026-05-21T14:21:33.802+0000] {processor.py:186} INFO - Started process (PID=1342) to work on /opt/airflow/dags/retail_sales_pipeline_dag.py
[2026-05-21T14:21:33.804+0000] {processor.py:914} INFO - Processing file /opt/airflow/dags/retail_sales_pipeline_dag.py for tasks to queue
[2026-05-21T14:21:33.808+0000] {logging_mixin.py:190} INFO - [2026-05-21T14:21:33.807+0000] {dagbag.py:588} INFO - Filling up the DagBag from /opt/airflow/dags/retail_sales_pipeline_dag.py
[2026-05-21T14:21:33.840+0000] {processor.py:925} INFO - DAG(s) 'retail_sales_data_engineering_pipeline' retrieved from /opt/airflow/dags/retail_sales_pipeline_dag.py
[2026-05-21T14:21:33.882+0000] {logging_mixin.py:190} INFO - [2026-05-21T14:21:33.882+0000] {dag.py:3239} INFO - Sync 1 DAGs
[2026-05-21T14:21:33.910+0000] {logging_mixin.py:190} INFO - [2026-05-21T14:21:33.910+0000] {dag.py:4180} INFO - Setting next_dagrun for retail_sales_data_engineering_pipeline to 2026-05-21 00:00:00+00:00, run_after=2026-05-22 00:00:00+00:00
[2026-05-21T14:21:33.942+0000] {processor.py:208} INFO - Processing /opt/airflow/dags/retail_sales_pipeline_dag.py took 0.149 seconds
[2026-05-21T14:22:04.418+0000] {processor.py:186} INFO - Started process (PID=1347) to work on /opt/airflow/dags/retail_sales_pipeline_dag.py
[2026-05-21T14:22:04.420+0000] {processor.py:914} INFO - Processing file /opt/airflow/dags/retail_sales_pipeline_dag.py for tasks to queue
[2026-05-21T14:22:04.423+0000] {logging_mixin.py:190} INFO - [2026-05-21T14:22:04.422+0000] {dagbag.py:588} INFO - Filling up the DagBag from /opt/airflow/dags/retail_sales_pipeline_dag.py
[2026-05-21T14:22:04.453+0000] {processor.py:925} INFO - DAG(s) 'retail_sales_data_engineering_pipeline' retrieved from /opt/airflow/dags/retail_sales_pipeline_dag.py
[2026-05-21T14:22:04.492+0000] {logging_mixin.py:190} INFO - [2026-05-21T14:22:04.492+0000] {dag.py:3239} INFO - Sync 1 DAGs
[2026-05-21T14:22:04.519+0000] {logging_mixin.py:190} INFO - [2026-05-21T14:22:04.519+0000] {dag.py:4180} INFO - Setting next_dagrun for retail_sales_data_engineering_pipeline to 2026-05-21 00:00:00+00:00, run_after=2026-05-22 00:00:00+00:00
[2026-05-21T14:22:04.545+0000] {processor.py:208} INFO - Processing /opt/airflow/dags/retail_sales_pipeline_dag.py took 0.133 seconds
[2026-05-21T14:22:35.888+0000] {processor.py:186} INFO - Started process (PID=1352) to work on /opt/airflow/dags/retail_sales_pipeline_dag.py
[2026-05-21T14:22:35.890+0000] {processor.py:914} INFO - Processing file /opt/airflow/dags/retail_sales_pipeline_dag.py for tasks to queue
[2026-05-21T14:22:35.893+0000] {logging_mixin.py:190} INFO - [2026-05-21T14:22:35.893+0000] {dagbag.py:588} INFO - Filling up the DagBag from /opt/airflow/dags/retail_sales_pipeline_dag.py
[2026-05-21T14:22:35.922+0000] {processor.py:925} INFO - DAG(s) 'retail_sales_data_engineering_pipeline' retrieved from /opt/airflow/dags/retail_sales_pipeline_dag.py
[2026-05-21T14:22:35.972+0000] {logging_mixin.py:190} INFO - [2026-05-21T14:22:35.971+0000] {dag.py:3239} INFO - Sync 1 DAGs
[2026-05-21T14:22:36.003+0000] {logging_mixin.py:190} INFO - [2026-05-21T14:22:36.002+0000] {dag.py:4180} INFO - Setting next_dagrun for retail_sales_data_engineering_pipeline to 2026-05-21 00:00:00+00:00, run_after=2026-05-22 00:00:00+00:00
[2026-05-21T14:22:36.031+0000] {processor.py:208} INFO - Processing /opt/airflow/dags/retail_sales_pipeline_dag.py took 0.153 seconds
[2026-05-21T14:23:06.127+0000] {processor.py:186} INFO - Started process (PID=1357) to work on /opt/airflow/dags/retail_sales_pipeline_dag.py
[2026-05-21T14:23:06.130+0000] {processor.py:914} INFO - Processing file /opt/airflow/dags/retail_sales_pipeline_dag.py for tasks to queue
[2026-05-21T14:23:06.134+0000] {logging_mixin.py:190} INFO - [2026-05-21T14:23:06.133+0000] {dagbag.py:588} INFO - Filling up the DagBag from /opt/airflow/dags/retail_sales_pipeline_dag.py
[2026-05-21T14:23:06.166+0000] {processor.py:925} INFO - DAG(s) 'retail_sales_data_engineering_pipeline' retrieved from /opt/airflow/dags/retail_sales_pipeline_dag.py
[2026-05-21T14:23:06.211+0000] {logging_mixin.py:190} INFO - [2026-05-21T14:23:06.211+0000] {dag.py:3239} INFO - Sync 1 DAGs
[2026-05-21T14:23:06.245+0000] {logging_mixin.py:190} INFO - [2026-05-21T14:23:06.245+0000] {dag.py:4180} INFO - Setting next_dagrun for retail_sales_data_engineering_pipeline to 2026-05-21 00:00:00+00:00, run_after=2026-05-22 00:00:00+00:00
[2026-05-21T14:23:06.269+0000] {processor.py:208} INFO - Processing /opt/airflow/dags/retail_sales_pipeline_dag.py took 0.151 seconds
[2026-05-21T14:23:36.839+0000] {processor.py:186} INFO - Started process (PID=1362) to work on /opt/airflow/dags/retail_sales_pipeline_dag.py
[2026-05-21T14:23:36.840+0000] {processor.py:914} INFO - Processing file /opt/airflow/dags/retail_sales_pipeline_dag.py for tasks to queue
[2026-05-21T14:23:36.844+0000] {logging_mixin.py:190} INFO - [2026-05-21T14:23:36.844+0000] {dagbag.py:588} INFO - Filling up the DagBag from /opt/airflow/dags/retail_sales_pipeline_dag.py
[2026-05-21T14:23:36.879+0000] {processor.py:925} INFO - DAG(s) 'retail_sales_data_engineering_pipeline' retrieved from /opt/airflow/dags/retail_sales_pipeline_dag.py
[2026-05-21T14:23:36.923+0000] {logging_mixin.py:190} INFO - [2026-05-21T14:23:36.923+0000] {dag.py:3239} INFO - Sync 1 DAGs
[2026-05-21T14:23:36.956+0000] {logging_mixin.py:190} INFO - [2026-05-21T14:23:36.956+0000] {dag.py:4180} INFO - Setting next_dagrun for retail_sales_data_engineering_pipeline to 2026-05-21 00:00:00+00:00, run_after=2026-05-22 00:00:00+00:00
[2026-05-21T14:23:36.982+0000] {processor.py:208} INFO - Processing /opt/airflow/dags/retail_sales_pipeline_dag.py took 0.151 seconds
[2026-05-21T14:24:07.140+0000] {processor.py:186} INFO - Started process (PID=1367) to work on /opt/airflow/dags/retail_sales_pipeline_dag.py
[2026-05-21T14:24:07.142+0000] {processor.py:914} INFO - Processing file /opt/airflow/dags/retail_sales_pipeline_dag.py for tasks to queue
[2026-05-21T14:24:07.145+0000] {logging_mixin.py:190} INFO - [2026-05-21T14:24:07.145+0000] {dagbag.py:588} INFO - Filling up the DagBag from /opt/airflow/dags/retail_sales_pipeline_dag.py
[2026-05-21T14:24:07.173+0000] {processor.py:925} INFO - DAG(s) 'retail_sales_data_engineering_pipeline' retrieved from /opt/airflow/dags/retail_sales_pipeline_dag.py
[2026-05-21T14:24:07.214+0000] {logging_mixin.py:190} INFO - [2026-05-21T14:24:07.214+0000] {dag.py:3239} INFO - Sync 1 DAGs
[2026-05-21T14:24:07.241+0000] {logging_mixin.py:190} INFO - [2026-05-21T14:24:07.240+0000] {dag.py:4180} INFO - Setting next_dagrun for retail_sales_data_engineering_pipeline to 2026-05-21 00:00:00+00:00, run_after=2026-05-22 00:00:00+00:00
[2026-05-21T14:24:07.267+0000] {processor.py:208} INFO - Processing /opt/airflow/dags/retail_sales_pipeline_dag.py took 0.135 seconds
[2026-05-21T14:24:38.473+0000] {processor.py:186} INFO - Started process (PID=1372) to work on /opt/airflow/dags/retail_sales_pipeline_dag.py
[2026-05-21T14:24:38.475+0000] {processor.py:914} INFO - Processing file /opt/airflow/dags/retail_sales_pipeline_dag.py for tasks to queue
[2026-05-21T14:24:38.480+0000] {logging_mixin.py:190} INFO - [2026-05-21T14:24:38.479+0000] {dagbag.py:588} INFO - Filling up the DagBag from /opt/airflow/dags/retail_sales_pipeline_dag.py
[2026-05-21T14:24:38.512+0000] {processor.py:925} INFO - DAG(s) 'retail_sales_data_engineering_pipeline' retrieved from /opt/airflow/dags/retail_sales_pipeline_dag.py
[2026-05-21T14:24:38.559+0000] {logging_mixin.py:190} INFO - [2026-05-21T14:24:38.558+0000] {dag.py:3239} INFO - Sync 1 DAGs
[2026-05-21T14:24:38.588+0000] {logging_mixin.py:190} INFO - [2026-05-21T14:24:38.587+0000] {dag.py:4180} INFO - Setting next_dagrun for retail_sales_data_engineering_pipeline to 2026-05-21 00:00:00+00:00, run_after=2026-05-22 00:00:00+00:00
[2026-05-21T14:24:38.617+0000] {processor.py:208} INFO - Processing /opt/airflow/dags/retail_sales_pipeline_dag.py took 0.151 seconds
[2026-05-21T14:25:09.674+0000] {processor.py:186} INFO - Started process (PID=1377) to work on /opt/airflow/dags/retail_sales_pipeline_dag.py
[2026-05-21T14:25:09.676+0000] {processor.py:914} INFO - Processing file /opt/airflow/dags/retail_sales_pipeline_dag.py for tasks to queue
[2026-05-21T14:25:09.681+0000] {logging_mixin.py:190} INFO - [2026-05-21T14:25:09.681+0000] {dagbag.py:588} INFO - Filling up the DagBag from /opt/airflow/dags/retail_sales_pipeline_dag.py
[2026-05-21T14:25:09.715+0000] {processor.py:925} INFO - DAG(s) 'retail_sales_data_engineering_pipeline' retrieved from /opt/airflow/dags/retail_sales_pipeline_dag.py
[2026-05-21T14:25:09.753+0000] {logging_mixin.py:190} INFO - [2026-05-21T14:25:09.753+0000] {dag.py:3239} INFO - Sync 1 DAGs
[2026-05-21T14:25:09.783+0000] {logging_mixin.py:190} INFO - [2026-05-21T14:25:09.783+0000] {dag.py:4180} INFO - Setting next_dagrun for retail_sales_data_engineering_pipeline to 2026-05-21 00:00:00+00:00, run_after=2026-05-22 00:00:00+00:00
[2026-05-21T14:25:09.809+0000] {processor.py:208} INFO - Processing /opt/airflow/dags/retail_sales_pipeline_dag.py took 0.143 seconds
[2026-05-21T14:25:40.415+0000] {processor.py:186} INFO - Started process (PID=1382) to work on /opt/airflow/dags/retail_sales_pipeline_dag.py
[2026-05-21T14:25:40.417+0000] {processor.py:914} INFO - Processing file /opt/airflow/dags/retail_sales_pipeline_dag.py for tasks to queue
[2026-05-21T14:25:40.421+0000] {logging_mixin.py:190} INFO - [2026-05-21T14:25:40.421+0000] {dagbag.py:588} INFO - Filling up the DagBag from /opt/airflow/dags/retail_sales_pipeline_dag.py
[2026-05-21T14:25:40.453+0000] {processor.py:925} INFO - DAG(s) 'retail_sales_data_engineering_pipeline' retrieved from /opt/airflow/dags/retail_sales_pipeline_dag.py
[2026-05-21T14:25:40.495+0000] {logging_mixin.py:190} INFO - [2026-05-21T14:25:40.495+0000] {dag.py:3239} INFO - Sync 1 DAGs
[2026-05-21T14:25:40.532+0000] {logging_mixin.py:190} INFO - [2026-05-21T14:25:40.531+0000] {dag.py:4180} INFO - Setting next_dagrun for retail_sales_data_engineering_pipeline to 2026-05-21 00:00:00+00:00, run_after=2026-05-22 00:00:00+00:00
[2026-05-21T14:25:40.562+0000] {processor.py:208} INFO - Processing /opt/airflow/dags/retail_sales_pipeline_dag.py took 0.156 seconds
[2026-05-21T14:26:10.681+0000] {processor.py:186} INFO - Started process (PID=1387) to work on /opt/airflow/dags/retail_sales_pipeline_dag.py
[2026-05-21T14:26:10.683+0000] {processor.py:914} INFO - Processing file /opt/airflow/dags/retail_sales_pipeline_dag.py for tasks to queue
[2026-05-21T14:26:10.687+0000] {logging_mixin.py:190} INFO - [2026-05-21T14:26:10.687+0000] {dagbag.py:588} INFO - Filling up the DagBag from /opt/airflow/dags/retail_sales_pipeline_dag.py
[2026-05-21T14:26:10.717+0000] {processor.py:925} INFO - DAG(s) 'retail_sales_data_engineering_pipeline' retrieved from /opt/airflow/dags/retail_sales_pipeline_dag.py
[2026-05-21T14:26:10.753+0000] {logging_mixin.py:190} INFO - [2026-05-21T14:26:10.753+0000] {dag.py:3239} INFO - Sync 1 DAGs
[2026-05-21T14:26:10.782+0000] {logging_mixin.py:190} INFO - [2026-05-21T14:26:10.782+0000] {dag.py:4180} INFO - Setting next_dagrun for retail_sales_data_engineering_pipeline to 2026-05-21 00:00:00+00:00, run_after=2026-05-22 00:00:00+00:00
[2026-05-21T14:26:10.810+0000] {processor.py:208} INFO - Processing /opt/airflow/dags/retail_sales_pipeline_dag.py took 0.138 seconds
[2026-05-21T14:26:41.383+0000] {processor.py:186} INFO - Started process (PID=1392) to work on /opt/airflow/dags/retail_sales_pipeline_dag.py
[2026-05-21T14:26:41.385+0000] {processor.py:914} INFO - Processing file /opt/airflow/dags/retail_sales_pipeline_dag.py for tasks to queue
[2026-05-21T14:26:41.388+0000] {logging_mixin.py:190} INFO - [2026-05-21T14:26:41.387+0000] {dagbag.py:588} INFO - Filling up the DagBag from /opt/airflow/dags/retail_sales_pipeline_dag.py
[2026-05-21T14:26:41.412+0000] {processor.py:925} INFO - DAG(s) 'retail_sales_data_engineering_pipeline' retrieved from /opt/airflow/dags/retail_sales_pipeline_dag.py
[2026-05-21T14:26:41.451+0000] {logging_mixin.py:190} INFO - [2026-05-21T14:26:41.450+0000] {dag.py:3239} INFO - Sync 1 DAGs
[2026-05-21T14:26:41.477+0000] {logging_mixin.py:190} INFO - [2026-05-21T14:26:41.477+0000] {dag.py:4180} INFO - Setting next_dagrun for retail_sales_data_engineering_pipeline to 2026-05-21 00:00:00+00:00, run_after=2026-05-22 00:00:00+00:00
[2026-05-21T14:26:41.505+0000] {processor.py:208} INFO - Processing /opt/airflow/dags/retail_sales_pipeline_dag.py took 0.127 seconds
[2026-05-21T14:27:12.697+0000] {processor.py:186} INFO - Started process (PID=1397) to work on /opt/airflow/dags/retail_sales_pipeline_dag.py
[2026-05-21T14:27:12.699+0000] {processor.py:914} INFO - Processing file /opt/airflow/dags/retail_sales_pipeline_dag.py for tasks to queue
[2026-05-21T14:27:12.703+0000] {logging_mixin.py:190} INFO - [2026-05-21T14:27:12.702+0000] {dagbag.py:588} INFO - Filling up the DagBag from /opt/airflow/dags/retail_sales_pipeline_dag.py
[2026-05-21T14:27:12.732+0000] {processor.py:925} INFO - DAG(s) 'retail_sales_data_engineering_pipeline' retrieved from /opt/airflow/dags/retail_sales_pipeline_dag.py
[2026-05-21T14:27:12.773+0000] {logging_mixin.py:190} INFO - [2026-05-21T14:27:12.772+0000] {dag.py:3239} INFO - Sync 1 DAGs
[2026-05-21T14:27:12.803+0000] {logging_mixin.py:190} INFO - [2026-05-21T14:27:12.802+0000] {dag.py:4180} INFO - Setting next_dagrun for retail_sales_data_engineering_pipeline to 2026-05-21 00:00:00+00:00, run_after=2026-05-22 00:00:00+00:00
[2026-05-21T14:27:12.831+0000] {processor.py:208} INFO - Processing /opt/airflow/dags/retail_sales_pipeline_dag.py took 0.142 seconds
[2026-05-21T14:27:43.708+0000] {processor.py:186} INFO - Started process (PID=1402) to work on /opt/airflow/dags/retail_sales_pipeline_dag.py
[2026-05-21T14:27:43.709+0000] {processor.py:914} INFO - Processing file /opt/airflow/dags/retail_sales_pipeline_dag.py for tasks to queue
[2026-05-21T14:27:43.712+0000] {logging_mixin.py:190} INFO - [2026-05-21T14:27:43.712+0000] {dagbag.py:588} INFO - Filling up the DagBag from /opt/airflow/dags/retail_sales_pipeline_dag.py
[2026-05-21T14:27:43.744+0000] {processor.py:925} INFO - DAG(s) 'retail_sales_data_engineering_pipeline' retrieved from /opt/airflow/dags/retail_sales_pipeline_dag.py
[2026-05-21T14:27:43.788+0000] {logging_mixin.py:190} INFO - [2026-05-21T14:27:43.788+0000] {dag.py:3239} INFO - Sync 1 DAGs
[2026-05-21T14:27:43.815+0000] {logging_mixin.py:190} INFO - [2026-05-21T14:27:43.815+0000] {dag.py:4180} INFO - Setting next_dagrun for retail_sales_data_engineering_pipeline to 2026-05-21 00:00:00+00:00, run_after=2026-05-22 00:00:00+00:00
[2026-05-21T14:27:43.840+0000] {processor.py:208} INFO - Processing /opt/airflow/dags/retail_sales_pipeline_dag.py took 0.140 seconds
[2026-05-21T14:28:13.927+0000] {processor.py:186} INFO - Started process (PID=1407) to work on /opt/airflow/dags/retail_sales_pipeline_dag.py
[2026-05-21T14:28:13.929+0000] {processor.py:914} INFO - Processing file /opt/airflow/dags/retail_sales_pipeline_dag.py for tasks to queue
[2026-05-21T14:28:13.932+0000] {logging_mixin.py:190} INFO - [2026-05-21T14:28:13.932+0000] {dagbag.py:588} INFO - Filling up the DagBag from /opt/airflow/dags/retail_sales_pipeline_dag.py
[2026-05-21T14:28:13.958+0000] {processor.py:925} INFO - DAG(s) 'retail_sales_data_engineering_pipeline' retrieved from /opt/airflow/dags/retail_sales_pipeline_dag.py
[2026-05-21T14:28:13.996+0000] {logging_mixin.py:190} INFO - [2026-05-21T14:28:13.996+0000] {dag.py:3239} INFO - Sync 1 DAGs
[2026-05-21T14:28:14.023+0000] {logging_mixin.py:190} INFO - [2026-05-21T14:28:14.022+0000] {dag.py:4180} INFO - Setting next_dagrun for retail_sales_data_engineering_pipeline to 2026-05-21 00:00:00+00:00, run_after=2026-05-22 00:00:00+00:00
[2026-05-21T14:28:14.044+0000] {processor.py:208} INFO - Processing /opt/airflow/dags/retail_sales_pipeline_dag.py took 0.125 seconds
[2026-05-21T14:28:45.066+0000] {processor.py:186} INFO - Started process (PID=1412) to work on /opt/airflow/dags/retail_sales_pipeline_dag.py
[2026-05-21T14:28:45.067+0000] {processor.py:914} INFO - Processing file /opt/airflow/dags/retail_sales_pipeline_dag.py for tasks to queue
[2026-05-21T14:28:45.070+0000] {logging_mixin.py:190} INFO - [2026-05-21T14:28:45.070+0000] {dagbag.py:588} INFO - Filling up the DagBag from /opt/airflow/dags/retail_sales_pipeline_dag.py
[2026-05-21T14:28:45.094+0000] {processor.py:925} INFO - DAG(s) 'retail_sales_data_engineering_pipeline' retrieved from /opt/airflow/dags/retail_sales_pipeline_dag.py
[2026-05-21T14:28:45.134+0000] {logging_mixin.py:190} INFO - [2026-05-21T14:28:45.134+0000] {dag.py:3239} INFO - Sync 1 DAGs
[2026-05-21T14:28:45.160+0000] {logging_mixin.py:190} INFO - [2026-05-21T14:28:45.160+0000] {dag.py:4180} INFO - Setting next_dagrun for retail_sales_data_engineering_pipeline to 2026-05-21 00:00:00+00:00, run_after=2026-05-22 00:00:00+00:00
[2026-05-21T14:28:45.182+0000] {processor.py:208} INFO - Processing /opt/airflow/dags/retail_sales_pipeline_dag.py took 0.122 seconds
[2026-05-21T14:29:15.780+0000] {processor.py:186} INFO - Started process (PID=1417) to work on /opt/airflow/dags/retail_sales_pipeline_dag.py
[2026-05-21T14:29:15.781+0000] {processor.py:914} INFO - Processing file /opt/airflow/dags/retail_sales_pipeline_dag.py for tasks to queue
[2026-05-21T14:29:15.785+0000] {logging_mixin.py:190} INFO - [2026-05-21T14:29:15.785+0000] {dagbag.py:588} INFO - Filling up the DagBag from /opt/airflow/dags/retail_sales_pipeline_dag.py
[2026-05-21T14:29:15.814+0000] {processor.py:925} INFO - DAG(s) 'retail_sales_data_engineering_pipeline' retrieved from /opt/airflow/dags/retail_sales_pipeline_dag.py
[2026-05-21T14:29:15.859+0000] {logging_mixin.py:190} INFO - [2026-05-21T14:29:15.859+0000] {dag.py:3239} INFO - Sync 1 DAGs
[2026-05-21T14:29:15.893+0000] {logging_mixin.py:190} INFO - [2026-05-21T14:29:15.892+0000] {dag.py:4180} INFO - Setting next_dagrun for retail_sales_data_engineering_pipeline to 2026-05-21 00:00:00+00:00, run_after=2026-05-22 00:00:00+00:00
[2026-05-21T14:29:15.929+0000] {processor.py:208} INFO - Processing /opt/airflow/dags/retail_sales_pipeline_dag.py took 0.157 seconds
[2026-05-21T14:29:46.488+0000] {processor.py:186} INFO - Started process (PID=1422) to work on /opt/airflow/dags/retail_sales_pipeline_dag.py
[2026-05-21T14:29:46.490+0000] {processor.py:914} INFO - Processing file /opt/airflow/dags/retail_sales_pipeline_dag.py for tasks to queue
[2026-05-21T14:29:46.495+0000] {logging_mixin.py:190} INFO - [2026-05-21T14:29:46.494+0000] {dagbag.py:588} INFO - Filling up the DagBag from /opt/airflow/dags/retail_sales_pipeline_dag.py
[2026-05-21T14:29:46.524+0000] {processor.py:925} INFO - DAG(s) 'retail_sales_data_engineering_pipeline' retrieved from /opt/airflow/dags/retail_sales_pipeline_dag.py
[2026-05-21T14:29:46.568+0000] {logging_mixin.py:190} INFO - [2026-05-21T14:29:46.568+0000] {dag.py:3239} INFO - Sync 1 DAGs
[2026-05-21T14:29:46.601+0000] {logging_mixin.py:190} INFO - [2026-05-21T14:29:46.601+0000] {dag.py:4180} INFO - Setting next_dagrun for retail_sales_data_engineering_pipeline to 2026-05-21 00:00:00+00:00, run_after=2026-05-22 00:00:00+00:00
[2026-05-21T14:29:46.629+0000] {processor.py:208} INFO - Processing /opt/airflow/dags/retail_sales_pipeline_dag.py took 0.149 seconds
[2026-05-21T14:30:16.798+0000] {processor.py:186} INFO - Started process (PID=1427) to work on /opt/airflow/dags/retail_sales_pipeline_dag.py
[2026-05-21T14:30:16.799+0000] {processor.py:914} INFO - Processing file /opt/airflow/dags/retail_sales_pipeline_dag.py for tasks to queue
[2026-05-21T14:30:16.805+0000] {logging_mixin.py:190} INFO - [2026-05-21T14:30:16.805+0000] {dagbag.py:588} INFO - Filling up the DagBag from /opt/airflow/dags/retail_sales_pipeline_dag.py
[2026-05-21T14:30:16.837+0000] {processor.py:925} INFO - DAG(s) 'retail_sales_data_engineering_pipeline' retrieved from /opt/airflow/dags/retail_sales_pipeline_dag.py
[2026-05-21T14:30:16.876+0000] {logging_mixin.py:190} INFO - [2026-05-21T14:30:16.876+0000] {dag.py:3239} INFO - Sync 1 DAGs
[2026-05-21T14:30:16.906+0000] {logging_mixin.py:190} INFO - [2026-05-21T14:30:16.906+0000] {dag.py:4180} INFO - Setting next_dagrun for retail_sales_data_engineering_pipeline to 2026-05-21 00:00:00+00:00, run_after=2026-05-22 00:00:00+00:00
[2026-05-21T14:30:16.936+0000] {processor.py:208} INFO - Processing /opt/airflow/dags/retail_sales_pipeline_dag.py took 0.145 seconds
[2026-05-21T14:30:47.392+0000] {processor.py:186} INFO - Started process (PID=1432) to work on /opt/airflow/dags/retail_sales_pipeline_dag.py
[2026-05-21T14:30:47.394+0000] {processor.py:914} INFO - Processing file /opt/airflow/dags/retail_sales_pipeline_dag.py for tasks to queue
[2026-05-21T14:30:47.397+0000] {logging_mixin.py:190} INFO - [2026-05-21T14:30:47.397+0000] {dagbag.py:588} INFO - Filling up the DagBag from /opt/airflow/dags/retail_sales_pipeline_dag.py
[2026-05-21T14:30:47.428+0000] {processor.py:925} INFO - DAG(s) 'retail_sales_data_engineering_pipeline' retrieved from /opt/airflow/dags/retail_sales_pipeline_dag.py
[2026-05-21T14:30:47.472+0000] {logging_mixin.py:190} INFO - [2026-05-21T14:30:47.472+0000] {dag.py:3239} INFO - Sync 1 DAGs
[2026-05-21T14:30:47.504+0000] {logging_mixin.py:190} INFO - [2026-05-21T14:30:47.504+0000] {dag.py:4180} INFO - Setting next_dagrun for retail_sales_data_engineering_pipeline to 2026-05-21 00:00:00+00:00, run_after=2026-05-22 00:00:00+00:00
[2026-05-21T14:30:47.531+0000] {processor.py:208} INFO - Processing /opt/airflow/dags/retail_sales_pipeline_dag.py took 0.146 seconds
[2026-05-21T14:31:18.249+0000] {processor.py:186} INFO - Started process (PID=1437) to work on /opt/airflow/dags/retail_sales_pipeline_dag.py
[2026-05-21T14:31:18.253+0000] {processor.py:914} INFO - Processing file /opt/airflow/dags/retail_sales_pipeline_dag.py for tasks to queue
[2026-05-21T14:31:18.257+0000] {logging_mixin.py:190} INFO - [2026-05-21T14:31:18.256+0000] {dagbag.py:588} INFO - Filling up the DagBag from /opt/airflow/dags/retail_sales_pipeline_dag.py
[2026-05-21T14:31:18.288+0000] {processor.py:925} INFO - DAG(s) 'retail_sales_data_engineering_pipeline' retrieved from /opt/airflow/dags/retail_sales_pipeline_dag.py
[2026-05-21T14:31:18.330+0000] {logging_mixin.py:190} INFO - [2026-05-21T14:31:18.330+0000] {dag.py:3239} INFO - Sync 1 DAGs
[2026-05-21T14:31:18.362+0000] {logging_mixin.py:190} INFO - [2026-05-21T14:31:18.362+0000] {dag.py:4180} INFO - Setting next_dagrun for retail_sales_data_engineering_pipeline to 2026-05-21 00:00:00+00:00, run_after=2026-05-22 00:00:00+00:00
[2026-05-21T14:31:18.385+0000] {processor.py:208} INFO - Processing /opt/airflow/dags/retail_sales_pipeline_dag.py took 0.144 seconds
[2026-05-21T14:31:49.084+0000] {processor.py:186} INFO - Started process (PID=1442) to work on /opt/airflow/dags/retail_sales_pipeline_dag.py
[2026-05-21T14:31:49.086+0000] {processor.py:914} INFO - Processing file /opt/airflow/dags/retail_sales_pipeline_dag.py for tasks to queue
[2026-05-21T14:31:49.090+0000] {logging_mixin.py:190} INFO - [2026-05-21T14:31:49.090+0000] {dagbag.py:588} INFO - Filling up the DagBag from /opt/airflow/dags/retail_sales_pipeline_dag.py
[2026-05-21T14:31:49.119+0000] {processor.py:925} INFO - DAG(s) 'retail_sales_data_engineering_pipeline' retrieved from /opt/airflow/dags/retail_sales_pipeline_dag.py
[2026-05-21T14:31:49.158+0000] {logging_mixin.py:190} INFO - [2026-05-21T14:31:49.158+0000] {dag.py:3239} INFO - Sync 1 DAGs
[2026-05-21T14:31:49.184+0000] {logging_mixin.py:190} INFO - [2026-05-21T14:31:49.184+0000] {dag.py:4180} INFO - Setting next_dagrun for retail_sales_data_engineering_pipeline to 2026-05-21 00:00:00+00:00, run_after=2026-05-22 00:00:00+00:00
[2026-05-21T14:31:49.208+0000] {processor.py:208} INFO - Processing /opt/airflow/dags/retail_sales_pipeline_dag.py took 0.135 seconds
[2026-05-21T14:32:19.282+0000] {processor.py:186} INFO - Started process (PID=1447) to work on /opt/airflow/dags/retail_sales_pipeline_dag.py
[2026-05-21T14:32:19.284+0000] {processor.py:914} INFO - Processing file /opt/airflow/dags/retail_sales_pipeline_dag.py for tasks to queue
[2026-05-21T14:32:19.287+0000] {logging_mixin.py:190} INFO - [2026-05-21T14:32:19.287+0000] {dagbag.py:588} INFO - Filling up the DagBag from /opt/airflow/dags/retail_sales_pipeline_dag.py
[2026-05-21T14:32:19.317+0000] {processor.py:925} INFO - DAG(s) 'retail_sales_data_engineering_pipeline' retrieved from /opt/airflow/dags/retail_sales_pipeline_dag.py
[2026-05-21T14:32:19.356+0000] {logging_mixin.py:190} INFO - [2026-05-21T14:32:19.356+0000] {dag.py:3239} INFO - Sync 1 DAGs
[2026-05-21T14:32:19.384+0000] {logging_mixin.py:190} INFO - [2026-05-21T14:32:19.384+0000] {dag.py:4180} INFO - Setting next_dagrun for retail_sales_data_engineering_pipeline to 2026-05-21 00:00:00+00:00, run_after=2026-05-22 00:00:00+00:00
[2026-05-21T14:32:19.410+0000] {processor.py:208} INFO - Processing /opt/airflow/dags/retail_sales_pipeline_dag.py took 0.140 seconds
[2026-05-21T14:32:49.913+0000] {processor.py:186} INFO - Started process (PID=1452) to work on /opt/airflow/dags/retail_sales_pipeline_dag.py
[2026-05-21T14:32:49.915+0000] {processor.py:914} INFO - Processing file /opt/airflow/dags/retail_sales_pipeline_dag.py for tasks to queue
[2026-05-21T14:32:49.919+0000] {logging_mixin.py:190} INFO - [2026-05-21T14:32:49.918+0000] {dagbag.py:588} INFO - Filling up the DagBag from /opt/airflow/dags/retail_sales_pipeline_dag.py
[2026-05-21T14:32:49.949+0000] {processor.py:925} INFO - DAG(s) 'retail_sales_data_engineering_pipeline' retrieved from /opt/airflow/dags/retail_sales_pipeline_dag.py
[2026-05-21T14:32:49.991+0000] {logging_mixin.py:190} INFO - [2026-05-21T14:32:49.991+0000] {dag.py:3239} INFO - Sync 1 DAGs
[2026-05-21T14:32:50.024+0000] {logging_mixin.py:190} INFO - [2026-05-21T14:32:50.024+0000] {dag.py:4180} INFO - Setting next_dagrun for retail_sales_data_engineering_pipeline to 2026-05-21 00:00:00+00:00, run_after=2026-05-22 00:00:00+00:00
[2026-05-21T14:32:50.047+0000] {processor.py:208} INFO - Processing /opt/airflow/dags/retail_sales_pipeline_dag.py took 0.142 seconds
[2026-05-21T14:33:20.178+0000] {processor.py:186} INFO - Started process (PID=1457) to work on /opt/airflow/dags/retail_sales_pipeline_dag.py
[2026-05-21T14:33:20.179+0000] {processor.py:914} INFO - Processing file /opt/airflow/dags/retail_sales_pipeline_dag.py for tasks to queue
[2026-05-21T14:33:20.182+0000] {logging_mixin.py:190} INFO - [2026-05-21T14:33:20.182+0000] {dagbag.py:588} INFO - Filling up the DagBag from /opt/airflow/dags/retail_sales_pipeline_dag.py
[2026-05-21T14:33:20.211+0000] {processor.py:925} INFO - DAG(s) 'retail_sales_data_engineering_pipeline' retrieved from /opt/airflow/dags/retail_sales_pipeline_dag.py
[2026-05-21T14:33:20.251+0000] {logging_mixin.py:190} INFO - [2026-05-21T14:33:20.251+0000] {dag.py:3239} INFO - Sync 1 DAGs
[2026-05-21T14:33:20.282+0000] {logging_mixin.py:190} INFO - [2026-05-21T14:33:20.282+0000] {dag.py:4180} INFO - Setting next_dagrun for retail_sales_data_engineering_pipeline to 2026-05-21 00:00:00+00:00, run_after=2026-05-22 00:00:00+00:00
[2026-05-21T14:33:20.307+0000] {processor.py:208} INFO - Processing /opt/airflow/dags/retail_sales_pipeline_dag.py took 0.136 seconds
[2026-05-21T14:33:51.259+0000] {processor.py:186} INFO - Started process (PID=1462) to work on /opt/airflow/dags/retail_sales_pipeline_dag.py
[2026-05-21T14:33:51.261+0000] {processor.py:914} INFO - Processing file /opt/airflow/dags/retail_sales_pipeline_dag.py for tasks to queue
[2026-05-21T14:33:51.264+0000] {logging_mixin.py:190} INFO - [2026-05-21T14:33:51.263+0000] {dagbag.py:588} INFO - Filling up the DagBag from /opt/airflow/dags/retail_sales_pipeline_dag.py
[2026-05-21T14:33:51.292+0000] {processor.py:925} INFO - DAG(s) 'retail_sales_data_engineering_pipeline' retrieved from /opt/airflow/dags/retail_sales_pipeline_dag.py
[2026-05-21T14:33:51.328+0000] {logging_mixin.py:190} INFO - [2026-05-21T14:33:51.327+0000] {dag.py:3239} INFO - Sync 1 DAGs
[2026-05-21T14:33:51.355+0000] {logging_mixin.py:190} INFO - [2026-05-21T14:33:51.355+0000] {dag.py:4180} INFO - Setting next_dagrun for retail_sales_data_engineering_pipeline to 2026-05-21 00:00:00+00:00, run_after=2026-05-22 00:00:00+00:00
[2026-05-21T14:33:51.378+0000] {processor.py:208} INFO - Processing /opt/airflow/dags/retail_sales_pipeline_dag.py took 0.125 seconds
[2026-05-21T14:34:21.873+0000] {processor.py:186} INFO - Started process (PID=1467) to work on /opt/airflow/dags/retail_sales_pipeline_dag.py
[2026-05-21T14:34:21.875+0000] {processor.py:914} INFO - Processing file /opt/airflow/dags/retail_sales_pipeline_dag.py for tasks to queue
[2026-05-21T14:34:21.879+0000] {logging_mixin.py:190} INFO - [2026-05-21T14:34:21.878+0000] {dagbag.py:588} INFO - Filling up the DagBag from /opt/airflow/dags/retail_sales_pipeline_dag.py
[2026-05-21T14:34:21.909+0000] {processor.py:925} INFO - DAG(s) 'retail_sales_data_engineering_pipeline' retrieved from /opt/airflow/dags/retail_sales_pipeline_dag.py
[2026-05-21T14:34:21.950+0000] {logging_mixin.py:190} INFO - [2026-05-21T14:34:21.950+0000] {dag.py:3239} INFO - Sync 1 DAGs
[2026-05-21T14:34:21.982+0000] {logging_mixin.py:190} INFO - [2026-05-21T14:34:21.981+0000] {dag.py:4180} INFO - Setting next_dagrun for retail_sales_data_engineering_pipeline to 2026-05-21 00:00:00+00:00, run_after=2026-05-22 00:00:00+00:00
[2026-05-21T14:34:22.006+0000] {processor.py:208} INFO - Processing /opt/airflow/dags/retail_sales_pipeline_dag.py took 0.142 seconds
[2026-05-21T14:34:52.754+0000] {processor.py:186} INFO - Started process (PID=1472) to work on /opt/airflow/dags/retail_sales_pipeline_dag.py
[2026-05-21T14:34:52.756+0000] {processor.py:914} INFO - Processing file /opt/airflow/dags/retail_sales_pipeline_dag.py for tasks to queue
[2026-05-21T14:34:52.760+0000] {logging_mixin.py:190} INFO - [2026-05-21T14:34:52.760+0000] {dagbag.py:588} INFO - Filling up the DagBag from /opt/airflow/dags/retail_sales_pipeline_dag.py
[2026-05-21T14:34:52.786+0000] {processor.py:925} INFO - DAG(s) 'retail_sales_data_engineering_pipeline' retrieved from /opt/airflow/dags/retail_sales_pipeline_dag.py
[2026-05-21T14:34:52.830+0000] {logging_mixin.py:190} INFO - [2026-05-21T14:34:52.830+0000] {dag.py:3239} INFO - Sync 1 DAGs
[2026-05-21T14:34:52.860+0000] {logging_mixin.py:190} INFO - [2026-05-21T14:34:52.860+0000] {dag.py:4180} INFO - Setting next_dagrun for retail_sales_data_engineering_pipeline to 2026-05-21 00:00:00+00:00, run_after=2026-05-22 00:00:00+00:00
[2026-05-21T14:34:52.886+0000] {processor.py:208} INFO - Processing /opt/airflow/dags/retail_sales_pipeline_dag.py took 0.140 seconds
[2026-05-21T14:35:23.160+0000] {processor.py:186} INFO - Started process (PID=1477) to work on /opt/airflow/dags/retail_sales_pipeline_dag.py
[2026-05-21T14:35:23.162+0000] {processor.py:914} INFO - Processing file /opt/airflow/dags/retail_sales_pipeline_dag.py for tasks to queue
[2026-05-21T14:35:23.168+0000] {logging_mixin.py:190} INFO - [2026-05-21T14:35:23.167+0000] {dagbag.py:588} INFO - Filling up the DagBag from /opt/airflow/dags/retail_sales_pipeline_dag.py
[2026-05-21T14:35:23.202+0000] {processor.py:925} INFO - DAG(s) 'retail_sales_data_engineering_pipeline' retrieved from /opt/airflow/dags/retail_sales_pipeline_dag.py
[2026-05-21T14:35:23.242+0000] {logging_mixin.py:190} INFO - [2026-05-21T14:35:23.242+0000] {dag.py:3239} INFO - Sync 1 DAGs
[2026-05-21T14:35:23.273+0000] {logging_mixin.py:190} INFO - [2026-05-21T14:35:23.273+0000] {dag.py:4180} INFO - Setting next_dagrun for retail_sales_data_engineering_pipeline to 2026-05-21 00:00:00+00:00, run_after=2026-05-22 00:00:00+00:00
[2026-05-21T14:35:23.302+0000] {processor.py:208} INFO - Processing /opt/airflow/dags/retail_sales_pipeline_dag.py took 0.152 seconds
[2026-05-21T14:35:54.265+0000] {processor.py:186} INFO - Started process (PID=1482) to work on /opt/airflow/dags/retail_sales_pipeline_dag.py
[2026-05-21T14:35:54.268+0000] {processor.py:914} INFO - Processing file /opt/airflow/dags/retail_sales_pipeline_dag.py for tasks to queue
[2026-05-21T14:35:54.272+0000] {logging_mixin.py:190} INFO - [2026-05-21T14:35:54.272+0000] {dagbag.py:588} INFO - Filling up the DagBag from /opt/airflow/dags/retail_sales_pipeline_dag.py
[2026-05-21T14:35:54.313+0000] {processor.py:925} INFO - DAG(s) 'retail_sales_data_engineering_pipeline' retrieved from /opt/airflow/dags/retail_sales_pipeline_dag.py
[2026-05-21T14:35:54.352+0000] {logging_mixin.py:190} INFO - [2026-05-21T14:35:54.352+0000] {dag.py:3239} INFO - Sync 1 DAGs
[2026-05-21T14:35:54.378+0000] {logging_mixin.py:190} INFO - [2026-05-21T14:35:54.377+0000] {dag.py:4180} INFO - Setting next_dagrun for retail_sales_data_engineering_pipeline to 2026-05-21 00:00:00+00:00, run_after=2026-05-22 00:00:00+00:00
[2026-05-21T14:35:54.402+0000] {processor.py:208} INFO - Processing /opt/airflow/dags/retail_sales_pipeline_dag.py took 0.144 seconds
[2026-05-21T14:36:24.930+0000] {processor.py:186} INFO - Started process (PID=1487) to work on /opt/airflow/dags/retail_sales_pipeline_dag.py
[2026-05-21T14:36:24.932+0000] {processor.py:914} INFO - Processing file /opt/airflow/dags/retail_sales_pipeline_dag.py for tasks to queue
[2026-05-21T14:36:24.935+0000] {logging_mixin.py:190} INFO - [2026-05-21T14:36:24.935+0000] {dagbag.py:588} INFO - Filling up the DagBag from /opt/airflow/dags/retail_sales_pipeline_dag.py
[2026-05-21T14:36:24.974+0000] {processor.py:925} INFO - DAG(s) 'retail_sales_data_engineering_pipeline' retrieved from /opt/airflow/dags/retail_sales_pipeline_dag.py
[2026-05-21T14:36:25.018+0000] {logging_mixin.py:190} INFO - [2026-05-21T14:36:25.017+0000] {dag.py:3239} INFO - Sync 1 DAGs
[2026-05-21T14:36:25.050+0000] {logging_mixin.py:190} INFO - [2026-05-21T14:36:25.049+0000] {dag.py:4180} INFO - Setting next_dagrun for retail_sales_data_engineering_pipeline to 2026-05-21 00:00:00+00:00, run_after=2026-05-22 00:00:00+00:00
[2026-05-21T14:36:25.074+0000] {processor.py:208} INFO - Processing /opt/airflow/dags/retail_sales_pipeline_dag.py took 0.152 seconds
[2026-05-21T14:36:55.640+0000] {processor.py:186} INFO - Started process (PID=1492) to work on /opt/airflow/dags/retail_sales_pipeline_dag.py
[2026-05-21T14:36:55.642+0000] {processor.py:914} INFO - Processing file /opt/airflow/dags/retail_sales_pipeline_dag.py for tasks to queue
[2026-05-21T14:36:55.644+0000] {logging_mixin.py:190} INFO - [2026-05-21T14:36:55.644+0000] {dagbag.py:588} INFO - Filling up the DagBag from /opt/airflow/dags/retail_sales_pipeline_dag.py
[2026-05-21T14:36:55.674+0000] {processor.py:925} INFO - DAG(s) 'retail_sales_data_engineering_pipeline' retrieved from /opt/airflow/dags/retail_sales_pipeline_dag.py
[2026-05-21T14:36:55.716+0000] {logging_mixin.py:190} INFO - [2026-05-21T14:36:55.716+0000] {dag.py:3239} INFO - Sync 1 DAGs
[2026-05-21T14:36:55.748+0000] {logging_mixin.py:190} INFO - [2026-05-21T14:36:55.748+0000] {dag.py:4180} INFO - Setting next_dagrun for retail_sales_data_engineering_pipeline to 2026-05-21 00:00:00+00:00, run_after=2026-05-22 00:00:00+00:00
[2026-05-21T14:36:55.769+0000] {processor.py:208} INFO - Processing /opt/airflow/dags/retail_sales_pipeline_dag.py took 0.136 seconds
[2026-05-21T14:37:26.092+0000] {processor.py:186} INFO - Started process (PID=1497) to work on /opt/airflow/dags/retail_sales_pipeline_dag.py
[2026-05-21T14:37:26.093+0000] {processor.py:914} INFO - Processing file /opt/airflow/dags/retail_sales_pipeline_dag.py for tasks to queue
[2026-05-21T14:37:26.096+0000] {logging_mixin.py:190} INFO - [2026-05-21T14:37:26.096+0000] {dagbag.py:588} INFO - Filling up the DagBag from /opt/airflow/dags/retail_sales_pipeline_dag.py
[2026-05-21T14:37:26.124+0000] {processor.py:925} INFO - DAG(s) 'retail_sales_data_engineering_pipeline' retrieved from /opt/airflow/dags/retail_sales_pipeline_dag.py
[2026-05-21T14:37:26.159+0000] {logging_mixin.py:190} INFO - [2026-05-21T14:37:26.159+0000] {dag.py:3239} INFO - Sync 1 DAGs
[2026-05-21T14:37:26.188+0000] {logging_mixin.py:190} INFO - [2026-05-21T14:37:26.188+0000] {dag.py:4180} INFO - Setting next_dagrun for retail_sales_data_engineering_pipeline to 2026-05-21 00:00:00+00:00, run_after=2026-05-22 00:00:00+00:00
[2026-05-21T14:37:26.212+0000] {processor.py:208} INFO - Processing /opt/airflow/dags/retail_sales_pipeline_dag.py took 0.127 seconds
[2026-05-21T14:37:56.589+0000] {processor.py:186} INFO - Started process (PID=1502) to work on /opt/airflow/dags/retail_sales_pipeline_dag.py
[2026-05-21T14:37:56.590+0000] {processor.py:914} INFO - Processing file /opt/airflow/dags/retail_sales_pipeline_dag.py for tasks to queue
[2026-05-21T14:37:56.592+0000] {logging_mixin.py:190} INFO - [2026-05-21T14:37:56.592+0000] {dagbag.py:588} INFO - Filling up the DagBag from /opt/airflow/dags/retail_sales_pipeline_dag.py
[2026-05-21T14:37:56.616+0000] {processor.py:925} INFO - DAG(s) 'retail_sales_data_engineering_pipeline' retrieved from /opt/airflow/dags/retail_sales_pipeline_dag.py
[2026-05-21T14:37:56.652+0000] {logging_mixin.py:190} INFO - [2026-05-21T14:37:56.651+0000] {dag.py:3239} INFO - Sync 1 DAGs
[2026-05-21T14:37:56.677+0000] {logging_mixin.py:190} INFO - [2026-05-21T14:37:56.677+0000] {dag.py:4180} INFO - Setting next_dagrun for retail_sales_data_engineering_pipeline to 2026-05-21 00:00:00+00:00, run_after=2026-05-22 00:00:00+00:00
[2026-05-21T14:37:56.699+0000] {processor.py:208} INFO - Processing /opt/airflow/dags/retail_sales_pipeline_dag.py took 0.115 seconds
[2026-05-21T14:38:27.053+0000] {processor.py:186} INFO - Started process (PID=1507) to work on /opt/airflow/dags/retail_sales_pipeline_dag.py
[2026-05-21T14:38:27.054+0000] {processor.py:914} INFO - Processing file /opt/airflow/dags/retail_sales_pipeline_dag.py for tasks to queue
[2026-05-21T14:38:27.058+0000] {logging_mixin.py:190} INFO - [2026-05-21T14:38:27.057+0000] {dagbag.py:588} INFO - Filling up the DagBag from /opt/airflow/dags/retail_sales_pipeline_dag.py
[2026-05-21T14:38:27.088+0000] {processor.py:925} INFO - DAG(s) 'retail_sales_data_engineering_pipeline' retrieved from /opt/airflow/dags/retail_sales_pipeline_dag.py
[2026-05-21T14:38:27.137+0000] {logging_mixin.py:190} INFO - [2026-05-21T14:38:27.137+0000] {dag.py:3239} INFO - Sync 1 DAGs
[2026-05-21T14:38:27.174+0000] {logging_mixin.py:190} INFO - [2026-05-21T14:38:27.174+0000] {dag.py:4180} INFO - Setting next_dagrun for retail_sales_data_engineering_pipeline to 2026-05-21 00:00:00+00:00, run_after=2026-05-22 00:00:00+00:00
[2026-05-21T14:38:27.220+0000] {processor.py:208} INFO - Processing /opt/airflow/dags/retail_sales_pipeline_dag.py took 0.176 seconds
[2026-05-21T14:38:57.576+0000] {processor.py:186} INFO - Started process (PID=1512) to work on /opt/airflow/dags/retail_sales_pipeline_dag.py
[2026-05-21T14:38:57.579+0000] {processor.py:914} INFO - Processing file /opt/airflow/dags/retail_sales_pipeline_dag.py for tasks to queue
[2026-05-21T14:38:57.584+0000] {logging_mixin.py:190} INFO - [2026-05-21T14:38:57.584+0000] {dagbag.py:588} INFO - Filling up the DagBag from /opt/airflow/dags/retail_sales_pipeline_dag.py
[2026-05-21T14:38:57.615+0000] {processor.py:925} INFO - DAG(s) 'retail_sales_data_engineering_pipeline' retrieved from /opt/airflow/dags/retail_sales_pipeline_dag.py
[2026-05-21T14:38:57.656+0000] {logging_mixin.py:190} INFO - [2026-05-21T14:38:57.655+0000] {dag.py:3239} INFO - Sync 1 DAGs
[2026-05-21T14:38:57.688+0000] {logging_mixin.py:190} INFO - [2026-05-21T14:38:57.688+0000] {dag.py:4180} INFO - Setting next_dagrun for retail_sales_data_engineering_pipeline to 2026-05-21 00:00:00+00:00, run_after=2026-05-22 00:00:00+00:00
[2026-05-21T14:38:57.716+0000] {processor.py:208} INFO - Processing /opt/airflow/dags/retail_sales_pipeline_dag.py took 0.149 seconds
[2026-05-21T14:39:28.544+0000] {processor.py:186} INFO - Started process (PID=1517) to work on /opt/airflow/dags/retail_sales_pipeline_dag.py
[2026-05-21T14:39:28.546+0000] {processor.py:914} INFO - Processing file /opt/airflow/dags/retail_sales_pipeline_dag.py for tasks to queue
[2026-05-21T14:39:28.549+0000] {logging_mixin.py:190} INFO - [2026-05-21T14:39:28.549+0000] {dagbag.py:588} INFO - Filling up the DagBag from /opt/airflow/dags/retail_sales_pipeline_dag.py
[2026-05-21T14:39:28.574+0000] {processor.py:925} INFO - DAG(s) 'retail_sales_data_engineering_pipeline' retrieved from /opt/airflow/dags/retail_sales_pipeline_dag.py
[2026-05-21T14:39:28.616+0000] {logging_mixin.py:190} INFO - [2026-05-21T14:39:28.615+0000] {dag.py:3239} INFO - Sync 1 DAGs
[2026-05-21T14:39:28.645+0000] {logging_mixin.py:190} INFO - [2026-05-21T14:39:28.645+0000] {dag.py:4180} INFO - Setting next_dagrun for retail_sales_data_engineering_pipeline to 2026-05-21 00:00:00+00:00, run_after=2026-05-22 00:00:00+00:00
[2026-05-21T14:39:28.676+0000] {processor.py:208} INFO - Processing /opt/airflow/dags/retail_sales_pipeline_dag.py took 0.138 seconds
[2026-05-21T14:39:59.702+0000] {processor.py:186} INFO - Started process (PID=1522) to work on /opt/airflow/dags/retail_sales_pipeline_dag.py
[2026-05-21T14:39:59.704+0000] {processor.py:914} INFO - Processing file /opt/airflow/dags/retail_sales_pipeline_dag.py for tasks to queue
[2026-05-21T14:39:59.708+0000] {logging_mixin.py:190} INFO - [2026-05-21T14:39:59.708+0000] {dagbag.py:588} INFO - Filling up the DagBag from /opt/airflow/dags/retail_sales_pipeline_dag.py
[2026-05-21T14:39:59.737+0000] {processor.py:925} INFO - DAG(s) 'retail_sales_data_engineering_pipeline' retrieved from /opt/airflow/dags/retail_sales_pipeline_dag.py
[2026-05-21T14:39:59.773+0000] {logging_mixin.py:190} INFO - [2026-05-21T14:39:59.773+0000] {dag.py:3239} INFO - Sync 1 DAGs
[2026-05-21T14:39:59.818+0000] {logging_mixin.py:190} INFO - [2026-05-21T14:39:59.818+0000] {dag.py:4180} INFO - Setting next_dagrun for retail_sales_data_engineering_pipeline to 2026-05-21 00:00:00+00:00, run_after=2026-05-22 00:00:00+00:00
[2026-05-21T14:39:59.840+0000] {processor.py:208} INFO - Processing /opt/airflow/dags/retail_sales_pipeline_dag.py took 0.147 seconds
[2026-05-21T14:40:29.972+0000] {processor.py:186} INFO - Started process (PID=1527) to work on /opt/airflow/dags/retail_sales_pipeline_dag.py
[2026-05-21T14:40:29.974+0000] {processor.py:914} INFO - Processing file /opt/airflow/dags/retail_sales_pipeline_dag.py for tasks to queue
[2026-05-21T14:40:29.978+0000] {logging_mixin.py:190} INFO - [2026-05-21T14:40:29.977+0000] {dagbag.py:588} INFO - Filling up the DagBag from /opt/airflow/dags/retail_sales_pipeline_dag.py
[2026-05-21T14:40:30.006+0000] {processor.py:925} INFO - DAG(s) 'retail_sales_data_engineering_pipeline' retrieved from /opt/airflow/dags/retail_sales_pipeline_dag.py
[2026-05-21T14:40:30.041+0000] {logging_mixin.py:190} INFO - [2026-05-21T14:40:30.041+0000] {dag.py:3239} INFO - Sync 1 DAGs
[2026-05-21T14:40:30.067+0000] {logging_mixin.py:190} INFO - [2026-05-21T14:40:30.067+0000] {dag.py:4180} INFO - Setting next_dagrun for retail_sales_data_engineering_pipeline to 2026-05-21 00:00:00+00:00, run_after=2026-05-22 00:00:00+00:00
[2026-05-21T14:40:30.088+0000] {processor.py:208} INFO - Processing /opt/airflow/dags/retail_sales_pipeline_dag.py took 0.124 seconds
[2026-05-21T14:41:00.213+0000] {processor.py:186} INFO - Started process (PID=1532) to work on /opt/airflow/dags/retail_sales_pipeline_dag.py
[2026-05-21T14:41:00.216+0000] {processor.py:914} INFO - Processing file /opt/airflow/dags/retail_sales_pipeline_dag.py for tasks to queue
[2026-05-21T14:41:00.219+0000] {logging_mixin.py:190} INFO - [2026-05-21T14:41:00.219+0000] {dagbag.py:588} INFO - Filling up the DagBag from /opt/airflow/dags/retail_sales_pipeline_dag.py
[2026-05-21T14:41:00.255+0000] {processor.py:925} INFO - DAG(s) 'retail_sales_data_engineering_pipeline' retrieved from /opt/airflow/dags/retail_sales_pipeline_dag.py
[2026-05-21T14:41:00.291+0000] {logging_mixin.py:190} INFO - [2026-05-21T14:41:00.291+0000] {dag.py:3239} INFO - Sync 1 DAGs
[2026-05-21T14:41:00.318+0000] {logging_mixin.py:190} INFO - [2026-05-21T14:41:00.318+0000] {dag.py:4180} INFO - Setting next_dagrun for retail_sales_data_engineering_pipeline to 2026-05-21 00:00:00+00:00, run_after=2026-05-22 00:00:00+00:00
[2026-05-21T14:41:00.343+0000] {processor.py:208} INFO - Processing /opt/airflow/dags/retail_sales_pipeline_dag.py took 0.139 seconds
[2026-05-21T14:41:30.528+0000] {processor.py:186} INFO - Started process (PID=1537) to work on /opt/airflow/dags/retail_sales_pipeline_dag.py
[2026-05-21T14:41:30.530+0000] {processor.py:914} INFO - Processing file /opt/airflow/dags/retail_sales_pipeline_dag.py for tasks to queue
[2026-05-21T14:41:30.534+0000] {logging_mixin.py:190} INFO - [2026-05-21T14:41:30.534+0000] {dagbag.py:588} INFO - Filling up the DagBag from /opt/airflow/dags/retail_sales_pipeline_dag.py
[2026-05-21T14:41:30.568+0000] {processor.py:925} INFO - DAG(s) 'retail_sales_data_engineering_pipeline' retrieved from /opt/airflow/dags/retail_sales_pipeline_dag.py
[2026-05-21T14:41:30.617+0000] {logging_mixin.py:190} INFO - [2026-05-21T14:41:30.617+0000] {dag.py:3239} INFO - Sync 1 DAGs
[2026-05-21T14:41:30.648+0000] {logging_mixin.py:190} INFO - [2026-05-21T14:41:30.648+0000] {dag.py:4180} INFO - Setting next_dagrun for retail_sales_data_engineering_pipeline to 2026-05-21 00:00:00+00:00, run_after=2026-05-22 00:00:00+00:00
[2026-05-21T14:41:30.676+0000] {processor.py:208} INFO - Processing /opt/airflow/dags/retail_sales_pipeline_dag.py took 0.155 seconds
[2026-05-21T14:42:00.873+0000] {processor.py:186} INFO - Started process (PID=1542) to work on /opt/airflow/dags/retail_sales_pipeline_dag.py
[2026-05-21T14:42:00.875+0000] {processor.py:914} INFO - Processing file /opt/airflow/dags/retail_sales_pipeline_dag.py for tasks to queue
[2026-05-21T14:42:00.878+0000] {logging_mixin.py:190} INFO - [2026-05-21T14:42:00.878+0000] {dagbag.py:588} INFO - Filling up the DagBag from /opt/airflow/dags/retail_sales_pipeline_dag.py
[2026-05-21T14:42:00.913+0000] {processor.py:925} INFO - DAG(s) 'retail_sales_data_engineering_pipeline' retrieved from /opt/airflow/dags/retail_sales_pipeline_dag.py
[2026-05-21T14:42:00.955+0000] {logging_mixin.py:190} INFO - [2026-05-21T14:42:00.955+0000] {dag.py:3239} INFO - Sync 1 DAGs
[2026-05-21T14:42:00.987+0000] {logging_mixin.py:190} INFO - [2026-05-21T14:42:00.987+0000] {dag.py:4180} INFO - Setting next_dagrun for retail_sales_data_engineering_pipeline to 2026-05-21 00:00:00+00:00, run_after=2026-05-22 00:00:00+00:00
[2026-05-21T14:42:01.023+0000] {processor.py:208} INFO - Processing /opt/airflow/dags/retail_sales_pipeline_dag.py took 0.158 seconds
[2026-05-21T14:42:31.449+0000] {processor.py:186} INFO - Started process (PID=1547) to work on /opt/airflow/dags/retail_sales_pipeline_dag.py
[2026-05-21T14:42:31.451+0000] {processor.py:914} INFO - Processing file /opt/airflow/dags/retail_sales_pipeline_dag.py for tasks to queue
[2026-05-21T14:42:31.455+0000] {logging_mixin.py:190} INFO - [2026-05-21T14:42:31.454+0000] {dagbag.py:588} INFO - Filling up the DagBag from /opt/airflow/dags/retail_sales_pipeline_dag.py
[2026-05-21T14:42:31.482+0000] {processor.py:925} INFO - DAG(s) 'retail_sales_data_engineering_pipeline' retrieved from /opt/airflow/dags/retail_sales_pipeline_dag.py
[2026-05-21T14:42:31.520+0000] {logging_mixin.py:190} INFO - [2026-05-21T14:42:31.519+0000] {dag.py:3239} INFO - Sync 1 DAGs
[2026-05-21T14:42:31.550+0000] {logging_mixin.py:190} INFO - [2026-05-21T14:42:31.549+0000] {dag.py:4180} INFO - Setting next_dagrun for retail_sales_data_engineering_pipeline to 2026-05-21 00:00:00+00:00, run_after=2026-05-22 00:00:00+00:00
[2026-05-21T14:42:31.574+0000] {processor.py:208} INFO - Processing /opt/airflow/dags/retail_sales_pipeline_dag.py took 0.132 seconds
[2026-05-21T14:43:02.684+0000] {processor.py:186} INFO - Started process (PID=1552) to work on /opt/airflow/dags/retail_sales_pipeline_dag.py
[2026-05-21T14:43:02.686+0000] {processor.py:914} INFO - Processing file /opt/airflow/dags/retail_sales_pipeline_dag.py for tasks to queue
[2026-05-21T14:43:02.690+0000] {logging_mixin.py:190} INFO - [2026-05-21T14:43:02.690+0000] {dagbag.py:588} INFO - Filling up the DagBag from /opt/airflow/dags/retail_sales_pipeline_dag.py
[2026-05-21T14:43:02.717+0000] {processor.py:925} INFO - DAG(s) 'retail_sales_data_engineering_pipeline' retrieved from /opt/airflow/dags/retail_sales_pipeline_dag.py
[2026-05-21T14:43:02.759+0000] {logging_mixin.py:190} INFO - [2026-05-21T14:43:02.758+0000] {dag.py:3239} INFO - Sync 1 DAGs
[2026-05-21T14:43:02.784+0000] {logging_mixin.py:190} INFO - [2026-05-21T14:43:02.784+0000] {dag.py:4180} INFO - Setting next_dagrun for retail_sales_data_engineering_pipeline to 2026-05-21 00:00:00+00:00, run_after=2026-05-22 00:00:00+00:00
[2026-05-21T14:43:02.808+0000] {processor.py:208} INFO - Processing /opt/airflow/dags/retail_sales_pipeline_dag.py took 0.132 seconds
[2026-05-21T14:43:32.966+0000] {processor.py:186} INFO - Started process (PID=1557) to work on /opt/airflow/dags/retail_sales_pipeline_dag.py
[2026-05-21T14:43:32.967+0000] {processor.py:914} INFO - Processing file /opt/airflow/dags/retail_sales_pipeline_dag.py for tasks to queue
[2026-05-21T14:43:32.971+0000] {logging_mixin.py:190} INFO - [2026-05-21T14:43:32.970+0000] {dagbag.py:588} INFO - Filling up the DagBag from /opt/airflow/dags/retail_sales_pipeline_dag.py
[2026-05-21T14:43:32.999+0000] {processor.py:925} INFO - DAG(s) 'retail_sales_data_engineering_pipeline' retrieved from /opt/airflow/dags/retail_sales_pipeline_dag.py
[2026-05-21T14:43:33.033+0000] {logging_mixin.py:190} INFO - [2026-05-21T14:43:33.033+0000] {dag.py:3239} INFO - Sync 1 DAGs
[2026-05-21T14:43:33.061+0000] {logging_mixin.py:190} INFO - [2026-05-21T14:43:33.060+0000] {dag.py:4180} INFO - Setting next_dagrun for retail_sales_data_engineering_pipeline to 2026-05-21 00:00:00+00:00, run_after=2026-05-22 00:00:00+00:00
[2026-05-21T14:43:33.083+0000] {processor.py:208} INFO - Processing /opt/airflow/dags/retail_sales_pipeline_dag.py took 0.123 seconds
[2026-05-21T14:44:03.587+0000] {processor.py:186} INFO - Started process (PID=1562) to work on /opt/airflow/dags/retail_sales_pipeline_dag.py
[2026-05-21T14:44:03.589+0000] {processor.py:914} INFO - Processing file /opt/airflow/dags/retail_sales_pipeline_dag.py for tasks to queue
[2026-05-21T14:44:03.592+0000] {logging_mixin.py:190} INFO - [2026-05-21T14:44:03.592+0000] {dagbag.py:588} INFO - Filling up the DagBag from /opt/airflow/dags/retail_sales_pipeline_dag.py
[2026-05-21T14:44:03.626+0000] {processor.py:925} INFO - DAG(s) 'retail_sales_data_engineering_pipeline' retrieved from /opt/airflow/dags/retail_sales_pipeline_dag.py
[2026-05-21T14:44:03.675+0000] {logging_mixin.py:190} INFO - [2026-05-21T14:44:03.674+0000] {dag.py:3239} INFO - Sync 1 DAGs
[2026-05-21T14:44:03.707+0000] {logging_mixin.py:190} INFO - [2026-05-21T14:44:03.707+0000] {dag.py:4180} INFO - Setting next_dagrun for retail_sales_data_engineering_pipeline to 2026-05-21 00:00:00+00:00, run_after=2026-05-22 00:00:00+00:00
[2026-05-21T14:44:03.730+0000] {processor.py:208} INFO - Processing /opt/airflow/dags/retail_sales_pipeline_dag.py took 0.150 seconds
[2026-05-21T14:44:35.151+0000] {processor.py:186} INFO - Started process (PID=1567) to work on /opt/airflow/dags/retail_sales_pipeline_dag.py
[2026-05-21T14:44:35.153+0000] {processor.py:914} INFO - Processing file /opt/airflow/dags/retail_sales_pipeline_dag.py for tasks to queue
[2026-05-21T14:44:35.157+0000] {logging_mixin.py:190} INFO - [2026-05-21T14:44:35.157+0000] {dagbag.py:588} INFO - Filling up the DagBag from /opt/airflow/dags/retail_sales_pipeline_dag.py
[2026-05-21T14:44:35.185+0000] {processor.py:925} INFO - DAG(s) 'retail_sales_data_engineering_pipeline' retrieved from /opt/airflow/dags/retail_sales_pipeline_dag.py
[2026-05-21T14:44:35.222+0000] {logging_mixin.py:190} INFO - [2026-05-21T14:44:35.222+0000] {dag.py:3239} INFO - Sync 1 DAGs
[2026-05-21T14:44:35.249+0000] {logging_mixin.py:190} INFO - [2026-05-21T14:44:35.248+0000] {dag.py:4180} INFO - Setting next_dagrun for retail_sales_data_engineering_pipeline to 2026-05-21 00:00:00+00:00, run_after=2026-05-22 00:00:00+00:00
[2026-05-21T14:44:35.272+0000] {processor.py:208} INFO - Processing /opt/airflow/dags/retail_sales_pipeline_dag.py took 0.128 seconds
[2026-05-21T14:45:06.212+0000] {processor.py:186} INFO - Started process (PID=1572) to work on /opt/airflow/dags/retail_sales_pipeline_dag.py
[2026-05-21T14:45:06.215+0000] {processor.py:914} INFO - Processing file /opt/airflow/dags/retail_sales_pipeline_dag.py for tasks to queue
[2026-05-21T14:45:06.218+0000] {logging_mixin.py:190} INFO - [2026-05-21T14:45:06.218+0000] {dagbag.py:588} INFO - Filling up the DagBag from /opt/airflow/dags/retail_sales_pipeline_dag.py
[2026-05-21T14:45:06.252+0000] {processor.py:925} INFO - DAG(s) 'retail_sales_data_engineering_pipeline' retrieved from /opt/airflow/dags/retail_sales_pipeline_dag.py
[2026-05-21T14:45:06.300+0000] {logging_mixin.py:190} INFO - [2026-05-21T14:45:06.299+0000] {dag.py:3239} INFO - Sync 1 DAGs
[2026-05-21T14:45:06.331+0000] {logging_mixin.py:190} INFO - [2026-05-21T14:45:06.330+0000] {dag.py:4180} INFO - Setting next_dagrun for retail_sales_data_engineering_pipeline to 2026-05-21 00:00:00+00:00, run_after=2026-05-22 00:00:00+00:00
[2026-05-21T14:45:06.357+0000] {processor.py:208} INFO - Processing /opt/airflow/dags/retail_sales_pipeline_dag.py took 0.155 seconds
[2026-05-21T14:45:37.388+0000] {processor.py:186} INFO - Started process (PID=1577) to work on /opt/airflow/dags/retail_sales_pipeline_dag.py
[2026-05-21T14:45:37.395+0000] {processor.py:914} INFO - Processing file /opt/airflow/dags/retail_sales_pipeline_dag.py for tasks to queue
[2026-05-21T14:45:37.398+0000] {logging_mixin.py:190} INFO - [2026-05-21T14:45:37.398+0000] {dagbag.py:588} INFO - Filling up the DagBag from /opt/airflow/dags/retail_sales_pipeline_dag.py
[2026-05-21T14:45:37.426+0000] {processor.py:925} INFO - DAG(s) 'retail_sales_data_engineering_pipeline' retrieved from /opt/airflow/dags/retail_sales_pipeline_dag.py
[2026-05-21T14:45:37.464+0000] {logging_mixin.py:190} INFO - [2026-05-21T14:45:37.464+0000] {dag.py:3239} INFO - Sync 1 DAGs
[2026-05-21T14:45:37.491+0000] {logging_mixin.py:190} INFO - [2026-05-21T14:45:37.491+0000] {dag.py:4180} INFO - Setting next_dagrun for retail_sales_data_engineering_pipeline to 2026-05-21 00:00:00+00:00, run_after=2026-05-22 00:00:00+00:00
[2026-05-21T14:45:37.515+0000] {processor.py:208} INFO - Processing /opt/airflow/dags/retail_sales_pipeline_dag.py took 0.143 seconds
[2026-05-21T14:46:07.600+0000] {processor.py:186} INFO - Started process (PID=1582) to work on /opt/airflow/dags/retail_sales_pipeline_dag.py
[2026-05-21T14:46:07.602+0000] {processor.py:914} INFO - Processing file /opt/airflow/dags/retail_sales_pipeline_dag.py for tasks to queue
[2026-05-21T14:46:07.605+0000] {logging_mixin.py:190} INFO - [2026-05-21T14:46:07.604+0000] {dagbag.py:588} INFO - Filling up the DagBag from /opt/airflow/dags/retail_sales_pipeline_dag.py
[2026-05-21T14:46:07.632+0000] {processor.py:925} INFO - DAG(s) 'retail_sales_data_engineering_pipeline' retrieved from /opt/airflow/dags/retail_sales_pipeline_dag.py
[2026-05-21T14:46:07.669+0000] {logging_mixin.py:190} INFO - [2026-05-21T14:46:07.669+0000] {dag.py:3239} INFO - Sync 1 DAGs
[2026-05-21T14:46:07.698+0000] {logging_mixin.py:190} INFO - [2026-05-21T14:46:07.698+0000] {dag.py:4180} INFO - Setting next_dagrun for retail_sales_data_engineering_pipeline to 2026-05-21 00:00:00+00:00, run_after=2026-05-22 00:00:00+00:00
[2026-05-21T14:46:07.723+0000] {processor.py:208} INFO - Processing /opt/airflow/dags/retail_sales_pipeline_dag.py took 0.130 seconds
[2026-05-21T14:46:37.828+0000] {processor.py:186} INFO - Started process (PID=1587) to work on /opt/airflow/dags/retail_sales_pipeline_dag.py
[2026-05-21T14:46:37.829+0000] {processor.py:914} INFO - Processing file /opt/airflow/dags/retail_sales_pipeline_dag.py for tasks to queue
[2026-05-21T14:46:37.832+0000] {logging_mixin.py:190} INFO - [2026-05-21T14:46:37.832+0000] {dagbag.py:588} INFO - Filling up the DagBag from /opt/airflow/dags/retail_sales_pipeline_dag.py
[2026-05-21T14:46:37.856+0000] {processor.py:925} INFO - DAG(s) 'retail_sales_data_engineering_pipeline' retrieved from /opt/airflow/dags/retail_sales_pipeline_dag.py
[2026-05-21T14:46:37.890+0000] {logging_mixin.py:190} INFO - [2026-05-21T14:46:37.890+0000] {dag.py:3239} INFO - Sync 1 DAGs
[2026-05-21T14:46:37.920+0000] {logging_mixin.py:190} INFO - [2026-05-21T14:46:37.919+0000] {dag.py:4180} INFO - Setting next_dagrun for retail_sales_data_engineering_pipeline to 2026-05-21 00:00:00+00:00, run_after=2026-05-22 00:00:00+00:00
[2026-05-21T14:46:37.951+0000] {processor.py:208} INFO - Processing /opt/airflow/dags/retail_sales_pipeline_dag.py took 0.130 seconds
[2026-05-21T14:47:08.898+0000] {processor.py:186} INFO - Started process (PID=1592) to work on /opt/airflow/dags/retail_sales_pipeline_dag.py
[2026-05-21T14:47:08.899+0000] {processor.py:914} INFO - Processing file /opt/airflow/dags/retail_sales_pipeline_dag.py for tasks to queue
[2026-05-21T14:47:08.905+0000] {logging_mixin.py:190} INFO - [2026-05-21T14:47:08.904+0000] {dagbag.py:588} INFO - Filling up the DagBag from /opt/airflow/dags/retail_sales_pipeline_dag.py
[2026-05-21T14:47:08.935+0000] {processor.py:925} INFO - DAG(s) 'retail_sales_data_engineering_pipeline' retrieved from /opt/airflow/dags/retail_sales_pipeline_dag.py
[2026-05-21T14:47:08.976+0000] {logging_mixin.py:190} INFO - [2026-05-21T14:47:08.976+0000] {dag.py:3239} INFO - Sync 1 DAGs
[2026-05-21T14:47:09.004+0000] {logging_mixin.py:190} INFO - [2026-05-21T14:47:09.004+0000] {dag.py:4180} INFO - Setting next_dagrun for retail_sales_data_engineering_pipeline to 2026-05-21 00:00:00+00:00, run_after=2026-05-22 00:00:00+00:00
[2026-05-21T14:47:09.030+0000] {processor.py:208} INFO - Processing /opt/airflow/dags/retail_sales_pipeline_dag.py took 0.143 seconds
[2026-05-21T14:47:40.102+0000] {processor.py:186} INFO - Started process (PID=1597) to work on /opt/airflow/dags/retail_sales_pipeline_dag.py
[2026-05-21T14:47:40.103+0000] {processor.py:914} INFO - Processing file /opt/airflow/dags/retail_sales_pipeline_dag.py for tasks to queue
[2026-05-21T14:47:40.107+0000] {logging_mixin.py:190} INFO - [2026-05-21T14:47:40.106+0000] {dagbag.py:588} INFO - Filling up the DagBag from /opt/airflow/dags/retail_sales_pipeline_dag.py
[2026-05-21T14:47:40.134+0000] {processor.py:925} INFO - DAG(s) 'retail_sales_data_engineering_pipeline' retrieved from /opt/airflow/dags/retail_sales_pipeline_dag.py
[2026-05-21T14:47:40.168+0000] {logging_mixin.py:190} INFO - [2026-05-21T14:47:40.168+0000] {dag.py:3239} INFO - Sync 1 DAGs
[2026-05-21T14:47:40.195+0000] {logging_mixin.py:190} INFO - [2026-05-21T14:47:40.195+0000] {dag.py:4180} INFO - Setting next_dagrun for retail_sales_data_engineering_pipeline to 2026-05-21 00:00:00+00:00, run_after=2026-05-22 00:00:00+00:00
[2026-05-21T14:47:40.219+0000] {processor.py:208} INFO - Processing /opt/airflow/dags/retail_sales_pipeline_dag.py took 0.125 seconds
[2026-05-21T14:48:10.730+0000] {processor.py:186} INFO - Started process (PID=1602) to work on /opt/airflow/dags/retail_sales_pipeline_dag.py
[2026-05-21T14:48:10.732+0000] {processor.py:914} INFO - Processing file /opt/airflow/dags/retail_sales_pipeline_dag.py for tasks to queue
[2026-05-21T14:48:10.736+0000] {logging_mixin.py:190} INFO - [2026-05-21T14:48:10.736+0000] {dagbag.py:588} INFO - Filling up the DagBag from /opt/airflow/dags/retail_sales_pipeline_dag.py
[2026-05-21T14:48:10.769+0000] {processor.py:925} INFO - DAG(s) 'retail_sales_data_engineering_pipeline' retrieved from /opt/airflow/dags/retail_sales_pipeline_dag.py
[2026-05-21T14:48:10.820+0000] {logging_mixin.py:190} INFO - [2026-05-21T14:48:10.819+0000] {dag.py:3239} INFO - Sync 1 DAGs
[2026-05-21T14:48:10.851+0000] {logging_mixin.py:190} INFO - [2026-05-21T14:48:10.851+0000] {dag.py:4180} INFO - Setting next_dagrun for retail_sales_data_engineering_pipeline to 2026-05-21 00:00:00+00:00, run_after=2026-05-22 00:00:00+00:00
[2026-05-21T14:48:10.880+0000] {processor.py:208} INFO - Processing /opt/airflow/dags/retail_sales_pipeline_dag.py took 0.160 seconds
[2026-05-21T14:48:40.987+0000] {processor.py:186} INFO - Started process (PID=1607) to work on /opt/airflow/dags/retail_sales_pipeline_dag.py
[2026-05-21T14:48:40.989+0000] {processor.py:914} INFO - Processing file /opt/airflow/dags/retail_sales_pipeline_dag.py for tasks to queue
[2026-05-21T14:48:40.992+0000] {logging_mixin.py:190} INFO - [2026-05-21T14:48:40.991+0000] {dagbag.py:588} INFO - Filling up the DagBag from /opt/airflow/dags/retail_sales_pipeline_dag.py
[2026-05-21T14:48:41.019+0000] {processor.py:925} INFO - DAG(s) 'retail_sales_data_engineering_pipeline' retrieved from /opt/airflow/dags/retail_sales_pipeline_dag.py
[2026-05-21T14:48:41.053+0000] {logging_mixin.py:190} INFO - [2026-05-21T14:48:41.053+0000] {dag.py:3239} INFO - Sync 1 DAGs
[2026-05-21T14:48:41.080+0000] {logging_mixin.py:190} INFO - [2026-05-21T14:48:41.080+0000] {dag.py:4180} INFO - Setting next_dagrun for retail_sales_data_engineering_pipeline to 2026-05-21 00:00:00+00:00, run_after=2026-05-22 00:00:00+00:00
[2026-05-21T14:48:41.104+0000] {processor.py:208} INFO - Processing /opt/airflow/dags/retail_sales_pipeline_dag.py took 0.123 seconds
[2026-05-21T14:49:11.618+0000] {processor.py:186} INFO - Started process (PID=1612) to work on /opt/airflow/dags/retail_sales_pipeline_dag.py
[2026-05-21T14:49:11.619+0000] {processor.py:914} INFO - Processing file /opt/airflow/dags/retail_sales_pipeline_dag.py for tasks to queue
[2026-05-21T14:49:11.624+0000] {logging_mixin.py:190} INFO - [2026-05-21T14:49:11.623+0000] {dagbag.py:588} INFO - Filling up the DagBag from /opt/airflow/dags/retail_sales_pipeline_dag.py
[2026-05-21T14:49:11.652+0000] {processor.py:925} INFO - DAG(s) 'retail_sales_data_engineering_pipeline' retrieved from /opt/airflow/dags/retail_sales_pipeline_dag.py
[2026-05-21T14:49:11.690+0000] {logging_mixin.py:190} INFO - [2026-05-21T14:49:11.690+0000] {dag.py:3239} INFO - Sync 1 DAGs
[2026-05-21T14:49:11.722+0000] {logging_mixin.py:190} INFO - [2026-05-21T14:49:11.721+0000] {dag.py:4180} INFO - Setting next_dagrun for retail_sales_data_engineering_pipeline to 2026-05-21 00:00:00+00:00, run_after=2026-05-22 00:00:00+00:00
[2026-05-21T14:49:11.743+0000] {processor.py:208} INFO - Processing /opt/airflow/dags/retail_sales_pipeline_dag.py took 0.135 seconds
[2026-05-21T14:49:42.805+0000] {processor.py:186} INFO - Started process (PID=1617) to work on /opt/airflow/dags/retail_sales_pipeline_dag.py
[2026-05-21T14:49:42.807+0000] {processor.py:914} INFO - Processing file /opt/airflow/dags/retail_sales_pipeline_dag.py for tasks to queue
[2026-05-21T14:49:42.809+0000] {logging_mixin.py:190} INFO - [2026-05-21T14:49:42.809+0000] {dagbag.py:588} INFO - Filling up the DagBag from /opt/airflow/dags/retail_sales_pipeline_dag.py
[2026-05-21T14:49:42.836+0000] {processor.py:925} INFO - DAG(s) 'retail_sales_data_engineering_pipeline' retrieved from /opt/airflow/dags/retail_sales_pipeline_dag.py
[2026-05-21T14:49:42.871+0000] {logging_mixin.py:190} INFO - [2026-05-21T14:49:42.871+0000] {dag.py:3239} INFO - Sync 1 DAGs
[2026-05-21T14:49:42.897+0000] {logging_mixin.py:190} INFO - [2026-05-21T14:49:42.897+0000] {dag.py:4180} INFO - Setting next_dagrun for retail_sales_data_engineering_pipeline to 2026-05-21 00:00:00+00:00, run_after=2026-05-22 00:00:00+00:00
[2026-05-21T14:49:42.918+0000] {processor.py:208} INFO - Processing /opt/airflow/dags/retail_sales_pipeline_dag.py took 0.121 seconds
[2026-05-21T14:50:13.046+0000] {processor.py:186} INFO - Started process (PID=1622) to work on /opt/airflow/dags/retail_sales_pipeline_dag.py
[2026-05-21T14:50:13.048+0000] {processor.py:914} INFO - Processing file /opt/airflow/dags/retail_sales_pipeline_dag.py for tasks to queue
[2026-05-21T14:50:13.053+0000] {logging_mixin.py:190} INFO - [2026-05-21T14:50:13.052+0000] {dagbag.py:588} INFO - Filling up the DagBag from /opt/airflow/dags/retail_sales_pipeline_dag.py
[2026-05-21T14:50:13.079+0000] {processor.py:925} INFO - DAG(s) 'retail_sales_data_engineering_pipeline' retrieved from /opt/airflow/dags/retail_sales_pipeline_dag.py
[2026-05-21T14:50:13.112+0000] {logging_mixin.py:190} INFO - [2026-05-21T14:50:13.112+0000] {dag.py:3239} INFO - Sync 1 DAGs
[2026-05-21T14:50:13.138+0000] {logging_mixin.py:190} INFO - [2026-05-21T14:50:13.138+0000] {dag.py:4180} INFO - Setting next_dagrun for retail_sales_data_engineering_pipeline to 2026-05-21 00:00:00+00:00, run_after=2026-05-22 00:00:00+00:00
[2026-05-21T14:50:13.162+0000] {processor.py:208} INFO - Processing /opt/airflow/dags/retail_sales_pipeline_dag.py took 0.124 seconds
[2026-05-21T14:50:43.720+0000] {processor.py:186} INFO - Started process (PID=1627) to work on /opt/airflow/dags/retail_sales_pipeline_dag.py
[2026-05-21T14:50:43.722+0000] {processor.py:914} INFO - Processing file /opt/airflow/dags/retail_sales_pipeline_dag.py for tasks to queue
[2026-05-21T14:50:43.725+0000] {logging_mixin.py:190} INFO - [2026-05-21T14:50:43.725+0000] {dagbag.py:588} INFO - Filling up the DagBag from /opt/airflow/dags/retail_sales_pipeline_dag.py
[2026-05-21T14:50:43.756+0000] {processor.py:925} INFO - DAG(s) 'retail_sales_data_engineering_pipeline' retrieved from /opt/airflow/dags/retail_sales_pipeline_dag.py
[2026-05-21T14:50:43.793+0000] {logging_mixin.py:190} INFO - [2026-05-21T14:50:43.792+0000] {dag.py:3239} INFO - Sync 1 DAGs
[2026-05-21T14:50:43.818+0000] {logging_mixin.py:190} INFO - [2026-05-21T14:50:43.818+0000] {dag.py:4180} INFO - Setting next_dagrun for retail_sales_data_engineering_pipeline to 2026-05-21 00:00:00+00:00, run_after=2026-05-22 00:00:00+00:00
[2026-05-21T14:50:43.843+0000] {processor.py:208} INFO - Processing /opt/airflow/dags/retail_sales_pipeline_dag.py took 0.131 seconds
[2026-05-21T14:51:13.953+0000] {processor.py:186} INFO - Started process (PID=1632) to work on /opt/airflow/dags/retail_sales_pipeline_dag.py
[2026-05-21T14:51:13.956+0000] {processor.py:914} INFO - Processing file /opt/airflow/dags/retail_sales_pipeline_dag.py for tasks to queue
[2026-05-21T14:51:13.961+0000] {logging_mixin.py:190} INFO - [2026-05-21T14:51:13.960+0000] {dagbag.py:588} INFO - Filling up the DagBag from /opt/airflow/dags/retail_sales_pipeline_dag.py
[2026-05-21T14:51:13.993+0000] {processor.py:925} INFO - DAG(s) 'retail_sales_data_engineering_pipeline' retrieved from /opt/airflow/dags/retail_sales_pipeline_dag.py
[2026-05-21T14:51:14.034+0000] {logging_mixin.py:190} INFO - [2026-05-21T14:51:14.033+0000] {dag.py:3239} INFO - Sync 1 DAGs
[2026-05-21T14:51:14.059+0000] {logging_mixin.py:190} INFO - [2026-05-21T14:51:14.059+0000] {dag.py:4180} INFO - Setting next_dagrun for retail_sales_data_engineering_pipeline to 2026-05-21 00:00:00+00:00, run_after=2026-05-22 00:00:00+00:00
[2026-05-21T14:51:14.081+0000] {processor.py:208} INFO - Processing /opt/airflow/dags/retail_sales_pipeline_dag.py took 0.138 seconds
[2026-05-21T14:51:45.493+0000] {processor.py:186} INFO - Started process (PID=1637) to work on /opt/airflow/dags/retail_sales_pipeline_dag.py
[2026-05-21T14:51:45.495+0000] {processor.py:914} INFO - Processing file /opt/airflow/dags/retail_sales_pipeline_dag.py for tasks to queue
[2026-05-21T14:51:45.499+0000] {logging_mixin.py:190} INFO - [2026-05-21T14:51:45.498+0000] {dagbag.py:588} INFO - Filling up the DagBag from /opt/airflow/dags/retail_sales_pipeline_dag.py
[2026-05-21T14:51:45.526+0000] {processor.py:925} INFO - DAG(s) 'retail_sales_data_engineering_pipeline' retrieved from /opt/airflow/dags/retail_sales_pipeline_dag.py
[2026-05-21T14:51:45.565+0000] {logging_mixin.py:190} INFO - [2026-05-21T14:51:45.565+0000] {dag.py:3239} INFO - Sync 1 DAGs
[2026-05-21T14:51:45.596+0000] {logging_mixin.py:190} INFO - [2026-05-21T14:51:45.596+0000] {dag.py:4180} INFO - Setting next_dagrun for retail_sales_data_engineering_pipeline to 2026-05-21 00:00:00+00:00, run_after=2026-05-22 00:00:00+00:00
[2026-05-21T14:51:45.623+0000] {processor.py:208} INFO - Processing /opt/airflow/dags/retail_sales_pipeline_dag.py took 0.138 seconds
[2026-05-21T14:52:16.204+0000] {processor.py:186} INFO - Started process (PID=1642) to work on /opt/airflow/dags/retail_sales_pipeline_dag.py
[2026-05-21T14:52:16.206+0000] {processor.py:914} INFO - Processing file /opt/airflow/dags/retail_sales_pipeline_dag.py for tasks to queue
[2026-05-21T14:52:16.210+0000] {logging_mixin.py:190} INFO - [2026-05-21T14:52:16.210+0000] {dagbag.py:588} INFO - Filling up the DagBag from /opt/airflow/dags/retail_sales_pipeline_dag.py
[2026-05-21T14:52:16.236+0000] {processor.py:925} INFO - DAG(s) 'retail_sales_data_engineering_pipeline' retrieved from /opt/airflow/dags/retail_sales_pipeline_dag.py
[2026-05-21T14:52:16.273+0000] {logging_mixin.py:190} INFO - [2026-05-21T14:52:16.272+0000] {dag.py:3239} INFO - Sync 1 DAGs
[2026-05-21T14:52:16.299+0000] {logging_mixin.py:190} INFO - [2026-05-21T14:52:16.299+0000] {dag.py:4180} INFO - Setting next_dagrun for retail_sales_data_engineering_pipeline to 2026-05-21 00:00:00+00:00, run_after=2026-05-22 00:00:00+00:00
[2026-05-21T14:52:16.322+0000] {processor.py:208} INFO - Processing /opt/airflow/dags/retail_sales_pipeline_dag.py took 0.125 seconds
[2026-05-21T14:52:46.944+0000] {processor.py:186} INFO - Started process (PID=1647) to work on /opt/airflow/dags/retail_sales_pipeline_dag.py
[2026-05-21T14:52:46.946+0000] {processor.py:914} INFO - Processing file /opt/airflow/dags/retail_sales_pipeline_dag.py for tasks to queue
[2026-05-21T14:52:46.948+0000] {logging_mixin.py:190} INFO - [2026-05-21T14:52:46.948+0000] {dagbag.py:588} INFO - Filling up the DagBag from /opt/airflow/dags/retail_sales_pipeline_dag.py
[2026-05-21T14:52:46.974+0000] {processor.py:925} INFO - DAG(s) 'retail_sales_data_engineering_pipeline' retrieved from /opt/airflow/dags/retail_sales_pipeline_dag.py
[2026-05-21T14:52:47.011+0000] {logging_mixin.py:190} INFO - [2026-05-21T14:52:47.010+0000] {dag.py:3239} INFO - Sync 1 DAGs
[2026-05-21T14:52:47.038+0000] {logging_mixin.py:190} INFO - [2026-05-21T14:52:47.038+0000] {dag.py:4180} INFO - Setting next_dagrun for retail_sales_data_engineering_pipeline to 2026-05-21 00:00:00+00:00, run_after=2026-05-22 00:00:00+00:00
[2026-05-21T14:52:47.077+0000] {processor.py:208} INFO - Processing /opt/airflow/dags/retail_sales_pipeline_dag.py took 0.140 seconds
[2026-05-21T14:53:17.218+0000] {processor.py:186} INFO - Started process (PID=1652) to work on /opt/airflow/dags/retail_sales_pipeline_dag.py
[2026-05-21T14:53:17.220+0000] {processor.py:914} INFO - Processing file /opt/airflow/dags/retail_sales_pipeline_dag.py for tasks to queue
[2026-05-21T14:53:17.227+0000] {logging_mixin.py:190} INFO - [2026-05-21T14:53:17.226+0000] {dagbag.py:588} INFO - Filling up the DagBag from /opt/airflow/dags/retail_sales_pipeline_dag.py
[2026-05-21T14:53:17.263+0000] {processor.py:925} INFO - DAG(s) 'retail_sales_data_engineering_pipeline' retrieved from /opt/airflow/dags/retail_sales_pipeline_dag.py
[2026-05-21T14:53:17.308+0000] {logging_mixin.py:190} INFO - [2026-05-21T14:53:17.308+0000] {dag.py:3239} INFO - Sync 1 DAGs
[2026-05-21T14:53:17.340+0000] {logging_mixin.py:190} INFO - [2026-05-21T14:53:17.340+0000] {dag.py:4180} INFO - Setting next_dagrun for retail_sales_data_engineering_pipeline to 2026-05-21 00:00:00+00:00, run_after=2026-05-22 00:00:00+00:00
[2026-05-21T14:53:17.374+0000] {processor.py:208} INFO - Processing /opt/airflow/dags/retail_sales_pipeline_dag.py took 0.166 seconds
[2026-05-21T14:53:47.799+0000] {processor.py:186} INFO - Started process (PID=1657) to work on /opt/airflow/dags/retail_sales_pipeline_dag.py
[2026-05-21T14:53:47.800+0000] {processor.py:914} INFO - Processing file /opt/airflow/dags/retail_sales_pipeline_dag.py for tasks to queue
[2026-05-21T14:53:47.804+0000] {logging_mixin.py:190} INFO - [2026-05-21T14:53:47.804+0000] {dagbag.py:588} INFO - Filling up the DagBag from /opt/airflow/dags/retail_sales_pipeline_dag.py
[2026-05-21T14:53:47.829+0000] {processor.py:925} INFO - DAG(s) 'retail_sales_data_engineering_pipeline' retrieved from /opt/airflow/dags/retail_sales_pipeline_dag.py
[2026-05-21T14:53:47.868+0000] {logging_mixin.py:190} INFO - [2026-05-21T14:53:47.868+0000] {dag.py:3239} INFO - Sync 1 DAGs
[2026-05-21T14:53:47.897+0000] {logging_mixin.py:190} INFO - [2026-05-21T14:53:47.897+0000] {dag.py:4180} INFO - Setting next_dagrun for retail_sales_data_engineering_pipeline to 2026-05-21 00:00:00+00:00, run_after=2026-05-22 00:00:00+00:00
[2026-05-21T14:53:47.922+0000] {processor.py:208} INFO - Processing /opt/airflow/dags/retail_sales_pipeline_dag.py took 0.131 seconds
[2026-05-21T14:54:18.041+0000] {processor.py:186} INFO - Started process (PID=1662) to work on /opt/airflow/dags/retail_sales_pipeline_dag.py
[2026-05-21T14:54:18.043+0000] {processor.py:914} INFO - Processing file /opt/airflow/dags/retail_sales_pipeline_dag.py for tasks to queue
[2026-05-21T14:54:18.047+0000] {logging_mixin.py:190} INFO - [2026-05-21T14:54:18.047+0000] {dagbag.py:588} INFO - Filling up the DagBag from /opt/airflow/dags/retail_sales_pipeline_dag.py
[2026-05-21T14:54:18.077+0000] {processor.py:925} INFO - DAG(s) 'retail_sales_data_engineering_pipeline' retrieved from /opt/airflow/dags/retail_sales_pipeline_dag.py
[2026-05-21T14:54:17.928+0000] {logging_mixin.py:190} INFO - [2026-05-21T14:54:17.928+0000] {dag.py:3239} INFO - Sync 1 DAGs
[2026-05-21T14:54:17.963+0000] {logging_mixin.py:190} INFO - [2026-05-21T14:54:17.962+0000] {dag.py:4180} INFO - Setting next_dagrun for retail_sales_data_engineering_pipeline to 2026-05-21 00:00:00+00:00, run_after=2026-05-22 00:00:00+00:00
[2026-05-21T14:54:17.997+0000] {processor.py:208} INFO - Processing /opt/airflow/dags/retail_sales_pipeline_dag.py took 0.155 seconds
[2026-05-21T14:54:49.523+0000] {processor.py:186} INFO - Started process (PID=1667) to work on /opt/airflow/dags/retail_sales_pipeline_dag.py
[2026-05-21T14:54:49.525+0000] {processor.py:914} INFO - Processing file /opt/airflow/dags/retail_sales_pipeline_dag.py for tasks to queue
[2026-05-21T14:54:49.529+0000] {logging_mixin.py:190} INFO - [2026-05-21T14:54:49.528+0000] {dagbag.py:588} INFO - Filling up the DagBag from /opt/airflow/dags/retail_sales_pipeline_dag.py
[2026-05-21T14:54:49.556+0000] {processor.py:925} INFO - DAG(s) 'retail_sales_data_engineering_pipeline' retrieved from /opt/airflow/dags/retail_sales_pipeline_dag.py
[2026-05-21T14:54:49.602+0000] {logging_mixin.py:190} INFO - [2026-05-21T14:54:49.602+0000] {dag.py:3239} INFO - Sync 1 DAGs
[2026-05-21T14:54:49.635+0000] {logging_mixin.py:190} INFO - [2026-05-21T14:54:49.635+0000] {dag.py:4180} INFO - Setting next_dagrun for retail_sales_data_engineering_pipeline to 2026-05-21 00:00:00+00:00, run_after=2026-05-22 00:00:00+00:00
[2026-05-21T14:54:49.674+0000] {processor.py:208} INFO - Processing /opt/airflow/dags/retail_sales_pipeline_dag.py took 0.160 seconds
[2026-05-21T14:55:20.778+0000] {processor.py:186} INFO - Started process (PID=1672) to work on /opt/airflow/dags/retail_sales_pipeline_dag.py
[2026-05-21T14:55:20.780+0000] {processor.py:914} INFO - Processing file /opt/airflow/dags/retail_sales_pipeline_dag.py for tasks to queue
[2026-05-21T14:55:20.784+0000] {logging_mixin.py:190} INFO - [2026-05-21T14:55:20.783+0000] {dagbag.py:588} INFO - Filling up the DagBag from /opt/airflow/dags/retail_sales_pipeline_dag.py
[2026-05-21T14:55:20.813+0000] {processor.py:925} INFO - DAG(s) 'retail_sales_data_engineering_pipeline' retrieved from /opt/airflow/dags/retail_sales_pipeline_dag.py
[2026-05-21T14:55:20.857+0000] {logging_mixin.py:190} INFO - [2026-05-21T14:55:20.856+0000] {dag.py:3239} INFO - Sync 1 DAGs
[2026-05-21T14:55:20.892+0000] {logging_mixin.py:190} INFO - [2026-05-21T14:55:20.892+0000] {dag.py:4180} INFO - Setting next_dagrun for retail_sales_data_engineering_pipeline to 2026-05-21 00:00:00+00:00, run_after=2026-05-22 00:00:00+00:00
[2026-05-21T14:55:20.918+0000] {processor.py:208} INFO - Processing /opt/airflow/dags/retail_sales_pipeline_dag.py took 0.150 seconds
[2026-05-21T14:55:51.989+0000] {processor.py:186} INFO - Started process (PID=1677) to work on /opt/airflow/dags/retail_sales_pipeline_dag.py
[2026-05-21T14:55:51.991+0000] {processor.py:914} INFO - Processing file /opt/airflow/dags/retail_sales_pipeline_dag.py for tasks to queue
[2026-05-21T14:55:51.995+0000] {logging_mixin.py:190} INFO - [2026-05-21T14:55:51.995+0000] {dagbag.py:588} INFO - Filling up the DagBag from /opt/airflow/dags/retail_sales_pipeline_dag.py
[2026-05-21T14:55:52.028+0000] {processor.py:925} INFO - DAG(s) 'retail_sales_data_engineering_pipeline' retrieved from /opt/airflow/dags/retail_sales_pipeline_dag.py
[2026-05-21T14:55:52.072+0000] {logging_mixin.py:190} INFO - [2026-05-21T14:55:52.071+0000] {dag.py:3239} INFO - Sync 1 DAGs
[2026-05-21T14:55:52.099+0000] {logging_mixin.py:190} INFO - [2026-05-21T14:55:52.099+0000] {dag.py:4180} INFO - Setting next_dagrun for retail_sales_data_engineering_pipeline to 2026-05-21 00:00:00+00:00, run_after=2026-05-22 00:00:00+00:00
[2026-05-21T14:55:52.127+0000] {processor.py:208} INFO - Processing /opt/airflow/dags/retail_sales_pipeline_dag.py took 0.146 seconds
[2026-05-21T14:56:22.667+0000] {processor.py:186} INFO - Started process (PID=1682) to work on /opt/airflow/dags/retail_sales_pipeline_dag.py
[2026-05-21T14:56:22.669+0000] {processor.py:914} INFO - Processing file /opt/airflow/dags/retail_sales_pipeline_dag.py for tasks to queue
[2026-05-21T14:56:22.673+0000] {logging_mixin.py:190} INFO - [2026-05-21T14:56:22.672+0000] {dagbag.py:588} INFO - Filling up the DagBag from /opt/airflow/dags/retail_sales_pipeline_dag.py
[2026-05-21T14:56:22.704+0000] {processor.py:925} INFO - DAG(s) 'retail_sales_data_engineering_pipeline' retrieved from /opt/airflow/dags/retail_sales_pipeline_dag.py
[2026-05-21T14:56:22.743+0000] {logging_mixin.py:190} INFO - [2026-05-21T14:56:22.743+0000] {dag.py:3239} INFO - Sync 1 DAGs
[2026-05-21T14:56:22.771+0000] {logging_mixin.py:190} INFO - [2026-05-21T14:56:22.771+0000] {dag.py:4180} INFO - Setting next_dagrun for retail_sales_data_engineering_pipeline to 2026-05-21 00:00:00+00:00, run_after=2026-05-22 00:00:00+00:00
[2026-05-21T14:56:22.799+0000] {processor.py:208} INFO - Processing /opt/airflow/dags/retail_sales_pipeline_dag.py took 0.138 seconds
[2026-05-21T14:56:52.926+0000] {processor.py:186} INFO - Started process (PID=1687) to work on /opt/airflow/dags/retail_sales_pipeline_dag.py
[2026-05-21T14:56:52.928+0000] {processor.py:914} INFO - Processing file /opt/airflow/dags/retail_sales_pipeline_dag.py for tasks to queue
[2026-05-21T14:56:52.931+0000] {logging_mixin.py:190} INFO - [2026-05-21T14:56:52.931+0000] {dagbag.py:588} INFO - Filling up the DagBag from /opt/airflow/dags/retail_sales_pipeline_dag.py
[2026-05-21T14:56:52.958+0000] {processor.py:925} INFO - DAG(s) 'retail_sales_data_engineering_pipeline' retrieved from /opt/airflow/dags/retail_sales_pipeline_dag.py
[2026-05-21T14:56:53.000+0000] {logging_mixin.py:190} INFO - [2026-05-21T14:56:53.000+0000] {dag.py:3239} INFO - Sync 1 DAGs
[2026-05-21T14:56:53.032+0000] {logging_mixin.py:190} INFO - [2026-05-21T14:56:53.032+0000] {dag.py:4180} INFO - Setting next_dagrun for retail_sales_data_engineering_pipeline to 2026-05-21 00:00:00+00:00, run_after=2026-05-22 00:00:00+00:00
[2026-05-21T14:56:53.062+0000] {processor.py:208} INFO - Processing /opt/airflow/dags/retail_sales_pipeline_dag.py took 0.142 seconds
[2026-05-21T14:57:24.021+0000] {processor.py:186} INFO - Started process (PID=1692) to work on /opt/airflow/dags/retail_sales_pipeline_dag.py
[2026-05-21T14:57:24.024+0000] {processor.py:914} INFO - Processing file /opt/airflow/dags/retail_sales_pipeline_dag.py for tasks to queue
[2026-05-21T14:57:24.029+0000] {logging_mixin.py:190} INFO - [2026-05-21T14:57:24.029+0000] {dagbag.py:588} INFO - Filling up the DagBag from /opt/airflow/dags/retail_sales_pipeline_dag.py
[2026-05-21T14:57:24.078+0000] {processor.py:925} INFO - DAG(s) 'retail_sales_data_engineering_pipeline' retrieved from /opt/airflow/dags/retail_sales_pipeline_dag.py
[2026-05-21T14:57:24.115+0000] {logging_mixin.py:190} INFO - [2026-05-21T14:57:24.115+0000] {dag.py:3239} INFO - Sync 1 DAGs
[2026-05-21T14:57:24.145+0000] {logging_mixin.py:190} INFO - [2026-05-21T14:57:24.145+0000] {dag.py:4180} INFO - Setting next_dagrun for retail_sales_data_engineering_pipeline to 2026-05-21 00:00:00+00:00, run_after=2026-05-22 00:00:00+00:00
[2026-05-21T14:57:24.172+0000] {processor.py:208} INFO - Processing /opt/airflow/dags/retail_sales_pipeline_dag.py took 0.161 seconds
[2026-05-21T14:57:55.179+0000] {processor.py:186} INFO - Started process (PID=1697) to work on /opt/airflow/dags/retail_sales_pipeline_dag.py
[2026-05-21T14:57:55.181+0000] {processor.py:914} INFO - Processing file /opt/airflow/dags/retail_sales_pipeline_dag.py for tasks to queue
[2026-05-21T14:57:55.184+0000] {logging_mixin.py:190} INFO - [2026-05-21T14:57:55.184+0000] {dagbag.py:588} INFO - Filling up the DagBag from /opt/airflow/dags/retail_sales_pipeline_dag.py
[2026-05-21T14:57:55.212+0000] {processor.py:925} INFO - DAG(s) 'retail_sales_data_engineering_pipeline' retrieved from /opt/airflow/dags/retail_sales_pipeline_dag.py
[2026-05-21T14:57:55.247+0000] {logging_mixin.py:190} INFO - [2026-05-21T14:57:55.247+0000] {dag.py:3239} INFO - Sync 1 DAGs
[2026-05-21T14:57:55.274+0000] {logging_mixin.py:190} INFO - [2026-05-21T14:57:55.274+0000] {dag.py:4180} INFO - Setting next_dagrun for retail_sales_data_engineering_pipeline to 2026-05-21 00:00:00+00:00, run_after=2026-05-22 00:00:00+00:00
[2026-05-21T14:57:55.296+0000] {processor.py:208} INFO - Processing /opt/airflow/dags/retail_sales_pipeline_dag.py took 0.123 seconds
[2026-05-21T14:58:25.401+0000] {processor.py:186} INFO - Started process (PID=1702) to work on /opt/airflow/dags/retail_sales_pipeline_dag.py
[2026-05-21T14:58:25.403+0000] {processor.py:914} INFO - Processing file /opt/airflow/dags/retail_sales_pipeline_dag.py for tasks to queue
[2026-05-21T14:58:25.407+0000] {logging_mixin.py:190} INFO - [2026-05-21T14:58:25.407+0000] {dagbag.py:588} INFO - Filling up the DagBag from /opt/airflow/dags/retail_sales_pipeline_dag.py
[2026-05-21T14:58:25.431+0000] {processor.py:925} INFO - DAG(s) 'retail_sales_data_engineering_pipeline' retrieved from /opt/airflow/dags/retail_sales_pipeline_dag.py
[2026-05-21T14:58:25.469+0000] {logging_mixin.py:190} INFO - [2026-05-21T14:58:25.468+0000] {dag.py:3239} INFO - Sync 1 DAGs
[2026-05-21T14:58:25.496+0000] {logging_mixin.py:190} INFO - [2026-05-21T14:58:25.496+0000] {dag.py:4180} INFO - Setting next_dagrun for retail_sales_data_engineering_pipeline to 2026-05-21 00:00:00+00:00, run_after=2026-05-22 00:00:00+00:00
[2026-05-21T14:58:25.519+0000] {processor.py:208} INFO - Processing /opt/airflow/dags/retail_sales_pipeline_dag.py took 0.126 seconds
[2026-05-21T14:58:56.439+0000] {processor.py:186} INFO - Started process (PID=1707) to work on /opt/airflow/dags/retail_sales_pipeline_dag.py
[2026-05-21T14:58:56.441+0000] {processor.py:914} INFO - Processing file /opt/airflow/dags/retail_sales_pipeline_dag.py for tasks to queue
[2026-05-21T14:58:56.444+0000] {logging_mixin.py:190} INFO - [2026-05-21T14:58:56.443+0000] {dagbag.py:588} INFO - Filling up the DagBag from /opt/airflow/dags/retail_sales_pipeline_dag.py
[2026-05-21T14:58:56.474+0000] {processor.py:925} INFO - DAG(s) 'retail_sales_data_engineering_pipeline' retrieved from /opt/airflow/dags/retail_sales_pipeline_dag.py
[2026-05-21T14:58:56.519+0000] {logging_mixin.py:190} INFO - [2026-05-21T14:58:56.518+0000] {dag.py:3239} INFO - Sync 1 DAGs
[2026-05-21T14:58:56.547+0000] {logging_mixin.py:190} INFO - [2026-05-21T14:58:56.547+0000] {dag.py:4180} INFO - Setting next_dagrun for retail_sales_data_engineering_pipeline to 2026-05-21 00:00:00+00:00, run_after=2026-05-22 00:00:00+00:00
[2026-05-21T14:58:56.576+0000] {processor.py:208} INFO - Processing /opt/airflow/dags/retail_sales_pipeline_dag.py took 0.146 seconds
[2026-05-21T14:59:27.615+0000] {processor.py:186} INFO - Started process (PID=1712) to work on /opt/airflow/dags/retail_sales_pipeline_dag.py
[2026-05-21T14:59:27.618+0000] {processor.py:914} INFO - Processing file /opt/airflow/dags/retail_sales_pipeline_dag.py for tasks to queue
[2026-05-21T14:59:27.622+0000] {logging_mixin.py:190} INFO - [2026-05-21T14:59:27.621+0000] {dagbag.py:588} INFO - Filling up the DagBag from /opt/airflow/dags/retail_sales_pipeline_dag.py
[2026-05-21T14:59:27.651+0000] {processor.py:925} INFO - DAG(s) 'retail_sales_data_engineering_pipeline' retrieved from /opt/airflow/dags/retail_sales_pipeline_dag.py
[2026-05-21T14:59:27.693+0000] {logging_mixin.py:190} INFO - [2026-05-21T14:59:27.693+0000] {dag.py:3239} INFO - Sync 1 DAGs
[2026-05-21T14:59:27.720+0000] {logging_mixin.py:190} INFO - [2026-05-21T14:59:27.720+0000] {dag.py:4180} INFO - Setting next_dagrun for retail_sales_data_engineering_pipeline to 2026-05-21 00:00:00+00:00, run_after=2026-05-22 00:00:00+00:00
[2026-05-21T14:59:27.744+0000] {processor.py:208} INFO - Processing /opt/airflow/dags/retail_sales_pipeline_dag.py took 0.135 seconds
[2026-05-21T14:59:58.300+0000] {processor.py:186} INFO - Started process (PID=1717) to work on /opt/airflow/dags/retail_sales_pipeline_dag.py
[2026-05-21T14:59:58.303+0000] {processor.py:914} INFO - Processing file /opt/airflow/dags/retail_sales_pipeline_dag.py for tasks to queue
[2026-05-21T14:59:58.306+0000] {logging_mixin.py:190} INFO - [2026-05-21T14:59:58.306+0000] {dagbag.py:588} INFO - Filling up the DagBag from /opt/airflow/dags/retail_sales_pipeline_dag.py
[2026-05-21T14:59:58.338+0000] {processor.py:925} INFO - DAG(s) 'retail_sales_data_engineering_pipeline' retrieved from /opt/airflow/dags/retail_sales_pipeline_dag.py
[2026-05-21T14:59:58.372+0000] {logging_mixin.py:190} INFO - [2026-05-21T14:59:58.372+0000] {dag.py:3239} INFO - Sync 1 DAGs
[2026-05-21T14:59:58.403+0000] {logging_mixin.py:190} INFO - [2026-05-21T14:59:58.403+0000] {dag.py:4180} INFO - Setting next_dagrun for retail_sales_data_engineering_pipeline to 2026-05-21 00:00:00+00:00, run_after=2026-05-22 00:00:00+00:00
[2026-05-21T14:59:58.423+0000] {processor.py:208} INFO - Processing /opt/airflow/dags/retail_sales_pipeline_dag.py took 0.129 seconds
[2026-05-21T15:00:28.809+0000] {processor.py:186} INFO - Started process (PID=1722) to work on /opt/airflow/dags/retail_sales_pipeline_dag.py
[2026-05-21T15:00:28.811+0000] {processor.py:914} INFO - Processing file /opt/airflow/dags/retail_sales_pipeline_dag.py for tasks to queue
[2026-05-21T15:00:28.814+0000] {logging_mixin.py:190} INFO - [2026-05-21T15:00:28.814+0000] {dagbag.py:588} INFO - Filling up the DagBag from /opt/airflow/dags/retail_sales_pipeline_dag.py
[2026-05-21T15:00:28.844+0000] {processor.py:925} INFO - DAG(s) 'retail_sales_data_engineering_pipeline' retrieved from /opt/airflow/dags/retail_sales_pipeline_dag.py
[2026-05-21T15:00:28.880+0000] {logging_mixin.py:190} INFO - [2026-05-21T15:00:28.879+0000] {dag.py:3239} INFO - Sync 1 DAGs
[2026-05-21T15:00:28.905+0000] {logging_mixin.py:190} INFO - [2026-05-21T15:00:28.905+0000] {dag.py:4180} INFO - Setting next_dagrun for retail_sales_data_engineering_pipeline to 2026-05-21 00:00:00+00:00, run_after=2026-05-22 00:00:00+00:00
[2026-05-21T15:00:28.930+0000] {processor.py:208} INFO - Processing /opt/airflow/dags/retail_sales_pipeline_dag.py took 0.127 seconds
[2026-05-21T15:00:59.917+0000] {processor.py:186} INFO - Started process (PID=1727) to work on /opt/airflow/dags/retail_sales_pipeline_dag.py
[2026-05-21T15:00:59.919+0000] {processor.py:914} INFO - Processing file /opt/airflow/dags/retail_sales_pipeline_dag.py for tasks to queue
[2026-05-21T15:00:59.922+0000] {logging_mixin.py:190} INFO - [2026-05-21T15:00:59.921+0000] {dagbag.py:588} INFO - Filling up the DagBag from /opt/airflow/dags/retail_sales_pipeline_dag.py
[2026-05-21T15:00:59.950+0000] {processor.py:925} INFO - DAG(s) 'retail_sales_data_engineering_pipeline' retrieved from /opt/airflow/dags/retail_sales_pipeline_dag.py
[2026-05-21T15:00:59.989+0000] {logging_mixin.py:190} INFO - [2026-05-21T15:00:59.988+0000] {dag.py:3239} INFO - Sync 1 DAGs
[2026-05-21T15:01:00.016+0000] {logging_mixin.py:190} INFO - [2026-05-21T15:01:00.015+0000] {dag.py:4180} INFO - Setting next_dagrun for retail_sales_data_engineering_pipeline to 2026-05-21 00:00:00+00:00, run_after=2026-05-22 00:00:00+00:00
[2026-05-21T15:01:00.038+0000] {processor.py:208} INFO - Processing /opt/airflow/dags/retail_sales_pipeline_dag.py took 0.127 seconds
[2026-05-21T15:01:30.907+0000] {processor.py:186} INFO - Started process (PID=1732) to work on /opt/airflow/dags/retail_sales_pipeline_dag.py
[2026-05-21T15:01:30.908+0000] {processor.py:914} INFO - Processing file /opt/airflow/dags/retail_sales_pipeline_dag.py for tasks to queue
[2026-05-21T15:01:30.912+0000] {logging_mixin.py:190} INFO - [2026-05-21T15:01:30.912+0000] {dagbag.py:588} INFO - Filling up the DagBag from /opt/airflow/dags/retail_sales_pipeline_dag.py
[2026-05-21T15:01:30.938+0000] {processor.py:925} INFO - DAG(s) 'retail_sales_data_engineering_pipeline' retrieved from /opt/airflow/dags/retail_sales_pipeline_dag.py
[2026-05-21T15:01:30.976+0000] {logging_mixin.py:190} INFO - [2026-05-21T15:01:30.976+0000] {dag.py:3239} INFO - Sync 1 DAGs
[2026-05-21T15:01:31.004+0000] {logging_mixin.py:190} INFO - [2026-05-21T15:01:31.004+0000] {dag.py:4180} INFO - Setting next_dagrun for retail_sales_data_engineering_pipeline to 2026-05-21 00:00:00+00:00, run_after=2026-05-22 00:00:00+00:00
[2026-05-21T15:01:31.042+0000] {processor.py:208} INFO - Processing /opt/airflow/dags/retail_sales_pipeline_dag.py took 0.144 seconds
[2026-05-21T15:02:01.187+0000] {processor.py:186} INFO - Started process (PID=1737) to work on /opt/airflow/dags/retail_sales_pipeline_dag.py
[2026-05-21T15:02:01.188+0000] {processor.py:914} INFO - Processing file /opt/airflow/dags/retail_sales_pipeline_dag.py for tasks to queue
[2026-05-21T15:02:01.192+0000] {logging_mixin.py:190} INFO - [2026-05-21T15:02:01.192+0000] {dagbag.py:588} INFO - Filling up the DagBag from /opt/airflow/dags/retail_sales_pipeline_dag.py
[2026-05-21T15:02:01.219+0000] {processor.py:925} INFO - DAG(s) 'retail_sales_data_engineering_pipeline' retrieved from /opt/airflow/dags/retail_sales_pipeline_dag.py
[2026-05-21T15:02:01.256+0000] {logging_mixin.py:190} INFO - [2026-05-21T15:02:01.256+0000] {dag.py:3239} INFO - Sync 1 DAGs
[2026-05-21T15:02:01.283+0000] {logging_mixin.py:190} INFO - [2026-05-21T15:02:01.283+0000] {dag.py:4180} INFO - Setting next_dagrun for retail_sales_data_engineering_pipeline to 2026-05-21 00:00:00+00:00, run_after=2026-05-22 00:00:00+00:00
[2026-05-21T15:02:01.310+0000] {processor.py:208} INFO - Processing /opt/airflow/dags/retail_sales_pipeline_dag.py took 0.132 seconds
[2026-05-21T15:02:32.202+0000] {processor.py:186} INFO - Started process (PID=1742) to work on /opt/airflow/dags/retail_sales_pipeline_dag.py
[2026-05-21T15:02:32.205+0000] {processor.py:914} INFO - Processing file /opt/airflow/dags/retail_sales_pipeline_dag.py for tasks to queue
[2026-05-21T15:02:32.209+0000] {logging_mixin.py:190} INFO - [2026-05-21T15:02:32.208+0000] {dagbag.py:588} INFO - Filling up the DagBag from /opt/airflow/dags/retail_sales_pipeline_dag.py
[2026-05-21T15:02:32.237+0000] {processor.py:925} INFO - DAG(s) 'retail_sales_data_engineering_pipeline' retrieved from /opt/airflow/dags/retail_sales_pipeline_dag.py
[2026-05-21T15:02:32.277+0000] {logging_mixin.py:190} INFO - [2026-05-21T15:02:32.276+0000] {dag.py:3239} INFO - Sync 1 DAGs
[2026-05-21T15:02:32.306+0000] {logging_mixin.py:190} INFO - [2026-05-21T15:02:32.306+0000] {dag.py:4180} INFO - Setting next_dagrun for retail_sales_data_engineering_pipeline to 2026-05-21 00:00:00+00:00, run_after=2026-05-22 00:00:00+00:00
[2026-05-21T15:02:32.332+0000] {processor.py:208} INFO - Processing /opt/airflow/dags/retail_sales_pipeline_dag.py took 0.138 seconds
[2026-05-21T15:03:03.385+0000] {processor.py:186} INFO - Started process (PID=1747) to work on /opt/airflow/dags/retail_sales_pipeline_dag.py
[2026-05-21T15:03:03.386+0000] {processor.py:914} INFO - Processing file /opt/airflow/dags/retail_sales_pipeline_dag.py for tasks to queue
[2026-05-21T15:03:03.390+0000] {logging_mixin.py:190} INFO - [2026-05-21T15:03:03.389+0000] {dagbag.py:588} INFO - Filling up the DagBag from /opt/airflow/dags/retail_sales_pipeline_dag.py
[2026-05-21T15:03:03.418+0000] {processor.py:925} INFO - DAG(s) 'retail_sales_data_engineering_pipeline' retrieved from /opt/airflow/dags/retail_sales_pipeline_dag.py
[2026-05-21T15:03:03.452+0000] {logging_mixin.py:190} INFO - [2026-05-21T15:03:03.451+0000] {dag.py:3239} INFO - Sync 1 DAGs
[2026-05-21T15:03:03.477+0000] {logging_mixin.py:190} INFO - [2026-05-21T15:03:03.477+0000] {dag.py:4180} INFO - Setting next_dagrun for retail_sales_data_engineering_pipeline to 2026-05-21 00:00:00+00:00, run_after=2026-05-22 00:00:00+00:00
[2026-05-21T15:03:03.501+0000] {processor.py:208} INFO - Processing /opt/airflow/dags/retail_sales_pipeline_dag.py took 0.124 seconds
[2026-05-21T15:03:33.632+0000] {processor.py:186} INFO - Started process (PID=1752) to work on /opt/airflow/dags/retail_sales_pipeline_dag.py
[2026-05-21T15:03:33.633+0000] {processor.py:914} INFO - Processing file /opt/airflow/dags/retail_sales_pipeline_dag.py for tasks to queue
[2026-05-21T15:03:33.636+0000] {logging_mixin.py:190} INFO - [2026-05-21T15:03:33.635+0000] {dagbag.py:588} INFO - Filling up the DagBag from /opt/airflow/dags/retail_sales_pipeline_dag.py
[2026-05-21T15:03:33.662+0000] {processor.py:925} INFO - DAG(s) 'retail_sales_data_engineering_pipeline' retrieved from /opt/airflow/dags/retail_sales_pipeline_dag.py
[2026-05-21T15:03:33.700+0000] {logging_mixin.py:190} INFO - [2026-05-21T15:03:33.700+0000] {dag.py:3239} INFO - Sync 1 DAGs
[2026-05-21T15:03:33.727+0000] {logging_mixin.py:190} INFO - [2026-05-21T15:03:33.727+0000] {dag.py:4180} INFO - Setting next_dagrun for retail_sales_data_engineering_pipeline to 2026-05-21 00:00:00+00:00, run_after=2026-05-22 00:00:00+00:00
[2026-05-21T15:03:33.753+0000] {processor.py:208} INFO - Processing /opt/airflow/dags/retail_sales_pipeline_dag.py took 0.130 seconds
[2026-05-21T15:04:04.665+0000] {processor.py:186} INFO - Started process (PID=1757) to work on /opt/airflow/dags/retail_sales_pipeline_dag.py
[2026-05-21T15:04:04.667+0000] {processor.py:914} INFO - Processing file /opt/airflow/dags/retail_sales_pipeline_dag.py for tasks to queue
[2026-05-21T15:04:04.669+0000] {logging_mixin.py:190} INFO - [2026-05-21T15:04:04.669+0000] {dagbag.py:588} INFO - Filling up the DagBag from /opt/airflow/dags/retail_sales_pipeline_dag.py
[2026-05-21T15:04:04.697+0000] {processor.py:925} INFO - DAG(s) 'retail_sales_data_engineering_pipeline' retrieved from /opt/airflow/dags/retail_sales_pipeline_dag.py
[2026-05-21T15:04:04.738+0000] {logging_mixin.py:190} INFO - [2026-05-21T15:04:04.738+0000] {dag.py:3239} INFO - Sync 1 DAGs
[2026-05-21T15:04:04.765+0000] {logging_mixin.py:190} INFO - [2026-05-21T15:04:04.765+0000] {dag.py:4180} INFO - Setting next_dagrun for retail_sales_data_engineering_pipeline to 2026-05-21 00:00:00+00:00, run_after=2026-05-22 00:00:00+00:00
[2026-05-21T15:04:04.790+0000] {processor.py:208} INFO - Processing /opt/airflow/dags/retail_sales_pipeline_dag.py took 0.132 seconds
[2026-05-21T15:04:35.824+0000] {processor.py:186} INFO - Started process (PID=1762) to work on /opt/airflow/dags/retail_sales_pipeline_dag.py
[2026-05-21T15:04:35.826+0000] {processor.py:914} INFO - Processing file /opt/airflow/dags/retail_sales_pipeline_dag.py for tasks to queue
[2026-05-21T15:04:35.829+0000] {logging_mixin.py:190} INFO - [2026-05-21T15:04:35.828+0000] {dagbag.py:588} INFO - Filling up the DagBag from /opt/airflow/dags/retail_sales_pipeline_dag.py
[2026-05-21T15:04:35.860+0000] {processor.py:925} INFO - DAG(s) 'retail_sales_data_engineering_pipeline' retrieved from /opt/airflow/dags/retail_sales_pipeline_dag.py
[2026-05-21T15:04:35.901+0000] {logging_mixin.py:190} INFO - [2026-05-21T15:04:35.901+0000] {dag.py:3239} INFO - Sync 1 DAGs
[2026-05-21T15:04:35.927+0000] {logging_mixin.py:190} INFO - [2026-05-21T15:04:35.927+0000] {dag.py:4180} INFO - Setting next_dagrun for retail_sales_data_engineering_pipeline to 2026-05-21 00:00:00+00:00, run_after=2026-05-22 00:00:00+00:00
[2026-05-21T15:04:35.951+0000] {processor.py:208} INFO - Processing /opt/airflow/dags/retail_sales_pipeline_dag.py took 0.134 seconds
[2026-05-21T15:05:06.080+0000] {processor.py:186} INFO - Started process (PID=1767) to work on /opt/airflow/dags/retail_sales_pipeline_dag.py
[2026-05-21T15:05:06.081+0000] {processor.py:914} INFO - Processing file /opt/airflow/dags/retail_sales_pipeline_dag.py for tasks to queue
[2026-05-21T15:05:06.085+0000] {logging_mixin.py:190} INFO - [2026-05-21T15:05:06.085+0000] {dagbag.py:588} INFO - Filling up the DagBag from /opt/airflow/dags/retail_sales_pipeline_dag.py
[2026-05-21T15:05:06.114+0000] {processor.py:925} INFO - DAG(s) 'retail_sales_data_engineering_pipeline' retrieved from /opt/airflow/dags/retail_sales_pipeline_dag.py
[2026-05-21T15:05:06.151+0000] {logging_mixin.py:190} INFO - [2026-05-21T15:05:06.151+0000] {dag.py:3239} INFO - Sync 1 DAGs
[2026-05-21T15:05:06.177+0000] {logging_mixin.py:190} INFO - [2026-05-21T15:05:06.177+0000] {dag.py:4180} INFO - Setting next_dagrun for retail_sales_data_engineering_pipeline to 2026-05-21 00:00:00+00:00, run_after=2026-05-22 00:00:00+00:00
[2026-05-21T15:05:06.201+0000] {processor.py:208} INFO - Processing /opt/airflow/dags/retail_sales_pipeline_dag.py took 0.130 seconds
[2026-05-21T15:05:36.688+0000] {processor.py:186} INFO - Started process (PID=1772) to work on /opt/airflow/dags/retail_sales_pipeline_dag.py
[2026-05-21T15:05:36.690+0000] {processor.py:914} INFO - Processing file /opt/airflow/dags/retail_sales_pipeline_dag.py for tasks to queue
[2026-05-21T15:05:36.693+0000] {logging_mixin.py:190} INFO - [2026-05-21T15:05:36.693+0000] {dagbag.py:588} INFO - Filling up the DagBag from /opt/airflow/dags/retail_sales_pipeline_dag.py
[2026-05-21T15:05:36.727+0000] {processor.py:925} INFO - DAG(s) 'retail_sales_data_engineering_pipeline' retrieved from /opt/airflow/dags/retail_sales_pipeline_dag.py
[2026-05-21T15:05:36.780+0000] {logging_mixin.py:190} INFO - [2026-05-21T15:05:36.779+0000] {dag.py:3239} INFO - Sync 1 DAGs
[2026-05-21T15:05:36.811+0000] {logging_mixin.py:190} INFO - [2026-05-21T15:05:36.810+0000] {dag.py:4180} INFO - Setting next_dagrun for retail_sales_data_engineering_pipeline to 2026-05-21 00:00:00+00:00, run_after=2026-05-22 00:00:00+00:00
[2026-05-21T15:05:36.839+0000] {processor.py:208} INFO - Processing /opt/airflow/dags/retail_sales_pipeline_dag.py took 0.160 seconds
[2026-05-21T15:06:07.001+0000] {processor.py:186} INFO - Started process (PID=1777) to work on /opt/airflow/dags/retail_sales_pipeline_dag.py
[2026-05-21T15:06:07.002+0000] {processor.py:914} INFO - Processing file /opt/airflow/dags/retail_sales_pipeline_dag.py for tasks to queue
[2026-05-21T15:06:07.006+0000] {logging_mixin.py:190} INFO - [2026-05-21T15:06:07.006+0000] {dagbag.py:588} INFO - Filling up the DagBag from /opt/airflow/dags/retail_sales_pipeline_dag.py
[2026-05-21T15:06:07.033+0000] {processor.py:925} INFO - DAG(s) 'retail_sales_data_engineering_pipeline' retrieved from /opt/airflow/dags/retail_sales_pipeline_dag.py
[2026-05-21T15:06:07.069+0000] {logging_mixin.py:190} INFO - [2026-05-21T15:06:07.068+0000] {dag.py:3239} INFO - Sync 1 DAGs
[2026-05-21T15:06:07.101+0000] {logging_mixin.py:190} INFO - [2026-05-21T15:06:07.101+0000] {dag.py:4180} INFO - Setting next_dagrun for retail_sales_data_engineering_pipeline to 2026-05-21 00:00:00+00:00, run_after=2026-05-22 00:00:00+00:00
[2026-05-21T15:06:07.123+0000] {processor.py:208} INFO - Processing /opt/airflow/dags/retail_sales_pipeline_dag.py took 0.131 seconds
[2026-05-21T15:06:37.569+0000] {processor.py:186} INFO - Started process (PID=1782) to work on /opt/airflow/dags/retail_sales_pipeline_dag.py
[2026-05-21T15:06:37.571+0000] {processor.py:914} INFO - Processing file /opt/airflow/dags/retail_sales_pipeline_dag.py for tasks to queue
[2026-05-21T15:06:37.577+0000] {logging_mixin.py:190} INFO - [2026-05-21T15:06:37.577+0000] {dagbag.py:588} INFO - Filling up the DagBag from /opt/airflow/dags/retail_sales_pipeline_dag.py
[2026-05-21T15:06:37.607+0000] {processor.py:925} INFO - DAG(s) 'retail_sales_data_engineering_pipeline' retrieved from /opt/airflow/dags/retail_sales_pipeline_dag.py
[2026-05-21T15:06:37.650+0000] {logging_mixin.py:190} INFO - [2026-05-21T15:06:37.650+0000] {dag.py:3239} INFO - Sync 1 DAGs
[2026-05-21T15:06:37.681+0000] {logging_mixin.py:190} INFO - [2026-05-21T15:06:37.681+0000] {dag.py:4180} INFO - Setting next_dagrun for retail_sales_data_engineering_pipeline to 2026-05-21 00:00:00+00:00, run_after=2026-05-22 00:00:00+00:00
[2026-05-21T15:06:37.701+0000] {processor.py:208} INFO - Processing /opt/airflow/dags/retail_sales_pipeline_dag.py took 0.139 seconds
[2026-05-21T15:07:08.621+0000] {processor.py:186} INFO - Started process (PID=1787) to work on /opt/airflow/dags/retail_sales_pipeline_dag.py
[2026-05-21T15:07:08.623+0000] {processor.py:914} INFO - Processing file /opt/airflow/dags/retail_sales_pipeline_dag.py for tasks to queue
[2026-05-21T15:07:08.628+0000] {logging_mixin.py:190} INFO - [2026-05-21T15:07:08.627+0000] {dagbag.py:588} INFO - Filling up the DagBag from /opt/airflow/dags/retail_sales_pipeline_dag.py
[2026-05-21T15:07:08.655+0000] {processor.py:925} INFO - DAG(s) 'retail_sales_data_engineering_pipeline' retrieved from /opt/airflow/dags/retail_sales_pipeline_dag.py
[2026-05-21T15:07:08.695+0000] {logging_mixin.py:190} INFO - [2026-05-21T15:07:08.695+0000] {dag.py:3239} INFO - Sync 1 DAGs
[2026-05-21T15:07:08.733+0000] {logging_mixin.py:190} INFO - [2026-05-21T15:07:08.732+0000] {dag.py:4180} INFO - Setting next_dagrun for retail_sales_data_engineering_pipeline to 2026-05-21 00:00:00+00:00, run_after=2026-05-22 00:00:00+00:00
[2026-05-21T15:07:08.759+0000] {processor.py:208} INFO - Processing /opt/airflow/dags/retail_sales_pipeline_dag.py took 0.148 seconds
[2026-05-21T15:07:39.219+0000] {processor.py:186} INFO - Started process (PID=1792) to work on /opt/airflow/dags/retail_sales_pipeline_dag.py
[2026-05-21T15:07:39.220+0000] {processor.py:914} INFO - Processing file /opt/airflow/dags/retail_sales_pipeline_dag.py for tasks to queue
[2026-05-21T15:07:39.223+0000] {logging_mixin.py:190} INFO - [2026-05-21T15:07:39.223+0000] {dagbag.py:588} INFO - Filling up the DagBag from /opt/airflow/dags/retail_sales_pipeline_dag.py
[2026-05-21T15:07:39.251+0000] {processor.py:925} INFO - DAG(s) 'retail_sales_data_engineering_pipeline' retrieved from /opt/airflow/dags/retail_sales_pipeline_dag.py
[2026-05-21T15:07:39.291+0000] {logging_mixin.py:190} INFO - [2026-05-21T15:07:39.291+0000] {dag.py:3239} INFO - Sync 1 DAGs
[2026-05-21T15:07:39.322+0000] {logging_mixin.py:190} INFO - [2026-05-21T15:07:39.322+0000] {dag.py:4180} INFO - Setting next_dagrun for retail_sales_data_engineering_pipeline to 2026-05-21 00:00:00+00:00, run_after=2026-05-22 00:00:00+00:00
[2026-05-21T15:07:39.343+0000] {processor.py:208} INFO - Processing /opt/airflow/dags/retail_sales_pipeline_dag.py took 0.130 seconds
[2026-05-21T15:08:09.489+0000] {processor.py:186} INFO - Started process (PID=1797) to work on /opt/airflow/dags/retail_sales_pipeline_dag.py
[2026-05-21T15:08:09.490+0000] {processor.py:914} INFO - Processing file /opt/airflow/dags/retail_sales_pipeline_dag.py for tasks to queue
[2026-05-21T15:08:09.494+0000] {logging_mixin.py:190} INFO - [2026-05-21T15:08:09.493+0000] {dagbag.py:588} INFO - Filling up the DagBag from /opt/airflow/dags/retail_sales_pipeline_dag.py
[2026-05-21T15:08:09.519+0000] {processor.py:925} INFO - DAG(s) 'retail_sales_data_engineering_pipeline' retrieved from /opt/airflow/dags/retail_sales_pipeline_dag.py
[2026-05-21T15:08:09.553+0000] {logging_mixin.py:190} INFO - [2026-05-21T15:08:09.553+0000] {dag.py:3239} INFO - Sync 1 DAGs
[2026-05-21T15:08:09.580+0000] {logging_mixin.py:190} INFO - [2026-05-21T15:08:09.580+0000] {dag.py:4180} INFO - Setting next_dagrun for retail_sales_data_engineering_pipeline to 2026-05-21 00:00:00+00:00, run_after=2026-05-22 00:00:00+00:00
[2026-05-21T15:08:09.606+0000] {processor.py:208} INFO - Processing /opt/airflow/dags/retail_sales_pipeline_dag.py took 0.124 seconds
[2026-05-21T15:08:40.247+0000] {processor.py:186} INFO - Started process (PID=1802) to work on /opt/airflow/dags/retail_sales_pipeline_dag.py
[2026-05-21T15:08:40.250+0000] {processor.py:914} INFO - Processing file /opt/airflow/dags/retail_sales_pipeline_dag.py for tasks to queue
[2026-05-21T15:08:40.254+0000] {logging_mixin.py:190} INFO - [2026-05-21T15:08:40.253+0000] {dagbag.py:588} INFO - Filling up the DagBag from /opt/airflow/dags/retail_sales_pipeline_dag.py
[2026-05-21T15:08:40.280+0000] {processor.py:925} INFO - DAG(s) 'retail_sales_data_engineering_pipeline' retrieved from /opt/airflow/dags/retail_sales_pipeline_dag.py
[2026-05-21T15:08:40.325+0000] {logging_mixin.py:190} INFO - [2026-05-21T15:08:40.325+0000] {dag.py:3239} INFO - Sync 1 DAGs
[2026-05-21T15:08:40.359+0000] {logging_mixin.py:190} INFO - [2026-05-21T15:08:40.359+0000] {dag.py:4180} INFO - Setting next_dagrun for retail_sales_data_engineering_pipeline to 2026-05-21 00:00:00+00:00, run_after=2026-05-22 00:00:00+00:00
[2026-05-21T15:08:40.388+0000] {processor.py:208} INFO - Processing /opt/airflow/dags/retail_sales_pipeline_dag.py took 0.153 seconds
[2026-05-21T15:09:10.466+0000] {processor.py:186} INFO - Started process (PID=1807) to work on /opt/airflow/dags/retail_sales_pipeline_dag.py
[2026-05-21T15:09:10.468+0000] {processor.py:914} INFO - Processing file /opt/airflow/dags/retail_sales_pipeline_dag.py for tasks to queue
[2026-05-21T15:09:10.471+0000] {logging_mixin.py:190} INFO - [2026-05-21T15:09:10.471+0000] {dagbag.py:588} INFO - Filling up the DagBag from /opt/airflow/dags/retail_sales_pipeline_dag.py
[2026-05-21T15:09:10.501+0000] {processor.py:925} INFO - DAG(s) 'retail_sales_data_engineering_pipeline' retrieved from /opt/airflow/dags/retail_sales_pipeline_dag.py
[2026-05-21T15:09:10.537+0000] {logging_mixin.py:190} INFO - [2026-05-21T15:09:10.537+0000] {dag.py:3239} INFO - Sync 1 DAGs
[2026-05-21T15:09:10.566+0000] {logging_mixin.py:190} INFO - [2026-05-21T15:09:10.566+0000] {dag.py:4180} INFO - Setting next_dagrun for retail_sales_data_engineering_pipeline to 2026-05-21 00:00:00+00:00, run_after=2026-05-22 00:00:00+00:00
[2026-05-21T15:09:10.594+0000] {processor.py:208} INFO - Processing /opt/airflow/dags/retail_sales_pipeline_dag.py took 0.136 seconds
[2026-05-21T15:09:41.574+0000] {processor.py:186} INFO - Started process (PID=1812) to work on /opt/airflow/dags/retail_sales_pipeline_dag.py
[2026-05-21T15:09:41.576+0000] {processor.py:914} INFO - Processing file /opt/airflow/dags/retail_sales_pipeline_dag.py for tasks to queue
[2026-05-21T15:09:41.579+0000] {logging_mixin.py:190} INFO - [2026-05-21T15:09:41.579+0000] {dagbag.py:588} INFO - Filling up the DagBag from /opt/airflow/dags/retail_sales_pipeline_dag.py
[2026-05-21T15:09:41.614+0000] {processor.py:925} INFO - DAG(s) 'retail_sales_data_engineering_pipeline' retrieved from /opt/airflow/dags/retail_sales_pipeline_dag.py
[2026-05-21T15:09:41.659+0000] {logging_mixin.py:190} INFO - [2026-05-21T15:09:41.659+0000] {dag.py:3239} INFO - Sync 1 DAGs
[2026-05-21T15:09:41.689+0000] {logging_mixin.py:190} INFO - [2026-05-21T15:09:41.688+0000] {dag.py:4180} INFO - Setting next_dagrun for retail_sales_data_engineering_pipeline to 2026-05-21 00:00:00+00:00, run_after=2026-05-22 00:00:00+00:00
[2026-05-21T15:09:41.714+0000] {processor.py:208} INFO - Processing /opt/airflow/dags/retail_sales_pipeline_dag.py took 0.147 seconds
[2026-05-21T15:10:12.322+0000] {processor.py:186} INFO - Started process (PID=1817) to work on /opt/airflow/dags/retail_sales_pipeline_dag.py
[2026-05-21T15:10:12.324+0000] {processor.py:914} INFO - Processing file /opt/airflow/dags/retail_sales_pipeline_dag.py for tasks to queue
[2026-05-21T15:10:12.327+0000] {logging_mixin.py:190} INFO - [2026-05-21T15:10:12.327+0000] {dagbag.py:588} INFO - Filling up the DagBag from /opt/airflow/dags/retail_sales_pipeline_dag.py
[2026-05-21T15:10:12.372+0000] {processor.py:925} INFO - DAG(s) 'retail_sales_data_engineering_pipeline' retrieved from /opt/airflow/dags/retail_sales_pipeline_dag.py
[2026-05-21T15:10:12.414+0000] {logging_mixin.py:190} INFO - [2026-05-21T15:10:12.414+0000] {dag.py:3239} INFO - Sync 1 DAGs
[2026-05-21T15:10:12.457+0000] {logging_mixin.py:190} INFO - [2026-05-21T15:10:12.457+0000] {dag.py:4180} INFO - Setting next_dagrun for retail_sales_data_engineering_pipeline to 2026-05-21 00:00:00+00:00, run_after=2026-05-22 00:00:00+00:00
[2026-05-21T15:10:12.481+0000] {processor.py:208} INFO - Processing /opt/airflow/dags/retail_sales_pipeline_dag.py took 0.164 seconds
[2026-05-21T15:10:43.585+0000] {processor.py:186} INFO - Started process (PID=1822) to work on /opt/airflow/dags/retail_sales_pipeline_dag.py
[2026-05-21T15:10:43.588+0000] {processor.py:914} INFO - Processing file /opt/airflow/dags/retail_sales_pipeline_dag.py for tasks to queue
[2026-05-21T15:10:43.592+0000] {logging_mixin.py:190} INFO - [2026-05-21T15:10:43.592+0000] {dagbag.py:588} INFO - Filling up the DagBag from /opt/airflow/dags/retail_sales_pipeline_dag.py
[2026-05-21T15:10:43.645+0000] {processor.py:925} INFO - DAG(s) 'retail_sales_data_engineering_pipeline' retrieved from /opt/airflow/dags/retail_sales_pipeline_dag.py
[2026-05-21T15:10:43.696+0000] {logging_mixin.py:190} INFO - [2026-05-21T15:10:43.696+0000] {dag.py:3239} INFO - Sync 1 DAGs
[2026-05-21T15:10:43.735+0000] {logging_mixin.py:190} INFO - [2026-05-21T15:10:43.735+0000] {dag.py:4180} INFO - Setting next_dagrun for retail_sales_data_engineering_pipeline to 2026-05-21 00:00:00+00:00, run_after=2026-05-22 00:00:00+00:00
[2026-05-21T15:10:43.757+0000] {processor.py:208} INFO - Processing /opt/airflow/dags/retail_sales_pipeline_dag.py took 0.181 seconds
[2026-05-21T15:11:14.835+0000] {processor.py:186} INFO - Started process (PID=1827) to work on /opt/airflow/dags/retail_sales_pipeline_dag.py
[2026-05-21T15:11:14.837+0000] {processor.py:914} INFO - Processing file /opt/airflow/dags/retail_sales_pipeline_dag.py for tasks to queue
[2026-05-21T15:11:14.841+0000] {logging_mixin.py:190} INFO - [2026-05-21T15:11:14.841+0000] {dagbag.py:588} INFO - Filling up the DagBag from /opt/airflow/dags/retail_sales_pipeline_dag.py
[2026-05-21T15:11:14.874+0000] {processor.py:925} INFO - DAG(s) 'retail_sales_data_engineering_pipeline' retrieved from /opt/airflow/dags/retail_sales_pipeline_dag.py
[2026-05-21T15:11:14.914+0000] {logging_mixin.py:190} INFO - [2026-05-21T15:11:14.914+0000] {dag.py:3239} INFO - Sync 1 DAGs
[2026-05-21T15:11:14.953+0000] {logging_mixin.py:190} INFO - [2026-05-21T15:11:14.952+0000] {dag.py:4180} INFO - Setting next_dagrun for retail_sales_data_engineering_pipeline to 2026-05-21 00:00:00+00:00, run_after=2026-05-22 00:00:00+00:00
[2026-05-21T15:11:14.976+0000] {processor.py:208} INFO - Processing /opt/airflow/dags/retail_sales_pipeline_dag.py took 0.147 seconds
[2026-05-21T15:11:45.568+0000] {processor.py:186} INFO - Started process (PID=1832) to work on /opt/airflow/dags/retail_sales_pipeline_dag.py
[2026-05-21T15:11:45.571+0000] {processor.py:914} INFO - Processing file /opt/airflow/dags/retail_sales_pipeline_dag.py for tasks to queue
[2026-05-21T15:11:45.574+0000] {logging_mixin.py:190} INFO - [2026-05-21T15:11:45.573+0000] {dagbag.py:588} INFO - Filling up the DagBag from /opt/airflow/dags/retail_sales_pipeline_dag.py
[2026-05-21T15:11:45.611+0000] {processor.py:925} INFO - DAG(s) 'retail_sales_data_engineering_pipeline' retrieved from /opt/airflow/dags/retail_sales_pipeline_dag.py
[2026-05-21T15:11:45.650+0000] {logging_mixin.py:190} INFO - [2026-05-21T15:11:45.649+0000] {dag.py:3239} INFO - Sync 1 DAGs
[2026-05-21T15:11:45.698+0000] {logging_mixin.py:190} INFO - [2026-05-21T15:11:45.697+0000] {dag.py:4180} INFO - Setting next_dagrun for retail_sales_data_engineering_pipeline to 2026-05-21 00:00:00+00:00, run_after=2026-05-22 00:00:00+00:00
[2026-05-21T15:11:45.733+0000] {processor.py:208} INFO - Processing /opt/airflow/dags/retail_sales_pipeline_dag.py took 0.172 seconds
[2026-05-21T15:12:16.217+0000] {processor.py:186} INFO - Started process (PID=1837) to work on /opt/airflow/dags/retail_sales_pipeline_dag.py
[2026-05-21T15:12:16.219+0000] {processor.py:914} INFO - Processing file /opt/airflow/dags/retail_sales_pipeline_dag.py for tasks to queue
[2026-05-21T15:12:16.223+0000] {logging_mixin.py:190} INFO - [2026-05-21T15:12:16.222+0000] {dagbag.py:588} INFO - Filling up the DagBag from /opt/airflow/dags/retail_sales_pipeline_dag.py
[2026-05-21T15:12:16.253+0000] {processor.py:925} INFO - DAG(s) 'retail_sales_data_engineering_pipeline' retrieved from /opt/airflow/dags/retail_sales_pipeline_dag.py
[2026-05-21T15:12:16.294+0000] {logging_mixin.py:190} INFO - [2026-05-21T15:12:16.294+0000] {dag.py:3239} INFO - Sync 1 DAGs
[2026-05-21T15:12:16.324+0000] {logging_mixin.py:190} INFO - [2026-05-21T15:12:16.324+0000] {dag.py:4180} INFO - Setting next_dagrun for retail_sales_data_engineering_pipeline to 2026-05-21 00:00:00+00:00, run_after=2026-05-22 00:00:00+00:00
[2026-05-21T15:12:16.350+0000] {processor.py:208} INFO - Processing /opt/airflow/dags/retail_sales_pipeline_dag.py took 0.139 seconds
[2026-05-21T15:12:47.193+0000] {processor.py:186} INFO - Started process (PID=1842) to work on /opt/airflow/dags/retail_sales_pipeline_dag.py
[2026-05-21T15:12:47.195+0000] {processor.py:914} INFO - Processing file /opt/airflow/dags/retail_sales_pipeline_dag.py for tasks to queue
[2026-05-21T15:12:47.199+0000] {logging_mixin.py:190} INFO - [2026-05-21T15:12:47.198+0000] {dagbag.py:588} INFO - Filling up the DagBag from /opt/airflow/dags/retail_sales_pipeline_dag.py
[2026-05-21T15:12:47.231+0000] {processor.py:925} INFO - DAG(s) 'retail_sales_data_engineering_pipeline' retrieved from /opt/airflow/dags/retail_sales_pipeline_dag.py
[2026-05-21T15:12:47.271+0000] {logging_mixin.py:190} INFO - [2026-05-21T15:12:47.271+0000] {dag.py:3239} INFO - Sync 1 DAGs
[2026-05-21T15:12:47.296+0000] {logging_mixin.py:190} INFO - [2026-05-21T15:12:47.296+0000] {dag.py:4180} INFO - Setting next_dagrun for retail_sales_data_engineering_pipeline to 2026-05-21 00:00:00+00:00, run_after=2026-05-22 00:00:00+00:00
[2026-05-21T15:12:47.320+0000] {processor.py:208} INFO - Processing /opt/airflow/dags/retail_sales_pipeline_dag.py took 0.133 seconds
[2026-05-21T15:13:18.144+0000] {processor.py:186} INFO - Started process (PID=1847) to work on /opt/airflow/dags/retail_sales_pipeline_dag.py
[2026-05-21T15:13:18.146+0000] {processor.py:914} INFO - Processing file /opt/airflow/dags/retail_sales_pipeline_dag.py for tasks to queue
[2026-05-21T15:13:18.150+0000] {logging_mixin.py:190} INFO - [2026-05-21T15:13:18.150+0000] {dagbag.py:588} INFO - Filling up the DagBag from /opt/airflow/dags/retail_sales_pipeline_dag.py
[2026-05-21T15:13:18.185+0000] {processor.py:925} INFO - DAG(s) 'retail_sales_data_engineering_pipeline' retrieved from /opt/airflow/dags/retail_sales_pipeline_dag.py
[2026-05-21T15:13:18.235+0000] {logging_mixin.py:190} INFO - [2026-05-21T15:13:18.235+0000] {dag.py:3239} INFO - Sync 1 DAGs
[2026-05-21T15:13:18.267+0000] {logging_mixin.py:190} INFO - [2026-05-21T15:13:18.267+0000] {dag.py:4180} INFO - Setting next_dagrun for retail_sales_data_engineering_pipeline to 2026-05-21 00:00:00+00:00, run_after=2026-05-22 00:00:00+00:00
[2026-05-21T15:13:18.296+0000] {processor.py:208} INFO - Processing /opt/airflow/dags/retail_sales_pipeline_dag.py took 0.160 seconds
[2026-05-21T15:13:48.932+0000] {processor.py:186} INFO - Started process (PID=1852) to work on /opt/airflow/dags/retail_sales_pipeline_dag.py
[2026-05-21T15:13:48.933+0000] {processor.py:914} INFO - Processing file /opt/airflow/dags/retail_sales_pipeline_dag.py for tasks to queue
[2026-05-21T15:13:48.937+0000] {logging_mixin.py:190} INFO - [2026-05-21T15:13:48.936+0000] {dagbag.py:588} INFO - Filling up the DagBag from /opt/airflow/dags/retail_sales_pipeline_dag.py
[2026-05-21T15:13:48.966+0000] {processor.py:925} INFO - DAG(s) 'retail_sales_data_engineering_pipeline' retrieved from /opt/airflow/dags/retail_sales_pipeline_dag.py
[2026-05-21T15:13:49.006+0000] {logging_mixin.py:190} INFO - [2026-05-21T15:13:49.005+0000] {dag.py:3239} INFO - Sync 1 DAGs
[2026-05-21T15:13:49.034+0000] {logging_mixin.py:190} INFO - [2026-05-21T15:13:49.034+0000] {dag.py:4180} INFO - Setting next_dagrun for retail_sales_data_engineering_pipeline to 2026-05-21 00:00:00+00:00, run_after=2026-05-22 00:00:00+00:00
[2026-05-21T15:13:49.058+0000] {processor.py:208} INFO - Processing /opt/airflow/dags/retail_sales_pipeline_dag.py took 0.133 seconds
[2026-05-21T15:14:19.125+0000] {processor.py:186} INFO - Started process (PID=1857) to work on /opt/airflow/dags/retail_sales_pipeline_dag.py
[2026-05-21T15:14:19.127+0000] {processor.py:914} INFO - Processing file /opt/airflow/dags/retail_sales_pipeline_dag.py for tasks to queue
[2026-05-21T15:14:19.129+0000] {logging_mixin.py:190} INFO - [2026-05-21T15:14:19.129+0000] {dagbag.py:588} INFO - Filling up the DagBag from /opt/airflow/dags/retail_sales_pipeline_dag.py
[2026-05-21T15:14:19.158+0000] {processor.py:925} INFO - DAG(s) 'retail_sales_data_engineering_pipeline' retrieved from /opt/airflow/dags/retail_sales_pipeline_dag.py
[2026-05-21T15:14:19.196+0000] {logging_mixin.py:190} INFO - [2026-05-21T15:14:19.196+0000] {dag.py:3239} INFO - Sync 1 DAGs
[2026-05-21T15:14:19.223+0000] {logging_mixin.py:190} INFO - [2026-05-21T15:14:19.222+0000] {dag.py:4180} INFO - Setting next_dagrun for retail_sales_data_engineering_pipeline to 2026-05-21 00:00:00+00:00, run_after=2026-05-22 00:00:00+00:00
[2026-05-21T15:14:19.247+0000] {processor.py:208} INFO - Processing /opt/airflow/dags/retail_sales_pipeline_dag.py took 0.129 seconds
[2026-05-21T15:14:49.627+0000] {processor.py:186} INFO - Started process (PID=1862) to work on /opt/airflow/dags/retail_sales_pipeline_dag.py
[2026-05-21T15:14:49.629+0000] {processor.py:914} INFO - Processing file /opt/airflow/dags/retail_sales_pipeline_dag.py for tasks to queue
[2026-05-21T15:14:49.633+0000] {logging_mixin.py:190} INFO - [2026-05-21T15:14:49.633+0000] {dagbag.py:588} INFO - Filling up the DagBag from /opt/airflow/dags/retail_sales_pipeline_dag.py
[2026-05-21T15:14:49.662+0000] {processor.py:925} INFO - DAG(s) 'retail_sales_data_engineering_pipeline' retrieved from /opt/airflow/dags/retail_sales_pipeline_dag.py
[2026-05-21T15:14:49.701+0000] {logging_mixin.py:190} INFO - [2026-05-21T15:14:49.700+0000] {dag.py:3239} INFO - Sync 1 DAGs
[2026-05-21T15:14:49.731+0000] {logging_mixin.py:190} INFO - [2026-05-21T15:14:49.731+0000] {dag.py:4180} INFO - Setting next_dagrun for retail_sales_data_engineering_pipeline to 2026-05-21 00:00:00+00:00, run_after=2026-05-22 00:00:00+00:00
[2026-05-21T15:14:49.754+0000] {processor.py:208} INFO - Processing /opt/airflow/dags/retail_sales_pipeline_dag.py took 0.134 seconds
[2026-05-21T15:15:20.724+0000] {processor.py:186} INFO - Started process (PID=1867) to work on /opt/airflow/dags/retail_sales_pipeline_dag.py
[2026-05-21T15:15:20.726+0000] {processor.py:914} INFO - Processing file /opt/airflow/dags/retail_sales_pipeline_dag.py for tasks to queue
[2026-05-21T15:15:20.730+0000] {logging_mixin.py:190} INFO - [2026-05-21T15:15:20.730+0000] {dagbag.py:588} INFO - Filling up the DagBag from /opt/airflow/dags/retail_sales_pipeline_dag.py
[2026-05-21T15:15:20.766+0000] {processor.py:925} INFO - DAG(s) 'retail_sales_data_engineering_pipeline' retrieved from /opt/airflow/dags/retail_sales_pipeline_dag.py
[2026-05-21T15:15:21.114+0000] {logging_mixin.py:190} INFO - [2026-05-21T15:15:21.113+0000] {dag.py:3239} INFO - Sync 1 DAGs
[2026-05-21T15:15:21.144+0000] {logging_mixin.py:190} INFO - [2026-05-21T15:15:21.144+0000] {dag.py:4180} INFO - Setting next_dagrun for retail_sales_data_engineering_pipeline to 2026-05-21 00:00:00+00:00, run_after=2026-05-22 00:00:00+00:00
[2026-05-21T15:15:21.167+0000] {processor.py:208} INFO - Processing /opt/airflow/dags/retail_sales_pipeline_dag.py took 0.453 seconds
[2026-05-21T15:15:51.320+0000] {processor.py:186} INFO - Started process (PID=1872) to work on /opt/airflow/dags/retail_sales_pipeline_dag.py
[2026-05-21T15:15:51.321+0000] {processor.py:914} INFO - Processing file /opt/airflow/dags/retail_sales_pipeline_dag.py for tasks to queue
[2026-05-21T15:15:51.324+0000] {logging_mixin.py:190} INFO - [2026-05-21T15:15:51.324+0000] {dagbag.py:588} INFO - Filling up the DagBag from /opt/airflow/dags/retail_sales_pipeline_dag.py
[2026-05-21T15:15:51.352+0000] {processor.py:925} INFO - DAG(s) 'retail_sales_data_engineering_pipeline' retrieved from /opt/airflow/dags/retail_sales_pipeline_dag.py
[2026-05-21T15:15:51.403+0000] {logging_mixin.py:190} INFO - [2026-05-21T15:15:51.402+0000] {dag.py:3239} INFO - Sync 1 DAGs
[2026-05-21T15:15:51.435+0000] {logging_mixin.py:190} INFO - [2026-05-21T15:15:51.435+0000] {dag.py:4180} INFO - Setting next_dagrun for retail_sales_data_engineering_pipeline to 2026-05-21 00:00:00+00:00, run_after=2026-05-22 00:00:00+00:00
[2026-05-21T15:15:51.463+0000] {processor.py:208} INFO - Processing /opt/airflow/dags/retail_sales_pipeline_dag.py took 0.150 seconds
[2026-05-21T15:16:22.324+0000] {processor.py:186} INFO - Started process (PID=1877) to work on /opt/airflow/dags/retail_sales_pipeline_dag.py
[2026-05-21T15:16:22.326+0000] {processor.py:914} INFO - Processing file /opt/airflow/dags/retail_sales_pipeline_dag.py for tasks to queue
[2026-05-21T15:16:22.331+0000] {logging_mixin.py:190} INFO - [2026-05-21T15:16:22.330+0000] {dagbag.py:588} INFO - Filling up the DagBag from /opt/airflow/dags/retail_sales_pipeline_dag.py
[2026-05-21T15:16:22.363+0000] {processor.py:925} INFO - DAG(s) 'retail_sales_data_engineering_pipeline' retrieved from /opt/airflow/dags/retail_sales_pipeline_dag.py
[2026-05-21T15:16:22.419+0000] {logging_mixin.py:190} INFO - [2026-05-21T15:16:22.419+0000] {dag.py:3239} INFO - Sync 1 DAGs
[2026-05-21T15:16:22.452+0000] {logging_mixin.py:190} INFO - [2026-05-21T15:16:22.452+0000] {dag.py:4180} INFO - Setting next_dagrun for retail_sales_data_engineering_pipeline to 2026-05-21 00:00:00+00:00, run_after=2026-05-22 00:00:00+00:00
[2026-05-21T15:16:22.495+0000] {processor.py:208} INFO - Processing /opt/airflow/dags/retail_sales_pipeline_dag.py took 0.178 seconds
[2026-05-21T15:16:52.959+0000] {processor.py:186} INFO - Started process (PID=1882) to work on /opt/airflow/dags/retail_sales_pipeline_dag.py
[2026-05-21T15:16:52.961+0000] {processor.py:914} INFO - Processing file /opt/airflow/dags/retail_sales_pipeline_dag.py for tasks to queue
[2026-05-21T15:16:52.965+0000] {logging_mixin.py:190} INFO - [2026-05-21T15:16:52.965+0000] {dagbag.py:588} INFO - Filling up the DagBag from /opt/airflow/dags/retail_sales_pipeline_dag.py
[2026-05-21T15:16:52.995+0000] {processor.py:925} INFO - DAG(s) 'retail_sales_data_engineering_pipeline' retrieved from /opt/airflow/dags/retail_sales_pipeline_dag.py
[2026-05-21T15:16:53.050+0000] {logging_mixin.py:190} INFO - [2026-05-21T15:16:53.049+0000] {dag.py:3239} INFO - Sync 1 DAGs
[2026-05-21T15:16:53.087+0000] {logging_mixin.py:190} INFO - [2026-05-21T15:16:53.086+0000] {dag.py:4180} INFO - Setting next_dagrun for retail_sales_data_engineering_pipeline to 2026-05-21 00:00:00+00:00, run_after=2026-05-22 00:00:00+00:00
[2026-05-21T15:16:53.113+0000] {processor.py:208} INFO - Processing /opt/airflow/dags/retail_sales_pipeline_dag.py took 0.161 seconds
[2026-05-21T15:17:23.590+0000] {processor.py:186} INFO - Started process (PID=1887) to work on /opt/airflow/dags/retail_sales_pipeline_dag.py
[2026-05-21T15:17:23.591+0000] {processor.py:914} INFO - Processing file /opt/airflow/dags/retail_sales_pipeline_dag.py for tasks to queue
[2026-05-21T15:17:23.594+0000] {logging_mixin.py:190} INFO - [2026-05-21T15:17:23.594+0000] {dagbag.py:588} INFO - Filling up the DagBag from /opt/airflow/dags/retail_sales_pipeline_dag.py
[2026-05-21T15:17:23.625+0000] {processor.py:925} INFO - DAG(s) 'retail_sales_data_engineering_pipeline' retrieved from /opt/airflow/dags/retail_sales_pipeline_dag.py
[2026-05-21T15:17:23.687+0000] {logging_mixin.py:190} INFO - [2026-05-21T15:17:23.687+0000] {dag.py:3239} INFO - Sync 1 DAGs
[2026-05-21T15:17:23.717+0000] {logging_mixin.py:190} INFO - [2026-05-21T15:17:23.716+0000] {dag.py:4180} INFO - Setting next_dagrun for retail_sales_data_engineering_pipeline to 2026-05-21 00:00:00+00:00, run_after=2026-05-22 00:00:00+00:00
[2026-05-21T15:17:23.743+0000] {processor.py:208} INFO - Processing /opt/airflow/dags/retail_sales_pipeline_dag.py took 0.162 seconds
[2026-05-21T15:17:54.709+0000] {processor.py:186} INFO - Started process (PID=1892) to work on /opt/airflow/dags/retail_sales_pipeline_dag.py
[2026-05-21T15:17:54.711+0000] {processor.py:914} INFO - Processing file /opt/airflow/dags/retail_sales_pipeline_dag.py for tasks to queue
[2026-05-21T15:17:54.714+0000] {logging_mixin.py:190} INFO - [2026-05-21T15:17:54.714+0000] {dagbag.py:588} INFO - Filling up the DagBag from /opt/airflow/dags/retail_sales_pipeline_dag.py
[2026-05-21T15:17:54.743+0000] {processor.py:925} INFO - DAG(s) 'retail_sales_data_engineering_pipeline' retrieved from /opt/airflow/dags/retail_sales_pipeline_dag.py
[2026-05-21T15:17:54.795+0000] {logging_mixin.py:190} INFO - [2026-05-21T15:17:54.794+0000] {dag.py:3239} INFO - Sync 1 DAGs
[2026-05-21T15:17:54.823+0000] {logging_mixin.py:190} INFO - [2026-05-21T15:17:54.823+0000] {dag.py:4180} INFO - Setting next_dagrun for retail_sales_data_engineering_pipeline to 2026-05-21 00:00:00+00:00, run_after=2026-05-22 00:00:00+00:00
[2026-05-21T15:17:54.852+0000] {processor.py:208} INFO - Processing /opt/airflow/dags/retail_sales_pipeline_dag.py took 0.152 seconds
[2026-05-21T15:18:25.363+0000] {processor.py:186} INFO - Started process (PID=1897) to work on /opt/airflow/dags/retail_sales_pipeline_dag.py
[2026-05-21T15:18:25.365+0000] {processor.py:914} INFO - Processing file /opt/airflow/dags/retail_sales_pipeline_dag.py for tasks to queue
[2026-05-21T15:18:25.368+0000] {logging_mixin.py:190} INFO - [2026-05-21T15:18:25.367+0000] {dagbag.py:588} INFO - Filling up the DagBag from /opt/airflow/dags/retail_sales_pipeline_dag.py
[2026-05-21T15:18:25.403+0000] {processor.py:925} INFO - DAG(s) 'retail_sales_data_engineering_pipeline' retrieved from /opt/airflow/dags/retail_sales_pipeline_dag.py
[2026-05-21T15:18:25.461+0000] {logging_mixin.py:190} INFO - [2026-05-21T15:18:25.460+0000] {dag.py:3239} INFO - Sync 1 DAGs
[2026-05-21T15:18:25.489+0000] {logging_mixin.py:190} INFO - [2026-05-21T15:18:25.488+0000] {dag.py:4180} INFO - Setting next_dagrun for retail_sales_data_engineering_pipeline to 2026-05-21 00:00:00+00:00, run_after=2026-05-22 00:00:00+00:00
[2026-05-21T15:18:25.518+0000] {processor.py:208} INFO - Processing /opt/airflow/dags/retail_sales_pipeline_dag.py took 0.164 seconds
[2026-05-21T15:18:56.348+0000] {processor.py:186} INFO - Started process (PID=1902) to work on /opt/airflow/dags/retail_sales_pipeline_dag.py
[2026-05-21T15:18:56.349+0000] {processor.py:914} INFO - Processing file /opt/airflow/dags/retail_sales_pipeline_dag.py for tasks to queue
[2026-05-21T15:18:56.352+0000] {logging_mixin.py:190} INFO - [2026-05-21T15:18:56.352+0000] {dagbag.py:588} INFO - Filling up the DagBag from /opt/airflow/dags/retail_sales_pipeline_dag.py
[2026-05-21T15:18:56.381+0000] {processor.py:925} INFO - DAG(s) 'retail_sales_data_engineering_pipeline' retrieved from /opt/airflow/dags/retail_sales_pipeline_dag.py
[2026-05-21T15:18:56.422+0000] {logging_mixin.py:190} INFO - [2026-05-21T15:18:56.422+0000] {dag.py:3239} INFO - Sync 1 DAGs
[2026-05-21T15:18:56.448+0000] {logging_mixin.py:190} INFO - [2026-05-21T15:18:56.448+0000] {dag.py:4180} INFO - Setting next_dagrun for retail_sales_data_engineering_pipeline to 2026-05-21 00:00:00+00:00, run_after=2026-05-22 00:00:00+00:00
[2026-05-21T15:18:56.470+0000] {processor.py:208} INFO - Processing /opt/airflow/dags/retail_sales_pipeline_dag.py took 0.129 seconds
[2026-05-21T15:19:27.183+0000] {processor.py:186} INFO - Started process (PID=1907) to work on /opt/airflow/dags/retail_sales_pipeline_dag.py
[2026-05-21T15:19:27.185+0000] {processor.py:914} INFO - Processing file /opt/airflow/dags/retail_sales_pipeline_dag.py for tasks to queue
[2026-05-21T15:19:27.189+0000] {logging_mixin.py:190} INFO - [2026-05-21T15:19:27.189+0000] {dagbag.py:588} INFO - Filling up the DagBag from /opt/airflow/dags/retail_sales_pipeline_dag.py
[2026-05-21T15:19:27.218+0000] {processor.py:925} INFO - DAG(s) 'retail_sales_data_engineering_pipeline' retrieved from /opt/airflow/dags/retail_sales_pipeline_dag.py
[2026-05-21T15:19:27.276+0000] {logging_mixin.py:190} INFO - [2026-05-21T15:19:27.275+0000] {dag.py:3239} INFO - Sync 1 DAGs
[2026-05-21T15:19:27.311+0000] {logging_mixin.py:190} INFO - [2026-05-21T15:19:27.311+0000] {dag.py:4180} INFO - Setting next_dagrun for retail_sales_data_engineering_pipeline to 2026-05-21 00:00:00+00:00, run_after=2026-05-22 00:00:00+00:00
[2026-05-21T15:19:27.341+0000] {processor.py:208} INFO - Processing /opt/airflow/dags/retail_sales_pipeline_dag.py took 0.167 seconds
[2026-05-21T15:19:57.711+0000] {processor.py:186} INFO - Started process (PID=1912) to work on /opt/airflow/dags/retail_sales_pipeline_dag.py
[2026-05-21T15:19:57.713+0000] {processor.py:914} INFO - Processing file /opt/airflow/dags/retail_sales_pipeline_dag.py for tasks to queue
[2026-05-21T15:19:57.717+0000] {logging_mixin.py:190} INFO - [2026-05-21T15:19:57.717+0000] {dagbag.py:588} INFO - Filling up the DagBag from /opt/airflow/dags/retail_sales_pipeline_dag.py
[2026-05-21T15:19:57.747+0000] {processor.py:925} INFO - DAG(s) 'retail_sales_data_engineering_pipeline' retrieved from /opt/airflow/dags/retail_sales_pipeline_dag.py
[2026-05-21T15:19:57.799+0000] {logging_mixin.py:190} INFO - [2026-05-21T15:19:57.798+0000] {dag.py:3239} INFO - Sync 1 DAGs
[2026-05-21T15:19:57.829+0000] {logging_mixin.py:190} INFO - [2026-05-21T15:19:57.829+0000] {dag.py:4180} INFO - Setting next_dagrun for retail_sales_data_engineering_pipeline to 2026-05-21 00:00:00+00:00, run_after=2026-05-22 00:00:00+00:00
[2026-05-21T15:19:57.853+0000] {processor.py:208} INFO - Processing /opt/airflow/dags/retail_sales_pipeline_dag.py took 0.151 seconds
[2026-05-21T15:20:27.985+0000] {processor.py:186} INFO - Started process (PID=1917) to work on /opt/airflow/dags/retail_sales_pipeline_dag.py
[2026-05-21T15:20:27.986+0000] {processor.py:914} INFO - Processing file /opt/airflow/dags/retail_sales_pipeline_dag.py for tasks to queue
[2026-05-21T15:20:27.990+0000] {logging_mixin.py:190} INFO - [2026-05-21T15:20:27.990+0000] {dagbag.py:588} INFO - Filling up the DagBag from /opt/airflow/dags/retail_sales_pipeline_dag.py
[2026-05-21T15:20:28.026+0000] {processor.py:925} INFO - DAG(s) 'retail_sales_data_engineering_pipeline' retrieved from /opt/airflow/dags/retail_sales_pipeline_dag.py
[2026-05-21T15:20:28.072+0000] {logging_mixin.py:190} INFO - [2026-05-21T15:20:28.072+0000] {dag.py:3239} INFO - Sync 1 DAGs
[2026-05-21T15:20:28.104+0000] {logging_mixin.py:190} INFO - [2026-05-21T15:20:28.104+0000] {dag.py:4180} INFO - Setting next_dagrun for retail_sales_data_engineering_pipeline to 2026-05-21 00:00:00+00:00, run_after=2026-05-22 00:00:00+00:00
[2026-05-21T15:20:28.125+0000] {processor.py:208} INFO - Processing /opt/airflow/dags/retail_sales_pipeline_dag.py took 0.148 seconds
[2026-05-21T15:20:58.717+0000] {processor.py:186} INFO - Started process (PID=1922) to work on /opt/airflow/dags/retail_sales_pipeline_dag.py
[2026-05-21T15:20:58.718+0000] {processor.py:914} INFO - Processing file /opt/airflow/dags/retail_sales_pipeline_dag.py for tasks to queue
[2026-05-21T15:20:58.722+0000] {logging_mixin.py:190} INFO - [2026-05-21T15:20:58.721+0000] {dagbag.py:588} INFO - Filling up the DagBag from /opt/airflow/dags/retail_sales_pipeline_dag.py
[2026-05-21T15:20:58.767+0000] {processor.py:925} INFO - DAG(s) 'retail_sales_data_engineering_pipeline' retrieved from /opt/airflow/dags/retail_sales_pipeline_dag.py
[2026-05-21T15:20:58.805+0000] {logging_mixin.py:190} INFO - [2026-05-21T15:20:58.805+0000] {dag.py:3239} INFO - Sync 1 DAGs
[2026-05-21T15:20:58.835+0000] {logging_mixin.py:190} INFO - [2026-05-21T15:20:58.834+0000] {dag.py:4180} INFO - Setting next_dagrun for retail_sales_data_engineering_pipeline to 2026-05-21 00:00:00+00:00, run_after=2026-05-22 00:00:00+00:00
[2026-05-21T15:20:58.862+0000] {processor.py:208} INFO - Processing /opt/airflow/dags/retail_sales_pipeline_dag.py took 0.154 seconds
[2026-05-21T15:21:29.257+0000] {processor.py:186} INFO - Started process (PID=1927) to work on /opt/airflow/dags/retail_sales_pipeline_dag.py
[2026-05-21T15:21:29.259+0000] {processor.py:914} INFO - Processing file /opt/airflow/dags/retail_sales_pipeline_dag.py for tasks to queue
[2026-05-21T15:21:29.262+0000] {logging_mixin.py:190} INFO - [2026-05-21T15:21:29.261+0000] {dagbag.py:588} INFO - Filling up the DagBag from /opt/airflow/dags/retail_sales_pipeline_dag.py
[2026-05-21T15:21:29.307+0000] {processor.py:925} INFO - DAG(s) 'retail_sales_data_engineering_pipeline' retrieved from /opt/airflow/dags/retail_sales_pipeline_dag.py
[2026-05-21T15:21:29.349+0000] {logging_mixin.py:190} INFO - [2026-05-21T15:21:29.349+0000] {dag.py:3239} INFO - Sync 1 DAGs
[2026-05-21T15:21:29.385+0000] {logging_mixin.py:190} INFO - [2026-05-21T15:21:29.385+0000] {dag.py:4180} INFO - Setting next_dagrun for retail_sales_data_engineering_pipeline to 2026-05-21 00:00:00+00:00, run_after=2026-05-22 00:00:00+00:00
[2026-05-21T15:21:29.410+0000] {processor.py:208} INFO - Processing /opt/airflow/dags/retail_sales_pipeline_dag.py took 0.161 seconds
[2026-05-21T15:21:59.977+0000] {processor.py:186} INFO - Started process (PID=1932) to work on /opt/airflow/dags/retail_sales_pipeline_dag.py
[2026-05-21T15:21:59.979+0000] {processor.py:914} INFO - Processing file /opt/airflow/dags/retail_sales_pipeline_dag.py for tasks to queue
[2026-05-21T15:21:59.983+0000] {logging_mixin.py:190} INFO - [2026-05-21T15:21:59.982+0000] {dagbag.py:588} INFO - Filling up the DagBag from /opt/airflow/dags/retail_sales_pipeline_dag.py
[2026-05-21T15:22:00.026+0000] {processor.py:925} INFO - DAG(s) 'retail_sales_data_engineering_pipeline' retrieved from /opt/airflow/dags/retail_sales_pipeline_dag.py
[2026-05-21T15:22:00.073+0000] {logging_mixin.py:190} INFO - [2026-05-21T15:22:00.072+0000] {dag.py:3239} INFO - Sync 1 DAGs
[2026-05-21T15:22:00.112+0000] {logging_mixin.py:190} INFO - [2026-05-21T15:22:00.111+0000] {dag.py:4180} INFO - Setting next_dagrun for retail_sales_data_engineering_pipeline to 2026-05-21 00:00:00+00:00, run_after=2026-05-22 00:00:00+00:00
[2026-05-21T15:22:00.136+0000] {processor.py:208} INFO - Processing /opt/airflow/dags/retail_sales_pipeline_dag.py took 0.169 seconds
[2026-05-21T15:22:30.577+0000] {processor.py:186} INFO - Started process (PID=1937) to work on /opt/airflow/dags/retail_sales_pipeline_dag.py
[2026-05-21T15:22:30.580+0000] {processor.py:914} INFO - Processing file /opt/airflow/dags/retail_sales_pipeline_dag.py for tasks to queue
[2026-05-21T15:22:30.584+0000] {logging_mixin.py:190} INFO - [2026-05-21T15:22:30.583+0000] {dagbag.py:588} INFO - Filling up the DagBag from /opt/airflow/dags/retail_sales_pipeline_dag.py
[2026-05-21T15:22:30.609+0000] {processor.py:925} INFO - DAG(s) 'retail_sales_data_engineering_pipeline' retrieved from /opt/airflow/dags/retail_sales_pipeline_dag.py
[2026-05-21T15:22:30.650+0000] {logging_mixin.py:190} INFO - [2026-05-21T15:22:30.649+0000] {dag.py:3239} INFO - Sync 1 DAGs
[2026-05-21T15:22:30.677+0000] {logging_mixin.py:190} INFO - [2026-05-21T15:22:30.677+0000] {dag.py:4180} INFO - Setting next_dagrun for retail_sales_data_engineering_pipeline to 2026-05-21 00:00:00+00:00, run_after=2026-05-22 00:00:00+00:00
[2026-05-21T15:22:30.702+0000] {processor.py:208} INFO - Processing /opt/airflow/dags/retail_sales_pipeline_dag.py took 0.134 seconds
[2026-05-21T15:23:01.237+0000] {processor.py:186} INFO - Started process (PID=1942) to work on /opt/airflow/dags/retail_sales_pipeline_dag.py
[2026-05-21T15:23:01.239+0000] {processor.py:914} INFO - Processing file /opt/airflow/dags/retail_sales_pipeline_dag.py for tasks to queue
[2026-05-21T15:23:01.245+0000] {logging_mixin.py:190} INFO - [2026-05-21T15:23:01.244+0000] {dagbag.py:588} INFO - Filling up the DagBag from /opt/airflow/dags/retail_sales_pipeline_dag.py
[2026-05-21T15:23:01.282+0000] {processor.py:925} INFO - DAG(s) 'retail_sales_data_engineering_pipeline' retrieved from /opt/airflow/dags/retail_sales_pipeline_dag.py
[2026-05-21T15:23:01.335+0000] {logging_mixin.py:190} INFO - [2026-05-21T15:23:01.335+0000] {dag.py:3239} INFO - Sync 1 DAGs
[2026-05-21T15:23:01.376+0000] {logging_mixin.py:190} INFO - [2026-05-21T15:23:01.376+0000] {dag.py:4180} INFO - Setting next_dagrun for retail_sales_data_engineering_pipeline to 2026-05-21 00:00:00+00:00, run_after=2026-05-22 00:00:00+00:00
[2026-05-21T15:23:01.408+0000] {processor.py:208} INFO - Processing /opt/airflow/dags/retail_sales_pipeline_dag.py took 0.183 seconds
[2026-05-21T15:23:31.515+0000] {processor.py:186} INFO - Started process (PID=1947) to work on /opt/airflow/dags/retail_sales_pipeline_dag.py
[2026-05-21T15:23:31.518+0000] {processor.py:914} INFO - Processing file /opt/airflow/dags/retail_sales_pipeline_dag.py for tasks to queue
[2026-05-21T15:23:31.524+0000] {logging_mixin.py:190} INFO - [2026-05-21T15:23:31.523+0000] {dagbag.py:588} INFO - Filling up the DagBag from /opt/airflow/dags/retail_sales_pipeline_dag.py
[2026-05-21T15:23:31.562+0000] {processor.py:925} INFO - DAG(s) 'retail_sales_data_engineering_pipeline' retrieved from /opt/airflow/dags/retail_sales_pipeline_dag.py
[2026-05-21T15:23:31.621+0000] {logging_mixin.py:190} INFO - [2026-05-21T15:23:31.621+0000] {dag.py:3239} INFO - Sync 1 DAGs
[2026-05-21T15:23:31.665+0000] {logging_mixin.py:190} INFO - [2026-05-21T15:23:31.665+0000] {dag.py:4180} INFO - Setting next_dagrun for retail_sales_data_engineering_pipeline to 2026-05-21 00:00:00+00:00, run_after=2026-05-22 00:00:00+00:00
[2026-05-21T15:23:31.702+0000] {processor.py:208} INFO - Processing /opt/airflow/dags/retail_sales_pipeline_dag.py took 0.200 seconds
[2026-05-21T15:24:02.754+0000] {processor.py:186} INFO - Started process (PID=1952) to work on /opt/airflow/dags/retail_sales_pipeline_dag.py
[2026-05-21T15:24:02.756+0000] {processor.py:914} INFO - Processing file /opt/airflow/dags/retail_sales_pipeline_dag.py for tasks to queue
[2026-05-21T15:24:02.762+0000] {logging_mixin.py:190} INFO - [2026-05-21T15:24:02.762+0000] {dagbag.py:588} INFO - Filling up the DagBag from /opt/airflow/dags/retail_sales_pipeline_dag.py
[2026-05-21T15:24:02.802+0000] {processor.py:925} INFO - DAG(s) 'retail_sales_data_engineering_pipeline' retrieved from /opt/airflow/dags/retail_sales_pipeline_dag.py
[2026-05-21T15:24:02.862+0000] {logging_mixin.py:190} INFO - [2026-05-21T15:24:02.861+0000] {dag.py:3239} INFO - Sync 1 DAGs
[2026-05-21T15:24:02.906+0000] {logging_mixin.py:190} INFO - [2026-05-21T15:24:02.905+0000] {dag.py:4180} INFO - Setting next_dagrun for retail_sales_data_engineering_pipeline to 2026-05-21 00:00:00+00:00, run_after=2026-05-22 00:00:00+00:00
[2026-05-21T15:24:02.960+0000] {processor.py:208} INFO - Processing /opt/airflow/dags/retail_sales_pipeline_dag.py took 0.217 seconds
[2026-05-21T15:24:33.238+0000] {processor.py:186} INFO - Started process (PID=1957) to work on /opt/airflow/dags/retail_sales_pipeline_dag.py
[2026-05-21T15:24:33.240+0000] {processor.py:914} INFO - Processing file /opt/airflow/dags/retail_sales_pipeline_dag.py for tasks to queue
[2026-05-21T15:24:33.244+0000] {logging_mixin.py:190} INFO - [2026-05-21T15:24:33.244+0000] {dagbag.py:588} INFO - Filling up the DagBag from /opt/airflow/dags/retail_sales_pipeline_dag.py
[2026-05-21T15:24:33.281+0000] {processor.py:925} INFO - DAG(s) 'retail_sales_data_engineering_pipeline' retrieved from /opt/airflow/dags/retail_sales_pipeline_dag.py
[2026-05-21T15:24:33.335+0000] {logging_mixin.py:190} INFO - [2026-05-21T15:24:33.335+0000] {dag.py:3239} INFO - Sync 1 DAGs
[2026-05-21T15:24:33.374+0000] {logging_mixin.py:190} INFO - [2026-05-21T15:24:33.373+0000] {dag.py:4180} INFO - Setting next_dagrun for retail_sales_data_engineering_pipeline to 2026-05-21 00:00:00+00:00, run_after=2026-05-22 00:00:00+00:00
[2026-05-21T15:24:33.408+0000] {processor.py:208} INFO - Processing /opt/airflow/dags/retail_sales_pipeline_dag.py took 0.179 seconds
[2026-05-21T15:25:03.775+0000] {processor.py:186} INFO - Started process (PID=1962) to work on /opt/airflow/dags/retail_sales_pipeline_dag.py
[2026-05-21T15:25:03.778+0000] {processor.py:914} INFO - Processing file /opt/airflow/dags/retail_sales_pipeline_dag.py for tasks to queue
[2026-05-21T15:25:03.783+0000] {logging_mixin.py:190} INFO - [2026-05-21T15:25:03.782+0000] {dagbag.py:588} INFO - Filling up the DagBag from /opt/airflow/dags/retail_sales_pipeline_dag.py
[2026-05-21T15:25:03.823+0000] {processor.py:925} INFO - DAG(s) 'retail_sales_data_engineering_pipeline' retrieved from /opt/airflow/dags/retail_sales_pipeline_dag.py
[2026-05-21T15:25:03.872+0000] {logging_mixin.py:190} INFO - [2026-05-21T15:25:03.872+0000] {dag.py:3239} INFO - Sync 1 DAGs
[2026-05-21T15:25:03.909+0000] {logging_mixin.py:190} INFO - [2026-05-21T15:25:03.909+0000] {dag.py:4180} INFO - Setting next_dagrun for retail_sales_data_engineering_pipeline to 2026-05-21 00:00:00+00:00, run_after=2026-05-22 00:00:00+00:00
[2026-05-21T15:25:03.941+0000] {processor.py:208} INFO - Processing /opt/airflow/dags/retail_sales_pipeline_dag.py took 0.180 seconds
[2026-05-21T15:25:34.307+0000] {processor.py:186} INFO - Started process (PID=1967) to work on /opt/airflow/dags/retail_sales_pipeline_dag.py
[2026-05-21T15:25:34.310+0000] {processor.py:914} INFO - Processing file /opt/airflow/dags/retail_sales_pipeline_dag.py for tasks to queue
[2026-05-21T15:25:34.315+0000] {logging_mixin.py:190} INFO - [2026-05-21T15:25:34.314+0000] {dagbag.py:588} INFO - Filling up the DagBag from /opt/airflow/dags/retail_sales_pipeline_dag.py
[2026-05-21T15:25:34.358+0000] {processor.py:925} INFO - DAG(s) 'retail_sales_data_engineering_pipeline' retrieved from /opt/airflow/dags/retail_sales_pipeline_dag.py
[2026-05-21T15:25:34.415+0000] {logging_mixin.py:190} INFO - [2026-05-21T15:25:34.415+0000] {dag.py:3239} INFO - Sync 1 DAGs
[2026-05-21T15:25:34.457+0000] {logging_mixin.py:190} INFO - [2026-05-21T15:25:34.457+0000] {dag.py:4180} INFO - Setting next_dagrun for retail_sales_data_engineering_pipeline to 2026-05-21 00:00:00+00:00, run_after=2026-05-22 00:00:00+00:00
[2026-05-21T15:25:34.491+0000] {processor.py:208} INFO - Processing /opt/airflow/dags/retail_sales_pipeline_dag.py took 0.195 seconds
[2026-05-21T15:26:05.293+0000] {processor.py:186} INFO - Started process (PID=1972) to work on /opt/airflow/dags/retail_sales_pipeline_dag.py
[2026-05-21T15:26:05.295+0000] {processor.py:914} INFO - Processing file /opt/airflow/dags/retail_sales_pipeline_dag.py for tasks to queue
[2026-05-21T15:26:05.300+0000] {logging_mixin.py:190} INFO - [2026-05-21T15:26:05.299+0000] {dagbag.py:588} INFO - Filling up the DagBag from /opt/airflow/dags/retail_sales_pipeline_dag.py
[2026-05-21T15:26:05.342+0000] {processor.py:925} INFO - DAG(s) 'retail_sales_data_engineering_pipeline' retrieved from /opt/airflow/dags/retail_sales_pipeline_dag.py
[2026-05-21T15:26:05.399+0000] {logging_mixin.py:190} INFO - [2026-05-21T15:26:05.399+0000] {dag.py:3239} INFO - Sync 1 DAGs
[2026-05-21T15:26:05.440+0000] {logging_mixin.py:190} INFO - [2026-05-21T15:26:05.440+0000] {dag.py:4180} INFO - Setting next_dagrun for retail_sales_data_engineering_pipeline to 2026-05-21 00:00:00+00:00, run_after=2026-05-22 00:00:00+00:00
[2026-05-21T15:26:05.474+0000] {processor.py:208} INFO - Processing /opt/airflow/dags/retail_sales_pipeline_dag.py took 0.191 seconds
[2026-05-21T15:26:36.344+0000] {processor.py:186} INFO - Started process (PID=1977) to work on /opt/airflow/dags/retail_sales_pipeline_dag.py
[2026-05-21T15:26:36.346+0000] {processor.py:914} INFO - Processing file /opt/airflow/dags/retail_sales_pipeline_dag.py for tasks to queue
[2026-05-21T15:26:36.351+0000] {logging_mixin.py:190} INFO - [2026-05-21T15:26:36.351+0000] {dagbag.py:588} INFO - Filling up the DagBag from /opt/airflow/dags/retail_sales_pipeline_dag.py
[2026-05-21T15:26:36.395+0000] {processor.py:925} INFO - DAG(s) 'retail_sales_data_engineering_pipeline' retrieved from /opt/airflow/dags/retail_sales_pipeline_dag.py
[2026-05-21T15:26:36.456+0000] {logging_mixin.py:190} INFO - [2026-05-21T15:26:36.456+0000] {dag.py:3239} INFO - Sync 1 DAGs
[2026-05-21T15:26:36.527+0000] {logging_mixin.py:190} INFO - [2026-05-21T15:26:36.526+0000] {dag.py:4180} INFO - Setting next_dagrun for retail_sales_data_engineering_pipeline to 2026-05-21 00:00:00+00:00, run_after=2026-05-22 00:00:00+00:00
[2026-05-21T15:26:36.563+0000] {processor.py:208} INFO - Processing /opt/airflow/dags/retail_sales_pipeline_dag.py took 0.229 seconds
[2026-05-21T15:27:07.359+0000] {processor.py:186} INFO - Started process (PID=1982) to work on /opt/airflow/dags/retail_sales_pipeline_dag.py
[2026-05-21T15:27:07.361+0000] {processor.py:914} INFO - Processing file /opt/airflow/dags/retail_sales_pipeline_dag.py for tasks to queue
[2026-05-21T15:27:07.366+0000] {logging_mixin.py:190} INFO - [2026-05-21T15:27:07.366+0000] {dagbag.py:588} INFO - Filling up the DagBag from /opt/airflow/dags/retail_sales_pipeline_dag.py
[2026-05-21T15:27:07.403+0000] {processor.py:925} INFO - DAG(s) 'retail_sales_data_engineering_pipeline' retrieved from /opt/airflow/dags/retail_sales_pipeline_dag.py
[2026-05-21T15:27:07.458+0000] {logging_mixin.py:190} INFO - [2026-05-21T15:27:07.457+0000] {dag.py:3239} INFO - Sync 1 DAGs
[2026-05-21T15:27:07.496+0000] {logging_mixin.py:190} INFO - [2026-05-21T15:27:07.496+0000] {dag.py:4180} INFO - Setting next_dagrun for retail_sales_data_engineering_pipeline to 2026-05-21 00:00:00+00:00, run_after=2026-05-22 00:00:00+00:00
[2026-05-21T15:27:07.526+0000] {processor.py:208} INFO - Processing /opt/airflow/dags/retail_sales_pipeline_dag.py took 0.177 seconds
[2026-05-21T15:27:38.367+0000] {processor.py:186} INFO - Started process (PID=1987) to work on /opt/airflow/dags/retail_sales_pipeline_dag.py
[2026-05-21T15:27:38.370+0000] {processor.py:914} INFO - Processing file /opt/airflow/dags/retail_sales_pipeline_dag.py for tasks to queue
[2026-05-21T15:27:38.374+0000] {logging_mixin.py:190} INFO - [2026-05-21T15:27:38.374+0000] {dagbag.py:588} INFO - Filling up the DagBag from /opt/airflow/dags/retail_sales_pipeline_dag.py
[2026-05-21T15:27:38.421+0000] {processor.py:925} INFO - DAG(s) 'retail_sales_data_engineering_pipeline' retrieved from /opt/airflow/dags/retail_sales_pipeline_dag.py
[2026-05-21T15:27:38.485+0000] {logging_mixin.py:190} INFO - [2026-05-21T15:27:38.484+0000] {dag.py:3239} INFO - Sync 1 DAGs
[2026-05-21T15:27:38.530+0000] {logging_mixin.py:190} INFO - [2026-05-21T15:27:38.530+0000] {dag.py:4180} INFO - Setting next_dagrun for retail_sales_data_engineering_pipeline to 2026-05-21 00:00:00+00:00, run_after=2026-05-22 00:00:00+00:00
[2026-05-21T15:27:38.571+0000] {processor.py:208} INFO - Processing /opt/airflow/dags/retail_sales_pipeline_dag.py took 0.215 seconds
[2026-05-21T15:28:09.103+0000] {processor.py:186} INFO - Started process (PID=1992) to work on /opt/airflow/dags/retail_sales_pipeline_dag.py
[2026-05-21T15:28:09.106+0000] {processor.py:914} INFO - Processing file /opt/airflow/dags/retail_sales_pipeline_dag.py for tasks to queue
[2026-05-21T15:28:09.114+0000] {logging_mixin.py:190} INFO - [2026-05-21T15:28:09.113+0000] {dagbag.py:588} INFO - Filling up the DagBag from /opt/airflow/dags/retail_sales_pipeline_dag.py
[2026-05-21T15:28:09.160+0000] {processor.py:925} INFO - DAG(s) 'retail_sales_data_engineering_pipeline' retrieved from /opt/airflow/dags/retail_sales_pipeline_dag.py
[2026-05-21T15:28:09.221+0000] {logging_mixin.py:190} INFO - [2026-05-21T15:28:09.221+0000] {dag.py:3239} INFO - Sync 1 DAGs
[2026-05-21T15:28:09.265+0000] {logging_mixin.py:190} INFO - [2026-05-21T15:28:09.264+0000] {dag.py:4180} INFO - Setting next_dagrun for retail_sales_data_engineering_pipeline to 2026-05-21 00:00:00+00:00, run_after=2026-05-22 00:00:00+00:00
[2026-05-21T15:28:09.300+0000] {processor.py:208} INFO - Processing /opt/airflow/dags/retail_sales_pipeline_dag.py took 0.212 seconds
[2026-05-21T15:28:39.721+0000] {processor.py:186} INFO - Started process (PID=1997) to work on /opt/airflow/dags/retail_sales_pipeline_dag.py
[2026-05-21T15:28:39.723+0000] {processor.py:914} INFO - Processing file /opt/airflow/dags/retail_sales_pipeline_dag.py for tasks to queue
[2026-05-21T15:28:39.728+0000] {logging_mixin.py:190} INFO - [2026-05-21T15:28:39.728+0000] {dagbag.py:588} INFO - Filling up the DagBag from /opt/airflow/dags/retail_sales_pipeline_dag.py
[2026-05-21T15:28:39.769+0000] {processor.py:925} INFO - DAG(s) 'retail_sales_data_engineering_pipeline' retrieved from /opt/airflow/dags/retail_sales_pipeline_dag.py
[2026-05-21T15:28:39.827+0000] {logging_mixin.py:190} INFO - [2026-05-21T15:28:39.827+0000] {dag.py:3239} INFO - Sync 1 DAGs
[2026-05-21T15:28:39.878+0000] {logging_mixin.py:190} INFO - [2026-05-21T15:28:39.877+0000] {dag.py:4180} INFO - Setting next_dagrun for retail_sales_data_engineering_pipeline to 2026-05-21 00:00:00+00:00, run_after=2026-05-22 00:00:00+00:00
[2026-05-21T15:28:39.914+0000] {processor.py:208} INFO - Processing /opt/airflow/dags/retail_sales_pipeline_dag.py took 0.202 seconds
[2026-05-21T15:29:10.554+0000] {processor.py:186} INFO - Started process (PID=2002) to work on /opt/airflow/dags/retail_sales_pipeline_dag.py
[2026-05-21T15:29:10.557+0000] {processor.py:914} INFO - Processing file /opt/airflow/dags/retail_sales_pipeline_dag.py for tasks to queue
[2026-05-21T15:29:10.563+0000] {logging_mixin.py:190} INFO - [2026-05-21T15:29:10.563+0000] {dagbag.py:588} INFO - Filling up the DagBag from /opt/airflow/dags/retail_sales_pipeline_dag.py
[2026-05-21T15:29:10.612+0000] {processor.py:925} INFO - DAG(s) 'retail_sales_data_engineering_pipeline' retrieved from /opt/airflow/dags/retail_sales_pipeline_dag.py
[2026-05-21T15:29:10.675+0000] {logging_mixin.py:190} INFO - [2026-05-21T15:29:10.675+0000] {dag.py:3239} INFO - Sync 1 DAGs
[2026-05-21T15:29:10.720+0000] {logging_mixin.py:190} INFO - [2026-05-21T15:29:10.719+0000] {dag.py:4180} INFO - Setting next_dagrun for retail_sales_data_engineering_pipeline to 2026-05-21 00:00:00+00:00, run_after=2026-05-22 00:00:00+00:00
[2026-05-21T15:29:10.750+0000] {processor.py:208} INFO - Processing /opt/airflow/dags/retail_sales_pipeline_dag.py took 0.216 seconds
[2026-05-21T15:29:40.947+0000] {processor.py:186} INFO - Started process (PID=2007) to work on /opt/airflow/dags/retail_sales_pipeline_dag.py
[2026-05-21T15:29:40.950+0000] {processor.py:914} INFO - Processing file /opt/airflow/dags/retail_sales_pipeline_dag.py for tasks to queue
[2026-05-21T15:29:40.954+0000] {logging_mixin.py:190} INFO - [2026-05-21T15:29:40.953+0000] {dagbag.py:588} INFO - Filling up the DagBag from /opt/airflow/dags/retail_sales_pipeline_dag.py
[2026-05-21T15:29:41.004+0000] {processor.py:925} INFO - DAG(s) 'retail_sales_data_engineering_pipeline' retrieved from /opt/airflow/dags/retail_sales_pipeline_dag.py
[2026-05-21T15:29:41.072+0000] {logging_mixin.py:190} INFO - [2026-05-21T15:29:41.072+0000] {dag.py:3239} INFO - Sync 1 DAGs
[2026-05-21T15:29:41.120+0000] {logging_mixin.py:190} INFO - [2026-05-21T15:29:41.120+0000] {dag.py:4180} INFO - Setting next_dagrun for retail_sales_data_engineering_pipeline to 2026-05-21 00:00:00+00:00, run_after=2026-05-22 00:00:00+00:00
[2026-05-21T15:29:41.154+0000] {processor.py:208} INFO - Processing /opt/airflow/dags/retail_sales_pipeline_dag.py took 0.217 seconds
[2026-05-21T15:30:12.032+0000] {processor.py:186} INFO - Started process (PID=2012) to work on /opt/airflow/dags/retail_sales_pipeline_dag.py
[2026-05-21T15:30:12.035+0000] {processor.py:914} INFO - Processing file /opt/airflow/dags/retail_sales_pipeline_dag.py for tasks to queue
[2026-05-21T15:30:12.040+0000] {logging_mixin.py:190} INFO - [2026-05-21T15:30:12.040+0000] {dagbag.py:588} INFO - Filling up the DagBag from /opt/airflow/dags/retail_sales_pipeline_dag.py
[2026-05-21T15:30:12.078+0000] {processor.py:925} INFO - DAG(s) 'retail_sales_data_engineering_pipeline' retrieved from /opt/airflow/dags/retail_sales_pipeline_dag.py
[2026-05-21T15:30:12.131+0000] {logging_mixin.py:190} INFO - [2026-05-21T15:30:12.130+0000] {dag.py:3239} INFO - Sync 1 DAGs
[2026-05-21T15:30:12.168+0000] {logging_mixin.py:190} INFO - [2026-05-21T15:30:12.168+0000] {dag.py:4180} INFO - Setting next_dagrun for retail_sales_data_engineering_pipeline to 2026-05-21 00:00:00+00:00, run_after=2026-05-22 00:00:00+00:00
[2026-05-21T15:30:12.199+0000] {processor.py:208} INFO - Processing /opt/airflow/dags/retail_sales_pipeline_dag.py took 0.179 seconds
[2026-05-21T15:30:43.103+0000] {processor.py:186} INFO - Started process (PID=2017) to work on /opt/airflow/dags/retail_sales_pipeline_dag.py
[2026-05-21T15:30:43.106+0000] {processor.py:914} INFO - Processing file /opt/airflow/dags/retail_sales_pipeline_dag.py for tasks to queue
[2026-05-21T15:30:43.111+0000] {logging_mixin.py:190} INFO - [2026-05-21T15:30:43.110+0000] {dagbag.py:588} INFO - Filling up the DagBag from /opt/airflow/dags/retail_sales_pipeline_dag.py
[2026-05-21T15:30:43.160+0000] {processor.py:925} INFO - DAG(s) 'retail_sales_data_engineering_pipeline' retrieved from /opt/airflow/dags/retail_sales_pipeline_dag.py
[2026-05-21T15:30:43.223+0000] {logging_mixin.py:190} INFO - [2026-05-21T15:30:43.222+0000] {dag.py:3239} INFO - Sync 1 DAGs
[2026-05-21T15:30:43.262+0000] {logging_mixin.py:190} INFO - [2026-05-21T15:30:43.262+0000] {dag.py:4180} INFO - Setting next_dagrun for retail_sales_data_engineering_pipeline to 2026-05-21 00:00:00+00:00, run_after=2026-05-22 00:00:00+00:00
[2026-05-21T15:30:43.295+0000] {processor.py:208} INFO - Processing /opt/airflow/dags/retail_sales_pipeline_dag.py took 0.204 seconds
[2026-05-21T15:31:13.779+0000] {processor.py:186} INFO - Started process (PID=2022) to work on /opt/airflow/dags/retail_sales_pipeline_dag.py
[2026-05-21T15:31:13.781+0000] {processor.py:914} INFO - Processing file /opt/airflow/dags/retail_sales_pipeline_dag.py for tasks to queue
[2026-05-21T15:31:13.787+0000] {logging_mixin.py:190} INFO - [2026-05-21T15:31:13.786+0000] {dagbag.py:588} INFO - Filling up the DagBag from /opt/airflow/dags/retail_sales_pipeline_dag.py
[2026-05-21T15:31:13.826+0000] {processor.py:925} INFO - DAG(s) 'retail_sales_data_engineering_pipeline' retrieved from /opt/airflow/dags/retail_sales_pipeline_dag.py
[2026-05-21T15:31:13.881+0000] {logging_mixin.py:190} INFO - [2026-05-21T15:31:13.881+0000] {dag.py:3239} INFO - Sync 1 DAGs
[2026-05-21T15:31:13.923+0000] {logging_mixin.py:190} INFO - [2026-05-21T15:31:13.923+0000] {dag.py:4180} INFO - Setting next_dagrun for retail_sales_data_engineering_pipeline to 2026-05-21 00:00:00+00:00, run_after=2026-05-22 00:00:00+00:00
[2026-05-21T15:31:13.956+0000] {processor.py:208} INFO - Processing /opt/airflow/dags/retail_sales_pipeline_dag.py took 0.188 seconds
[2026-05-21T15:31:44.494+0000] {processor.py:186} INFO - Started process (PID=2027) to work on /opt/airflow/dags/retail_sales_pipeline_dag.py
[2026-05-21T15:31:44.496+0000] {processor.py:914} INFO - Processing file /opt/airflow/dags/retail_sales_pipeline_dag.py for tasks to queue
[2026-05-21T15:31:44.503+0000] {logging_mixin.py:190} INFO - [2026-05-21T15:31:44.502+0000] {dagbag.py:588} INFO - Filling up the DagBag from /opt/airflow/dags/retail_sales_pipeline_dag.py
[2026-05-21T15:31:44.541+0000] {processor.py:925} INFO - DAG(s) 'retail_sales_data_engineering_pipeline' retrieved from /opt/airflow/dags/retail_sales_pipeline_dag.py
[2026-05-21T15:31:44.598+0000] {logging_mixin.py:190} INFO - [2026-05-21T15:31:44.598+0000] {dag.py:3239} INFO - Sync 1 DAGs
[2026-05-21T15:31:44.643+0000] {logging_mixin.py:190} INFO - [2026-05-21T15:31:44.643+0000] {dag.py:4180} INFO - Setting next_dagrun for retail_sales_data_engineering_pipeline to 2026-05-21 00:00:00+00:00, run_after=2026-05-22 00:00:00+00:00
[2026-05-21T15:31:44.678+0000] {processor.py:208} INFO - Processing /opt/airflow/dags/retail_sales_pipeline_dag.py took 0.197 seconds
[2026-05-21T15:32:15.101+0000] {processor.py:186} INFO - Started process (PID=2032) to work on /opt/airflow/dags/retail_sales_pipeline_dag.py
[2026-05-21T15:32:15.104+0000] {processor.py:914} INFO - Processing file /opt/airflow/dags/retail_sales_pipeline_dag.py for tasks to queue
[2026-05-21T15:32:15.109+0000] {logging_mixin.py:190} INFO - [2026-05-21T15:32:15.109+0000] {dagbag.py:588} INFO - Filling up the DagBag from /opt/airflow/dags/retail_sales_pipeline_dag.py
[2026-05-21T15:32:15.154+0000] {processor.py:925} INFO - DAG(s) 'retail_sales_data_engineering_pipeline' retrieved from /opt/airflow/dags/retail_sales_pipeline_dag.py
[2026-05-21T15:32:15.225+0000] {logging_mixin.py:190} INFO - [2026-05-21T15:32:15.224+0000] {dag.py:3239} INFO - Sync 1 DAGs
[2026-05-21T15:32:15.271+0000] {logging_mixin.py:190} INFO - [2026-05-21T15:32:15.270+0000] {dag.py:4180} INFO - Setting next_dagrun for retail_sales_data_engineering_pipeline to 2026-05-21 00:00:00+00:00, run_after=2026-05-22 00:00:00+00:00
[2026-05-21T15:32:15.307+0000] {processor.py:208} INFO - Processing /opt/airflow/dags/retail_sales_pipeline_dag.py took 0.221 seconds
[2026-05-21T15:32:45.740+0000] {processor.py:186} INFO - Started process (PID=2037) to work on /opt/airflow/dags/retail_sales_pipeline_dag.py
[2026-05-21T15:32:45.742+0000] {processor.py:914} INFO - Processing file /opt/airflow/dags/retail_sales_pipeline_dag.py for tasks to queue
[2026-05-21T15:32:45.746+0000] {logging_mixin.py:190} INFO - [2026-05-21T15:32:45.746+0000] {dagbag.py:588} INFO - Filling up the DagBag from /opt/airflow/dags/retail_sales_pipeline_dag.py
[2026-05-21T15:32:45.797+0000] {processor.py:925} INFO - DAG(s) 'retail_sales_data_engineering_pipeline' retrieved from /opt/airflow/dags/retail_sales_pipeline_dag.py
[2026-05-21T15:32:45.854+0000] {logging_mixin.py:190} INFO - [2026-05-21T15:32:45.854+0000] {dag.py:3239} INFO - Sync 1 DAGs
[2026-05-21T15:32:45.893+0000] {logging_mixin.py:190} INFO - [2026-05-21T15:32:45.893+0000] {dag.py:4180} INFO - Setting next_dagrun for retail_sales_data_engineering_pipeline to 2026-05-21 00:00:00+00:00, run_after=2026-05-22 00:00:00+00:00
[2026-05-21T15:32:45.924+0000] {processor.py:208} INFO - Processing /opt/airflow/dags/retail_sales_pipeline_dag.py took 0.196 seconds
[2026-05-21T15:33:16.503+0000] {processor.py:186} INFO - Started process (PID=2042) to work on /opt/airflow/dags/retail_sales_pipeline_dag.py
[2026-05-21T15:33:16.506+0000] {processor.py:914} INFO - Processing file /opt/airflow/dags/retail_sales_pipeline_dag.py for tasks to queue
[2026-05-21T15:33:16.511+0000] {logging_mixin.py:190} INFO - [2026-05-21T15:33:16.510+0000] {dagbag.py:588} INFO - Filling up the DagBag from /opt/airflow/dags/retail_sales_pipeline_dag.py
[2026-05-21T15:33:16.556+0000] {processor.py:925} INFO - DAG(s) 'retail_sales_data_engineering_pipeline' retrieved from /opt/airflow/dags/retail_sales_pipeline_dag.py
[2026-05-21T15:33:16.622+0000] {logging_mixin.py:190} INFO - [2026-05-21T15:33:16.622+0000] {dag.py:3239} INFO - Sync 1 DAGs
[2026-05-21T15:33:16.674+0000] {logging_mixin.py:190} INFO - [2026-05-21T15:33:16.674+0000] {dag.py:4180} INFO - Setting next_dagrun for retail_sales_data_engineering_pipeline to 2026-05-21 00:00:00+00:00, run_after=2026-05-22 00:00:00+00:00
[2026-05-21T15:33:16.708+0000] {processor.py:208} INFO - Processing /opt/airflow/dags/retail_sales_pipeline_dag.py took 0.217 seconds
[2026-05-21T15:33:47.247+0000] {processor.py:186} INFO - Started process (PID=2047) to work on /opt/airflow/dags/retail_sales_pipeline_dag.py
[2026-05-21T15:33:47.250+0000] {processor.py:914} INFO - Processing file /opt/airflow/dags/retail_sales_pipeline_dag.py for tasks to queue
[2026-05-21T15:33:47.256+0000] {logging_mixin.py:190} INFO - [2026-05-21T15:33:47.255+0000] {dagbag.py:588} INFO - Filling up the DagBag from /opt/airflow/dags/retail_sales_pipeline_dag.py
[2026-05-21T15:33:47.307+0000] {processor.py:925} INFO - DAG(s) 'retail_sales_data_engineering_pipeline' retrieved from /opt/airflow/dags/retail_sales_pipeline_dag.py
[2026-05-21T15:33:47.403+0000] {logging_mixin.py:190} INFO - [2026-05-21T15:33:47.402+0000] {dag.py:3239} INFO - Sync 1 DAGs
[2026-05-21T15:33:47.459+0000] {logging_mixin.py:190} INFO - [2026-05-21T15:33:47.459+0000] {dag.py:4180} INFO - Setting next_dagrun for retail_sales_data_engineering_pipeline to 2026-05-21 00:00:00+00:00, run_after=2026-05-22 00:00:00+00:00
[2026-05-21T15:33:47.495+0000] {processor.py:208} INFO - Processing /opt/airflow/dags/retail_sales_pipeline_dag.py took 0.260 seconds
[2026-05-21T15:34:17.843+0000] {processor.py:186} INFO - Started process (PID=2052) to work on /opt/airflow/dags/retail_sales_pipeline_dag.py
[2026-05-21T15:34:17.845+0000] {processor.py:914} INFO - Processing file /opt/airflow/dags/retail_sales_pipeline_dag.py for tasks to queue
[2026-05-21T15:34:17.850+0000] {logging_mixin.py:190} INFO - [2026-05-21T15:34:17.850+0000] {dagbag.py:588} INFO - Filling up the DagBag from /opt/airflow/dags/retail_sales_pipeline_dag.py
[2026-05-21T15:34:17.891+0000] {processor.py:925} INFO - DAG(s) 'retail_sales_data_engineering_pipeline' retrieved from /opt/airflow/dags/retail_sales_pipeline_dag.py
[2026-05-21T15:34:17.952+0000] {logging_mixin.py:190} INFO - [2026-05-21T15:34:17.951+0000] {dag.py:3239} INFO - Sync 1 DAGs
[2026-05-21T15:34:17.992+0000] {logging_mixin.py:190} INFO - [2026-05-21T15:34:17.992+0000] {dag.py:4180} INFO - Setting next_dagrun for retail_sales_data_engineering_pipeline to 2026-05-21 00:00:00+00:00, run_after=2026-05-22 00:00:00+00:00
[2026-05-21T15:34:18.024+0000] {processor.py:208} INFO - Processing /opt/airflow/dags/retail_sales_pipeline_dag.py took 0.195 seconds
[2026-05-21T15:34:48.795+0000] {processor.py:186} INFO - Started process (PID=2057) to work on /opt/airflow/dags/retail_sales_pipeline_dag.py
[2026-05-21T15:34:48.798+0000] {processor.py:914} INFO - Processing file /opt/airflow/dags/retail_sales_pipeline_dag.py for tasks to queue
[2026-05-21T15:34:48.804+0000] {logging_mixin.py:190} INFO - [2026-05-21T15:34:48.802+0000] {dagbag.py:588} INFO - Filling up the DagBag from /opt/airflow/dags/retail_sales_pipeline_dag.py
[2026-05-21T15:34:48.843+0000] {processor.py:925} INFO - DAG(s) 'retail_sales_data_engineering_pipeline' retrieved from /opt/airflow/dags/retail_sales_pipeline_dag.py
[2026-05-21T15:34:48.897+0000] {logging_mixin.py:190} INFO - [2026-05-21T15:34:48.896+0000] {dag.py:3239} INFO - Sync 1 DAGs
[2026-05-21T15:34:48.938+0000] {logging_mixin.py:190} INFO - [2026-05-21T15:34:48.937+0000] {dag.py:4180} INFO - Setting next_dagrun for retail_sales_data_engineering_pipeline to 2026-05-21 00:00:00+00:00, run_after=2026-05-22 00:00:00+00:00
[2026-05-21T15:34:48.971+0000] {processor.py:208} INFO - Processing /opt/airflow/dags/retail_sales_pipeline_dag.py took 0.190 seconds
[2026-05-21T15:35:19.431+0000] {processor.py:186} INFO - Started process (PID=2062) to work on /opt/airflow/dags/retail_sales_pipeline_dag.py
[2026-05-21T15:35:19.434+0000] {processor.py:914} INFO - Processing file /opt/airflow/dags/retail_sales_pipeline_dag.py for tasks to queue
[2026-05-21T15:35:19.440+0000] {logging_mixin.py:190} INFO - [2026-05-21T15:35:19.440+0000] {dagbag.py:588} INFO - Filling up the DagBag from /opt/airflow/dags/retail_sales_pipeline_dag.py
[2026-05-21T15:35:19.480+0000] {processor.py:925} INFO - DAG(s) 'retail_sales_data_engineering_pipeline' retrieved from /opt/airflow/dags/retail_sales_pipeline_dag.py
[2026-05-21T15:35:19.540+0000] {logging_mixin.py:190} INFO - [2026-05-21T15:35:19.540+0000] {dag.py:3239} INFO - Sync 1 DAGs
[2026-05-21T15:35:19.584+0000] {logging_mixin.py:190} INFO - [2026-05-21T15:35:19.584+0000] {dag.py:4180} INFO - Setting next_dagrun for retail_sales_data_engineering_pipeline to 2026-05-21 00:00:00+00:00, run_after=2026-05-22 00:00:00+00:00
[2026-05-21T15:35:19.622+0000] {processor.py:208} INFO - Processing /opt/airflow/dags/retail_sales_pipeline_dag.py took 0.206 seconds
[2026-05-21T15:35:50.252+0000] {processor.py:186} INFO - Started process (PID=2067) to work on /opt/airflow/dags/retail_sales_pipeline_dag.py
[2026-05-21T15:35:50.255+0000] {processor.py:914} INFO - Processing file /opt/airflow/dags/retail_sales_pipeline_dag.py for tasks to queue
[2026-05-21T15:35:50.261+0000] {logging_mixin.py:190} INFO - [2026-05-21T15:35:50.260+0000] {dagbag.py:588} INFO - Filling up the DagBag from /opt/airflow/dags/retail_sales_pipeline_dag.py
[2026-05-21T15:35:50.308+0000] {processor.py:925} INFO - DAG(s) 'retail_sales_data_engineering_pipeline' retrieved from /opt/airflow/dags/retail_sales_pipeline_dag.py
[2026-05-21T15:35:50.373+0000] {logging_mixin.py:190} INFO - [2026-05-21T15:35:50.373+0000] {dag.py:3239} INFO - Sync 1 DAGs
[2026-05-21T15:35:50.416+0000] {logging_mixin.py:190} INFO - [2026-05-21T15:35:50.415+0000] {dag.py:4180} INFO - Setting next_dagrun for retail_sales_data_engineering_pipeline to 2026-05-21 00:00:00+00:00, run_after=2026-05-22 00:00:00+00:00
[2026-05-21T15:35:50.449+0000] {processor.py:208} INFO - Processing /opt/airflow/dags/retail_sales_pipeline_dag.py took 0.210 seconds
[2026-05-21T15:36:20.698+0000] {processor.py:186} INFO - Started process (PID=2072) to work on /opt/airflow/dags/retail_sales_pipeline_dag.py
[2026-05-21T15:36:20.701+0000] {processor.py:914} INFO - Processing file /opt/airflow/dags/retail_sales_pipeline_dag.py for tasks to queue
[2026-05-21T15:36:20.706+0000] {logging_mixin.py:190} INFO - [2026-05-21T15:36:20.705+0000] {dagbag.py:588} INFO - Filling up the DagBag from /opt/airflow/dags/retail_sales_pipeline_dag.py
[2026-05-21T15:36:20.758+0000] {processor.py:925} INFO - DAG(s) 'retail_sales_data_engineering_pipeline' retrieved from /opt/airflow/dags/retail_sales_pipeline_dag.py
[2026-05-21T15:36:20.820+0000] {logging_mixin.py:190} INFO - [2026-05-21T15:36:20.819+0000] {dag.py:3239} INFO - Sync 1 DAGs
[2026-05-21T15:36:20.871+0000] {logging_mixin.py:190} INFO - [2026-05-21T15:36:20.871+0000] {dag.py:4180} INFO - Setting next_dagrun for retail_sales_data_engineering_pipeline to 2026-05-21 00:00:00+00:00, run_after=2026-05-22 00:00:00+00:00
[2026-05-21T15:36:20.905+0000] {processor.py:208} INFO - Processing /opt/airflow/dags/retail_sales_pipeline_dag.py took 0.223 seconds
[2026-05-21T15:36:51.732+0000] {processor.py:186} INFO - Started process (PID=2077) to work on /opt/airflow/dags/retail_sales_pipeline_dag.py
[2026-05-21T15:36:51.735+0000] {processor.py:914} INFO - Processing file /opt/airflow/dags/retail_sales_pipeline_dag.py for tasks to queue
[2026-05-21T15:36:51.740+0000] {logging_mixin.py:190} INFO - [2026-05-21T15:36:51.740+0000] {dagbag.py:588} INFO - Filling up the DagBag from /opt/airflow/dags/retail_sales_pipeline_dag.py
[2026-05-21T15:36:51.787+0000] {processor.py:925} INFO - DAG(s) 'retail_sales_data_engineering_pipeline' retrieved from /opt/airflow/dags/retail_sales_pipeline_dag.py
[2026-05-21T15:36:51.848+0000] {logging_mixin.py:190} INFO - [2026-05-21T15:36:51.848+0000] {dag.py:3239} INFO - Sync 1 DAGs
[2026-05-21T15:36:51.895+0000] {logging_mixin.py:190} INFO - [2026-05-21T15:36:51.895+0000] {dag.py:4180} INFO - Setting next_dagrun for retail_sales_data_engineering_pipeline to 2026-05-21 00:00:00+00:00, run_after=2026-05-22 00:00:00+00:00
[2026-05-21T15:36:51.933+0000] {processor.py:208} INFO - Processing /opt/airflow/dags/retail_sales_pipeline_dag.py took 0.213 seconds
[2026-05-21T15:37:22.305+0000] {processor.py:186} INFO - Started process (PID=2082) to work on /opt/airflow/dags/retail_sales_pipeline_dag.py
[2026-05-21T15:37:22.308+0000] {processor.py:914} INFO - Processing file /opt/airflow/dags/retail_sales_pipeline_dag.py for tasks to queue
[2026-05-21T15:37:22.313+0000] {logging_mixin.py:190} INFO - [2026-05-21T15:37:22.313+0000] {dagbag.py:588} INFO - Filling up the DagBag from /opt/airflow/dags/retail_sales_pipeline_dag.py
[2026-05-21T15:37:22.353+0000] {processor.py:925} INFO - DAG(s) 'retail_sales_data_engineering_pipeline' retrieved from /opt/airflow/dags/retail_sales_pipeline_dag.py
[2026-05-21T15:37:22.408+0000] {logging_mixin.py:190} INFO - [2026-05-21T15:37:22.407+0000] {dag.py:3239} INFO - Sync 1 DAGs
[2026-05-21T15:37:22.449+0000] {logging_mixin.py:190} INFO - [2026-05-21T15:37:22.448+0000] {dag.py:4180} INFO - Setting next_dagrun for retail_sales_data_engineering_pipeline to 2026-05-21 00:00:00+00:00, run_after=2026-05-22 00:00:00+00:00
[2026-05-21T15:37:22.481+0000] {processor.py:208} INFO - Processing /opt/airflow/dags/retail_sales_pipeline_dag.py took 0.190 seconds
[2026-05-21T15:37:53.003+0000] {processor.py:186} INFO - Started process (PID=2087) to work on /opt/airflow/dags/retail_sales_pipeline_dag.py
[2026-05-21T15:37:53.005+0000] {processor.py:914} INFO - Processing file /opt/airflow/dags/retail_sales_pipeline_dag.py for tasks to queue
[2026-05-21T15:37:53.008+0000] {logging_mixin.py:190} INFO - [2026-05-21T15:37:53.008+0000] {dagbag.py:588} INFO - Filling up the DagBag from /opt/airflow/dags/retail_sales_pipeline_dag.py
[2026-05-21T15:37:53.047+0000] {processor.py:925} INFO - DAG(s) 'retail_sales_data_engineering_pipeline' retrieved from /opt/airflow/dags/retail_sales_pipeline_dag.py
[2026-05-21T15:37:53.109+0000] {logging_mixin.py:190} INFO - [2026-05-21T15:37:53.109+0000] {dag.py:3239} INFO - Sync 1 DAGs
[2026-05-21T15:37:53.148+0000] {logging_mixin.py:190} INFO - [2026-05-21T15:37:53.148+0000] {dag.py:4180} INFO - Setting next_dagrun for retail_sales_data_engineering_pipeline to 2026-05-21 00:00:00+00:00, run_after=2026-05-22 00:00:00+00:00
[2026-05-21T15:37:53.181+0000] {processor.py:208} INFO - Processing /opt/airflow/dags/retail_sales_pipeline_dag.py took 0.187 seconds
[2026-05-21T15:38:23.548+0000] {processor.py:186} INFO - Started process (PID=2092) to work on /opt/airflow/dags/retail_sales_pipeline_dag.py
[2026-05-21T15:38:23.551+0000] {processor.py:914} INFO - Processing file /opt/airflow/dags/retail_sales_pipeline_dag.py for tasks to queue
[2026-05-21T15:38:23.558+0000] {logging_mixin.py:190} INFO - [2026-05-21T15:38:23.557+0000] {dagbag.py:588} INFO - Filling up the DagBag from /opt/airflow/dags/retail_sales_pipeline_dag.py
[2026-05-21T15:38:23.599+0000] {processor.py:925} INFO - DAG(s) 'retail_sales_data_engineering_pipeline' retrieved from /opt/airflow/dags/retail_sales_pipeline_dag.py
[2026-05-21T15:38:23.660+0000] {logging_mixin.py:190} INFO - [2026-05-21T15:38:23.660+0000] {dag.py:3239} INFO - Sync 1 DAGs
[2026-05-21T15:38:23.702+0000] {logging_mixin.py:190} INFO - [2026-05-21T15:38:23.702+0000] {dag.py:4180} INFO - Setting next_dagrun for retail_sales_data_engineering_pipeline to 2026-05-21 00:00:00+00:00, run_after=2026-05-22 00:00:00+00:00
[2026-05-21T15:38:23.733+0000] {processor.py:208} INFO - Processing /opt/airflow/dags/retail_sales_pipeline_dag.py took 0.201 seconds
[2026-05-21T15:38:54.148+0000] {processor.py:186} INFO - Started process (PID=2097) to work on /opt/airflow/dags/retail_sales_pipeline_dag.py
[2026-05-21T15:38:54.150+0000] {processor.py:914} INFO - Processing file /opt/airflow/dags/retail_sales_pipeline_dag.py for tasks to queue
[2026-05-21T15:38:54.156+0000] {logging_mixin.py:190} INFO - [2026-05-21T15:38:54.155+0000] {dagbag.py:588} INFO - Filling up the DagBag from /opt/airflow/dags/retail_sales_pipeline_dag.py
[2026-05-21T15:38:54.200+0000] {processor.py:925} INFO - DAG(s) 'retail_sales_data_engineering_pipeline' retrieved from /opt/airflow/dags/retail_sales_pipeline_dag.py
[2026-05-21T15:38:54.264+0000] {logging_mixin.py:190} INFO - [2026-05-21T15:38:54.263+0000] {dag.py:3239} INFO - Sync 1 DAGs
[2026-05-21T15:38:54.320+0000] {logging_mixin.py:190} INFO - [2026-05-21T15:38:54.320+0000] {dag.py:4180} INFO - Setting next_dagrun for retail_sales_data_engineering_pipeline to 2026-05-21 00:00:00+00:00, run_after=2026-05-22 00:00:00+00:00
[2026-05-21T15:38:54.366+0000] {processor.py:208} INFO - Processing /opt/airflow/dags/retail_sales_pipeline_dag.py took 0.230 seconds
[2026-05-21T15:39:24.682+0000] {processor.py:186} INFO - Started process (PID=2102) to work on /opt/airflow/dags/retail_sales_pipeline_dag.py
[2026-05-21T15:39:24.684+0000] {processor.py:914} INFO - Processing file /opt/airflow/dags/retail_sales_pipeline_dag.py for tasks to queue
[2026-05-21T15:39:24.689+0000] {logging_mixin.py:190} INFO - [2026-05-21T15:39:24.688+0000] {dagbag.py:588} INFO - Filling up the DagBag from /opt/airflow/dags/retail_sales_pipeline_dag.py
[2026-05-21T15:39:24.726+0000] {processor.py:925} INFO - DAG(s) 'retail_sales_data_engineering_pipeline' retrieved from /opt/airflow/dags/retail_sales_pipeline_dag.py
[2026-05-21T15:39:24.782+0000] {logging_mixin.py:190} INFO - [2026-05-21T15:39:24.781+0000] {dag.py:3239} INFO - Sync 1 DAGs
[2026-05-21T15:39:24.821+0000] {logging_mixin.py:190} INFO - [2026-05-21T15:39:24.821+0000] {dag.py:4180} INFO - Setting next_dagrun for retail_sales_data_engineering_pipeline to 2026-05-21 00:00:00+00:00, run_after=2026-05-22 00:00:00+00:00
[2026-05-21T15:39:24.857+0000] {processor.py:208} INFO - Processing /opt/airflow/dags/retail_sales_pipeline_dag.py took 0.187 seconds
[2026-05-21T15:39:55.261+0000] {processor.py:186} INFO - Started process (PID=2107) to work on /opt/airflow/dags/retail_sales_pipeline_dag.py
[2026-05-21T15:39:55.263+0000] {processor.py:914} INFO - Processing file /opt/airflow/dags/retail_sales_pipeline_dag.py for tasks to queue
[2026-05-21T15:39:55.268+0000] {logging_mixin.py:190} INFO - [2026-05-21T15:39:55.267+0000] {dagbag.py:588} INFO - Filling up the DagBag from /opt/airflow/dags/retail_sales_pipeline_dag.py
[2026-05-21T15:39:55.309+0000] {processor.py:925} INFO - DAG(s) 'retail_sales_data_engineering_pipeline' retrieved from /opt/airflow/dags/retail_sales_pipeline_dag.py
[2026-05-21T15:39:55.360+0000] {logging_mixin.py:190} INFO - [2026-05-21T15:39:55.360+0000] {dag.py:3239} INFO - Sync 1 DAGs
[2026-05-21T15:39:55.401+0000] {logging_mixin.py:190} INFO - [2026-05-21T15:39:55.401+0000] {dag.py:4180} INFO - Setting next_dagrun for retail_sales_data_engineering_pipeline to 2026-05-21 00:00:00+00:00, run_after=2026-05-22 00:00:00+00:00
[2026-05-21T15:39:55.438+0000] {processor.py:208} INFO - Processing /opt/airflow/dags/retail_sales_pipeline_dag.py took 0.186 seconds
[2026-05-21T15:40:25.736+0000] {processor.py:186} INFO - Started process (PID=2112) to work on /opt/airflow/dags/retail_sales_pipeline_dag.py
[2026-05-21T15:40:25.738+0000] {processor.py:914} INFO - Processing file /opt/airflow/dags/retail_sales_pipeline_dag.py for tasks to queue
[2026-05-21T15:40:25.742+0000] {logging_mixin.py:190} INFO - [2026-05-21T15:40:25.742+0000] {dagbag.py:588} INFO - Filling up the DagBag from /opt/airflow/dags/retail_sales_pipeline_dag.py
[2026-05-21T15:40:25.785+0000] {processor.py:925} INFO - DAG(s) 'retail_sales_data_engineering_pipeline' retrieved from /opt/airflow/dags/retail_sales_pipeline_dag.py
[2026-05-21T15:40:25.846+0000] {logging_mixin.py:190} INFO - [2026-05-21T15:40:25.845+0000] {dag.py:3239} INFO - Sync 1 DAGs
[2026-05-21T15:40:25.893+0000] {logging_mixin.py:190} INFO - [2026-05-21T15:40:25.892+0000] {dag.py:4180} INFO - Setting next_dagrun for retail_sales_data_engineering_pipeline to 2026-05-21 00:00:00+00:00, run_after=2026-05-22 00:00:00+00:00
[2026-05-21T15:40:25.933+0000] {processor.py:208} INFO - Processing /opt/airflow/dags/retail_sales_pipeline_dag.py took 0.212 seconds
[2026-05-21T15:40:56.835+0000] {processor.py:186} INFO - Started process (PID=2117) to work on /opt/airflow/dags/retail_sales_pipeline_dag.py
[2026-05-21T15:40:56.838+0000] {processor.py:914} INFO - Processing file /opt/airflow/dags/retail_sales_pipeline_dag.py for tasks to queue
[2026-05-21T15:40:56.843+0000] {logging_mixin.py:190} INFO - [2026-05-21T15:40:56.842+0000] {dagbag.py:588} INFO - Filling up the DagBag from /opt/airflow/dags/retail_sales_pipeline_dag.py
[2026-05-21T15:40:56.896+0000] {processor.py:925} INFO - DAG(s) 'retail_sales_data_engineering_pipeline' retrieved from /opt/airflow/dags/retail_sales_pipeline_dag.py
[2026-05-21T15:40:56.947+0000] {logging_mixin.py:190} INFO - [2026-05-21T15:40:56.946+0000] {dag.py:3239} INFO - Sync 1 DAGs
[2026-05-21T15:40:56.985+0000] {logging_mixin.py:190} INFO - [2026-05-21T15:40:56.985+0000] {dag.py:4180} INFO - Setting next_dagrun for retail_sales_data_engineering_pipeline to 2026-05-21 00:00:00+00:00, run_after=2026-05-22 00:00:00+00:00
[2026-05-21T15:40:57.018+0000] {processor.py:208} INFO - Processing /opt/airflow/dags/retail_sales_pipeline_dag.py took 0.193 seconds
[2026-05-21T15:41:27.196+0000] {processor.py:186} INFO - Started process (PID=2122) to work on /opt/airflow/dags/retail_sales_pipeline_dag.py
[2026-05-21T15:41:27.198+0000] {processor.py:914} INFO - Processing file /opt/airflow/dags/retail_sales_pipeline_dag.py for tasks to queue
[2026-05-21T15:41:27.202+0000] {logging_mixin.py:190} INFO - [2026-05-21T15:41:27.201+0000] {dagbag.py:588} INFO - Filling up the DagBag from /opt/airflow/dags/retail_sales_pipeline_dag.py
[2026-05-21T15:41:27.239+0000] {processor.py:925} INFO - DAG(s) 'retail_sales_data_engineering_pipeline' retrieved from /opt/airflow/dags/retail_sales_pipeline_dag.py
[2026-05-21T15:41:27.298+0000] {logging_mixin.py:190} INFO - [2026-05-21T15:41:27.298+0000] {dag.py:3239} INFO - Sync 1 DAGs
[2026-05-21T15:41:27.344+0000] {logging_mixin.py:190} INFO - [2026-05-21T15:41:27.343+0000] {dag.py:4180} INFO - Setting next_dagrun for retail_sales_data_engineering_pipeline to 2026-05-21 00:00:00+00:00, run_after=2026-05-22 00:00:00+00:00
[2026-05-21T15:41:27.390+0000] {processor.py:208} INFO - Processing /opt/airflow/dags/retail_sales_pipeline_dag.py took 0.205 seconds
[2026-05-21T15:41:57.671+0000] {processor.py:186} INFO - Started process (PID=2127) to work on /opt/airflow/dags/retail_sales_pipeline_dag.py
[2026-05-21T15:41:57.673+0000] {processor.py:914} INFO - Processing file /opt/airflow/dags/retail_sales_pipeline_dag.py for tasks to queue
[2026-05-21T15:41:57.676+0000] {logging_mixin.py:190} INFO - [2026-05-21T15:41:57.676+0000] {dagbag.py:588} INFO - Filling up the DagBag from /opt/airflow/dags/retail_sales_pipeline_dag.py
[2026-05-21T15:41:57.715+0000] {processor.py:925} INFO - DAG(s) 'retail_sales_data_engineering_pipeline' retrieved from /opt/airflow/dags/retail_sales_pipeline_dag.py
[2026-05-21T15:41:57.772+0000] {logging_mixin.py:190} INFO - [2026-05-21T15:41:57.771+0000] {dag.py:3239} INFO - Sync 1 DAGs
[2026-05-21T15:41:57.812+0000] {logging_mixin.py:190} INFO - [2026-05-21T15:41:57.811+0000] {dag.py:4180} INFO - Setting next_dagrun for retail_sales_data_engineering_pipeline to 2026-05-21 00:00:00+00:00, run_after=2026-05-22 00:00:00+00:00
[2026-05-21T15:41:57.844+0000] {processor.py:208} INFO - Processing /opt/airflow/dags/retail_sales_pipeline_dag.py took 0.183 seconds
[2026-05-21T15:42:28.366+0000] {processor.py:186} INFO - Started process (PID=2132) to work on /opt/airflow/dags/retail_sales_pipeline_dag.py
[2026-05-21T15:42:28.368+0000] {processor.py:914} INFO - Processing file /opt/airflow/dags/retail_sales_pipeline_dag.py for tasks to queue
[2026-05-21T15:42:28.372+0000] {logging_mixin.py:190} INFO - [2026-05-21T15:42:28.372+0000] {dagbag.py:588} INFO - Filling up the DagBag from /opt/airflow/dags/retail_sales_pipeline_dag.py
[2026-05-21T15:42:28.426+0000] {processor.py:925} INFO - DAG(s) 'retail_sales_data_engineering_pipeline' retrieved from /opt/airflow/dags/retail_sales_pipeline_dag.py
[2026-05-21T15:42:28.480+0000] {logging_mixin.py:190} INFO - [2026-05-21T15:42:28.480+0000] {dag.py:3239} INFO - Sync 1 DAGs
[2026-05-21T15:42:28.521+0000] {logging_mixin.py:190} INFO - [2026-05-21T15:42:28.521+0000] {dag.py:4180} INFO - Setting next_dagrun for retail_sales_data_engineering_pipeline to 2026-05-21 00:00:00+00:00, run_after=2026-05-22 00:00:00+00:00
[2026-05-21T15:42:28.556+0000] {processor.py:208} INFO - Processing /opt/airflow/dags/retail_sales_pipeline_dag.py took 0.199 seconds
[2026-05-21T15:42:58.898+0000] {processor.py:186} INFO - Started process (PID=2137) to work on /opt/airflow/dags/retail_sales_pipeline_dag.py
[2026-05-21T15:42:58.900+0000] {processor.py:914} INFO - Processing file /opt/airflow/dags/retail_sales_pipeline_dag.py for tasks to queue
[2026-05-21T15:42:58.905+0000] {logging_mixin.py:190} INFO - [2026-05-21T15:42:58.905+0000] {dagbag.py:588} INFO - Filling up the DagBag from /opt/airflow/dags/retail_sales_pipeline_dag.py
[2026-05-21T15:42:58.943+0000] {processor.py:925} INFO - DAG(s) 'retail_sales_data_engineering_pipeline' retrieved from /opt/airflow/dags/retail_sales_pipeline_dag.py
[2026-05-21T15:42:59.001+0000] {logging_mixin.py:190} INFO - [2026-05-21T15:42:59.001+0000] {dag.py:3239} INFO - Sync 1 DAGs
[2026-05-21T15:42:59.044+0000] {logging_mixin.py:190} INFO - [2026-05-21T15:42:59.044+0000] {dag.py:4180} INFO - Setting next_dagrun for retail_sales_data_engineering_pipeline to 2026-05-21 00:00:00+00:00, run_after=2026-05-22 00:00:00+00:00
[2026-05-21T15:42:59.081+0000] {processor.py:208} INFO - Processing /opt/airflow/dags/retail_sales_pipeline_dag.py took 0.197 seconds
[2026-05-21T15:43:29.648+0000] {processor.py:186} INFO - Started process (PID=2142) to work on /opt/airflow/dags/retail_sales_pipeline_dag.py
[2026-05-21T15:43:29.649+0000] {processor.py:914} INFO - Processing file /opt/airflow/dags/retail_sales_pipeline_dag.py for tasks to queue
[2026-05-21T15:43:29.654+0000] {logging_mixin.py:190} INFO - [2026-05-21T15:43:29.654+0000] {dagbag.py:588} INFO - Filling up the DagBag from /opt/airflow/dags/retail_sales_pipeline_dag.py
[2026-05-21T15:43:29.693+0000] {processor.py:925} INFO - DAG(s) 'retail_sales_data_engineering_pipeline' retrieved from /opt/airflow/dags/retail_sales_pipeline_dag.py
[2026-05-21T15:43:29.745+0000] {logging_mixin.py:190} INFO - [2026-05-21T15:43:29.745+0000] {dag.py:3239} INFO - Sync 1 DAGs
[2026-05-21T15:43:29.786+0000] {logging_mixin.py:190} INFO - [2026-05-21T15:43:29.786+0000] {dag.py:4180} INFO - Setting next_dagrun for retail_sales_data_engineering_pipeline to 2026-05-21 00:00:00+00:00, run_after=2026-05-22 00:00:00+00:00
[2026-05-21T15:43:29.824+0000] {processor.py:208} INFO - Processing /opt/airflow/dags/retail_sales_pipeline_dag.py took 0.187 seconds
[2026-05-21T15:44:00.036+0000] {processor.py:186} INFO - Started process (PID=2147) to work on /opt/airflow/dags/retail_sales_pipeline_dag.py
[2026-05-21T15:44:00.038+0000] {processor.py:914} INFO - Processing file /opt/airflow/dags/retail_sales_pipeline_dag.py for tasks to queue
[2026-05-21T15:44:00.040+0000] {logging_mixin.py:190} INFO - [2026-05-21T15:44:00.040+0000] {dagbag.py:588} INFO - Filling up the DagBag from /opt/airflow/dags/retail_sales_pipeline_dag.py
[2026-05-21T15:44:00.065+0000] {processor.py:925} INFO - DAG(s) 'retail_sales_data_engineering_pipeline' retrieved from /opt/airflow/dags/retail_sales_pipeline_dag.py
[2026-05-21T15:44:00.099+0000] {logging_mixin.py:190} INFO - [2026-05-21T15:44:00.099+0000] {dag.py:3239} INFO - Sync 1 DAGs
[2026-05-21T15:44:00.125+0000] {logging_mixin.py:190} INFO - [2026-05-21T15:44:00.125+0000] {dag.py:4180} INFO - Setting next_dagrun for retail_sales_data_engineering_pipeline to 2026-05-21 00:00:00+00:00, run_after=2026-05-22 00:00:00+00:00
[2026-05-21T15:44:00.146+0000] {processor.py:208} INFO - Processing /opt/airflow/dags/retail_sales_pipeline_dag.py took 0.115 seconds
[2026-05-21T15:44:31.047+0000] {processor.py:186} INFO - Started process (PID=2152) to work on /opt/airflow/dags/retail_sales_pipeline_dag.py
[2026-05-21T15:44:31.048+0000] {processor.py:914} INFO - Processing file /opt/airflow/dags/retail_sales_pipeline_dag.py for tasks to queue
[2026-05-21T15:44:31.051+0000] {logging_mixin.py:190} INFO - [2026-05-21T15:44:31.051+0000] {dagbag.py:588} INFO - Filling up the DagBag from /opt/airflow/dags/retail_sales_pipeline_dag.py
[2026-05-21T15:44:31.076+0000] {processor.py:925} INFO - DAG(s) 'retail_sales_data_engineering_pipeline' retrieved from /opt/airflow/dags/retail_sales_pipeline_dag.py
[2026-05-21T15:44:31.113+0000] {logging_mixin.py:190} INFO - [2026-05-21T15:44:31.113+0000] {dag.py:3239} INFO - Sync 1 DAGs
[2026-05-21T15:44:31.138+0000] {logging_mixin.py:190} INFO - [2026-05-21T15:44:31.138+0000] {dag.py:4180} INFO - Setting next_dagrun for retail_sales_data_engineering_pipeline to 2026-05-21 00:00:00+00:00, run_after=2026-05-22 00:00:00+00:00
[2026-05-21T15:44:31.157+0000] {processor.py:208} INFO - Processing /opt/airflow/dags/retail_sales_pipeline_dag.py took 0.116 seconds
[2026-05-21T15:45:01.527+0000] {processor.py:186} INFO - Started process (PID=2157) to work on /opt/airflow/dags/retail_sales_pipeline_dag.py
[2026-05-21T15:45:01.528+0000] {processor.py:914} INFO - Processing file /opt/airflow/dags/retail_sales_pipeline_dag.py for tasks to queue
[2026-05-21T15:45:01.531+0000] {logging_mixin.py:190} INFO - [2026-05-21T15:45:01.531+0000] {dagbag.py:588} INFO - Filling up the DagBag from /opt/airflow/dags/retail_sales_pipeline_dag.py
[2026-05-21T15:45:01.555+0000] {processor.py:925} INFO - DAG(s) 'retail_sales_data_engineering_pipeline' retrieved from /opt/airflow/dags/retail_sales_pipeline_dag.py
[2026-05-21T15:45:01.585+0000] {logging_mixin.py:190} INFO - [2026-05-21T15:45:01.585+0000] {dag.py:3239} INFO - Sync 1 DAGs
[2026-05-21T15:45:01.610+0000] {logging_mixin.py:190} INFO - [2026-05-21T15:45:01.610+0000] {dag.py:4180} INFO - Setting next_dagrun for retail_sales_data_engineering_pipeline to 2026-05-21 00:00:00+00:00, run_after=2026-05-22 00:00:00+00:00
[2026-05-21T15:45:01.634+0000] {processor.py:208} INFO - Processing /opt/airflow/dags/retail_sales_pipeline_dag.py took 0.113 seconds
[2026-05-21T15:45:32.305+0000] {processor.py:186} INFO - Started process (PID=2162) to work on /opt/airflow/dags/retail_sales_pipeline_dag.py
[2026-05-21T15:45:32.307+0000] {processor.py:914} INFO - Processing file /opt/airflow/dags/retail_sales_pipeline_dag.py for tasks to queue
[2026-05-21T15:45:32.310+0000] {logging_mixin.py:190} INFO - [2026-05-21T15:45:32.310+0000] {dagbag.py:588} INFO - Filling up the DagBag from /opt/airflow/dags/retail_sales_pipeline_dag.py
[2026-05-21T15:45:32.337+0000] {processor.py:925} INFO - DAG(s) 'retail_sales_data_engineering_pipeline' retrieved from /opt/airflow/dags/retail_sales_pipeline_dag.py
[2026-05-21T15:45:32.370+0000] {logging_mixin.py:190} INFO - [2026-05-21T15:45:32.370+0000] {dag.py:3239} INFO - Sync 1 DAGs
[2026-05-21T15:45:32.395+0000] {logging_mixin.py:190} INFO - [2026-05-21T15:45:32.395+0000] {dag.py:4180} INFO - Setting next_dagrun for retail_sales_data_engineering_pipeline to 2026-05-21 00:00:00+00:00, run_after=2026-05-22 00:00:00+00:00
[2026-05-21T15:45:32.414+0000] {processor.py:208} INFO - Processing /opt/airflow/dags/retail_sales_pipeline_dag.py took 0.116 seconds
[2026-05-21T15:46:02.909+0000] {processor.py:186} INFO - Started process (PID=2167) to work on /opt/airflow/dags/retail_sales_pipeline_dag.py
[2026-05-21T15:46:02.910+0000] {processor.py:914} INFO - Processing file /opt/airflow/dags/retail_sales_pipeline_dag.py for tasks to queue
[2026-05-21T15:46:02.914+0000] {logging_mixin.py:190} INFO - [2026-05-21T15:46:02.913+0000] {dagbag.py:588} INFO - Filling up the DagBag from /opt/airflow/dags/retail_sales_pipeline_dag.py
[2026-05-21T15:46:02.938+0000] {processor.py:925} INFO - DAG(s) 'retail_sales_data_engineering_pipeline' retrieved from /opt/airflow/dags/retail_sales_pipeline_dag.py
[2026-05-21T15:46:02.969+0000] {logging_mixin.py:190} INFO - [2026-05-21T15:46:02.969+0000] {dag.py:3239} INFO - Sync 1 DAGs
[2026-05-21T15:46:02.995+0000] {logging_mixin.py:190} INFO - [2026-05-21T15:46:02.995+0000] {dag.py:4180} INFO - Setting next_dagrun for retail_sales_data_engineering_pipeline to 2026-05-21 00:00:00+00:00, run_after=2026-05-22 00:00:00+00:00
[2026-05-21T15:46:03.012+0000] {processor.py:208} INFO - Processing /opt/airflow/dags/retail_sales_pipeline_dag.py took 0.111 seconds
[2026-05-21T15:46:33.338+0000] {processor.py:186} INFO - Started process (PID=2172) to work on /opt/airflow/dags/retail_sales_pipeline_dag.py
[2026-05-21T15:46:33.339+0000] {processor.py:914} INFO - Processing file /opt/airflow/dags/retail_sales_pipeline_dag.py for tasks to queue
[2026-05-21T15:46:33.343+0000] {logging_mixin.py:190} INFO - [2026-05-21T15:46:33.343+0000] {dagbag.py:588} INFO - Filling up the DagBag from /opt/airflow/dags/retail_sales_pipeline_dag.py
[2026-05-21T15:46:33.368+0000] {processor.py:925} INFO - DAG(s) 'retail_sales_data_engineering_pipeline' retrieved from /opt/airflow/dags/retail_sales_pipeline_dag.py
[2026-05-21T15:46:33.401+0000] {logging_mixin.py:190} INFO - [2026-05-21T15:46:33.401+0000] {dag.py:3239} INFO - Sync 1 DAGs
[2026-05-21T15:46:33.427+0000] {logging_mixin.py:190} INFO - [2026-05-21T15:46:33.427+0000] {dag.py:4180} INFO - Setting next_dagrun for retail_sales_data_engineering_pipeline to 2026-05-21 00:00:00+00:00, run_after=2026-05-22 00:00:00+00:00
[2026-05-21T15:46:33.447+0000] {processor.py:208} INFO - Processing /opt/airflow/dags/retail_sales_pipeline_dag.py took 0.115 seconds
[2026-05-21T15:47:03.956+0000] {processor.py:186} INFO - Started process (PID=2177) to work on /opt/airflow/dags/retail_sales_pipeline_dag.py
[2026-05-21T15:47:03.958+0000] {processor.py:914} INFO - Processing file /opt/airflow/dags/retail_sales_pipeline_dag.py for tasks to queue
[2026-05-21T15:47:03.964+0000] {logging_mixin.py:190} INFO - [2026-05-21T15:47:03.964+0000] {dagbag.py:588} INFO - Filling up the DagBag from /opt/airflow/dags/retail_sales_pipeline_dag.py
[2026-05-21T15:47:04.004+0000] {processor.py:925} INFO - DAG(s) 'retail_sales_data_engineering_pipeline' retrieved from /opt/airflow/dags/retail_sales_pipeline_dag.py
[2026-05-21T15:47:04.058+0000] {logging_mixin.py:190} INFO - [2026-05-21T15:47:04.057+0000] {dag.py:3239} INFO - Sync 1 DAGs
[2026-05-21T15:47:04.106+0000] {logging_mixin.py:190} INFO - [2026-05-21T15:47:04.105+0000] {dag.py:4180} INFO - Setting next_dagrun for retail_sales_data_engineering_pipeline to 2026-05-21 00:00:00+00:00, run_after=2026-05-22 00:00:00+00:00
[2026-05-21T15:47:04.174+0000] {processor.py:208} INFO - Processing /opt/airflow/dags/retail_sales_pipeline_dag.py took 0.231 seconds
[2026-05-21T15:47:34.442+0000] {processor.py:186} INFO - Started process (PID=2182) to work on /opt/airflow/dags/retail_sales_pipeline_dag.py
[2026-05-21T15:47:34.446+0000] {processor.py:914} INFO - Processing file /opt/airflow/dags/retail_sales_pipeline_dag.py for tasks to queue
[2026-05-21T15:47:34.453+0000] {logging_mixin.py:190} INFO - [2026-05-21T15:47:34.453+0000] {dagbag.py:588} INFO - Filling up the DagBag from /opt/airflow/dags/retail_sales_pipeline_dag.py
[2026-05-21T15:47:34.509+0000] {processor.py:925} INFO - DAG(s) 'retail_sales_data_engineering_pipeline' retrieved from /opt/airflow/dags/retail_sales_pipeline_dag.py
[2026-05-21T15:47:34.576+0000] {logging_mixin.py:190} INFO - [2026-05-21T15:47:34.575+0000] {dag.py:3239} INFO - Sync 1 DAGs
[2026-05-21T15:47:34.622+0000] {logging_mixin.py:190} INFO - [2026-05-21T15:47:34.622+0000] {dag.py:4180} INFO - Setting next_dagrun for retail_sales_data_engineering_pipeline to 2026-05-21 00:00:00+00:00, run_after=2026-05-22 00:00:00+00:00
[2026-05-21T15:47:34.694+0000] {processor.py:208} INFO - Processing /opt/airflow/dags/retail_sales_pipeline_dag.py took 0.270 seconds
[2026-05-21T15:48:05.159+0000] {processor.py:186} INFO - Started process (PID=2187) to work on /opt/airflow/dags/retail_sales_pipeline_dag.py
[2026-05-21T15:48:05.162+0000] {processor.py:914} INFO - Processing file /opt/airflow/dags/retail_sales_pipeline_dag.py for tasks to queue
[2026-05-21T15:48:05.170+0000] {logging_mixin.py:190} INFO - [2026-05-21T15:48:05.168+0000] {dagbag.py:588} INFO - Filling up the DagBag from /opt/airflow/dags/retail_sales_pipeline_dag.py
[2026-05-21T15:48:05.241+0000] {processor.py:925} INFO - DAG(s) 'retail_sales_data_engineering_pipeline' retrieved from /opt/airflow/dags/retail_sales_pipeline_dag.py
[2026-05-21T15:48:05.323+0000] {logging_mixin.py:190} INFO - [2026-05-21T15:48:05.322+0000] {dag.py:3239} INFO - Sync 1 DAGs
[2026-05-21T15:48:05.367+0000] {logging_mixin.py:190} INFO - [2026-05-21T15:48:05.366+0000] {dag.py:4180} INFO - Setting next_dagrun for retail_sales_data_engineering_pipeline to 2026-05-21 00:00:00+00:00, run_after=2026-05-22 00:00:00+00:00
[2026-05-21T15:48:05.438+0000] {processor.py:208} INFO - Processing /opt/airflow/dags/retail_sales_pipeline_dag.py took 0.300 seconds
[2026-05-21T15:48:35.575+0000] {processor.py:186} INFO - Started process (PID=2192) to work on /opt/airflow/dags/retail_sales_pipeline_dag.py
[2026-05-21T15:48:35.579+0000] {processor.py:914} INFO - Processing file /opt/airflow/dags/retail_sales_pipeline_dag.py for tasks to queue
[2026-05-21T15:48:35.584+0000] {logging_mixin.py:190} INFO - [2026-05-21T15:48:35.584+0000] {dagbag.py:588} INFO - Filling up the DagBag from /opt/airflow/dags/retail_sales_pipeline_dag.py
[2026-05-21T15:48:35.627+0000] {processor.py:925} INFO - DAG(s) 'retail_sales_data_engineering_pipeline' retrieved from /opt/airflow/dags/retail_sales_pipeline_dag.py
[2026-05-21T15:48:35.683+0000] {logging_mixin.py:190} INFO - [2026-05-21T15:48:35.682+0000] {dag.py:3239} INFO - Sync 1 DAGs
[2026-05-21T15:48:35.727+0000] {logging_mixin.py:190} INFO - [2026-05-21T15:48:35.726+0000] {dag.py:4180} INFO - Setting next_dagrun for retail_sales_data_engineering_pipeline to 2026-05-21 00:00:00+00:00, run_after=2026-05-22 00:00:00+00:00
[2026-05-21T15:48:35.793+0000] {processor.py:208} INFO - Processing /opt/airflow/dags/retail_sales_pipeline_dag.py took 0.230 seconds
[2026-05-21T15:49:05.958+0000] {processor.py:186} INFO - Started process (PID=2197) to work on /opt/airflow/dags/retail_sales_pipeline_dag.py
[2026-05-21T15:49:05.960+0000] {processor.py:914} INFO - Processing file /opt/airflow/dags/retail_sales_pipeline_dag.py for tasks to queue
[2026-05-21T15:49:05.967+0000] {logging_mixin.py:190} INFO - [2026-05-21T15:49:05.966+0000] {dagbag.py:588} INFO - Filling up the DagBag from /opt/airflow/dags/retail_sales_pipeline_dag.py
[2026-05-21T15:49:06.010+0000] {processor.py:925} INFO - DAG(s) 'retail_sales_data_engineering_pipeline' retrieved from /opt/airflow/dags/retail_sales_pipeline_dag.py
[2026-05-21T15:49:06.070+0000] {logging_mixin.py:190} INFO - [2026-05-21T15:49:06.070+0000] {dag.py:3239} INFO - Sync 1 DAGs
[2026-05-21T15:49:06.117+0000] {logging_mixin.py:190} INFO - [2026-05-21T15:49:06.117+0000] {dag.py:4180} INFO - Setting next_dagrun for retail_sales_data_engineering_pipeline to 2026-05-21 00:00:00+00:00, run_after=2026-05-22 00:00:00+00:00
[2026-05-21T15:49:06.184+0000] {processor.py:208} INFO - Processing /opt/airflow/dags/retail_sales_pipeline_dag.py took 0.240 seconds
[2026-05-21T15:49:37.072+0000] {processor.py:186} INFO - Started process (PID=2202) to work on /opt/airflow/dags/retail_sales_pipeline_dag.py
[2026-05-21T15:49:37.074+0000] {processor.py:914} INFO - Processing file /opt/airflow/dags/retail_sales_pipeline_dag.py for tasks to queue
[2026-05-21T15:49:37.080+0000] {logging_mixin.py:190} INFO - [2026-05-21T15:49:37.079+0000] {dagbag.py:588} INFO - Filling up the DagBag from /opt/airflow/dags/retail_sales_pipeline_dag.py
[2026-05-21T15:49:37.123+0000] {processor.py:925} INFO - DAG(s) 'retail_sales_data_engineering_pipeline' retrieved from /opt/airflow/dags/retail_sales_pipeline_dag.py
[2026-05-21T15:49:37.218+0000] {logging_mixin.py:190} INFO - [2026-05-21T15:49:37.217+0000] {dag.py:3239} INFO - Sync 1 DAGs
[2026-05-21T15:49:37.263+0000] {logging_mixin.py:190} INFO - [2026-05-21T15:49:37.263+0000] {dag.py:4180} INFO - Setting next_dagrun for retail_sales_data_engineering_pipeline to 2026-05-21 00:00:00+00:00, run_after=2026-05-22 00:00:00+00:00
[2026-05-21T15:49:37.329+0000] {processor.py:208} INFO - Processing /opt/airflow/dags/retail_sales_pipeline_dag.py took 0.269 seconds
[2026-05-21T15:50:07.671+0000] {processor.py:186} INFO - Started process (PID=2207) to work on /opt/airflow/dags/retail_sales_pipeline_dag.py
[2026-05-21T15:50:07.674+0000] {processor.py:914} INFO - Processing file /opt/airflow/dags/retail_sales_pipeline_dag.py for tasks to queue
[2026-05-21T15:50:07.679+0000] {logging_mixin.py:190} INFO - [2026-05-21T15:50:07.678+0000] {dagbag.py:588} INFO - Filling up the DagBag from /opt/airflow/dags/retail_sales_pipeline_dag.py
[2026-05-21T15:50:07.721+0000] {processor.py:925} INFO - DAG(s) 'retail_sales_data_engineering_pipeline' retrieved from /opt/airflow/dags/retail_sales_pipeline_dag.py
[2026-05-21T15:50:07.780+0000] {logging_mixin.py:190} INFO - [2026-05-21T15:50:07.779+0000] {dag.py:3239} INFO - Sync 1 DAGs
[2026-05-21T15:50:07.819+0000] {logging_mixin.py:190} INFO - [2026-05-21T15:50:07.818+0000] {dag.py:4180} INFO - Setting next_dagrun for retail_sales_data_engineering_pipeline to 2026-05-21 00:00:00+00:00, run_after=2026-05-22 00:00:00+00:00
[2026-05-21T15:50:07.886+0000] {processor.py:208} INFO - Processing /opt/airflow/dags/retail_sales_pipeline_dag.py took 0.230 seconds
[2026-05-21T15:50:38.377+0000] {processor.py:186} INFO - Started process (PID=2212) to work on /opt/airflow/dags/retail_sales_pipeline_dag.py
[2026-05-21T15:50:38.380+0000] {processor.py:914} INFO - Processing file /opt/airflow/dags/retail_sales_pipeline_dag.py for tasks to queue
[2026-05-21T15:50:38.386+0000] {logging_mixin.py:190} INFO - [2026-05-21T15:50:38.386+0000] {dagbag.py:588} INFO - Filling up the DagBag from /opt/airflow/dags/retail_sales_pipeline_dag.py
[2026-05-21T15:50:38.429+0000] {processor.py:925} INFO - DAG(s) 'retail_sales_data_engineering_pipeline' retrieved from /opt/airflow/dags/retail_sales_pipeline_dag.py
[2026-05-21T15:50:38.487+0000] {logging_mixin.py:190} INFO - [2026-05-21T15:50:38.486+0000] {dag.py:3239} INFO - Sync 1 DAGs
[2026-05-21T15:50:38.533+0000] {logging_mixin.py:190} INFO - [2026-05-21T15:50:38.533+0000] {dag.py:4180} INFO - Setting next_dagrun for retail_sales_data_engineering_pipeline to 2026-05-21 00:00:00+00:00, run_after=2026-05-22 00:00:00+00:00
[2026-05-21T15:50:38.601+0000] {processor.py:208} INFO - Processing /opt/airflow/dags/retail_sales_pipeline_dag.py took 0.240 seconds
[2026-05-21T15:51:09.315+0000] {processor.py:186} INFO - Started process (PID=2217) to work on /opt/airflow/dags/retail_sales_pipeline_dag.py
[2026-05-21T15:51:09.317+0000] {processor.py:914} INFO - Processing file /opt/airflow/dags/retail_sales_pipeline_dag.py for tasks to queue
[2026-05-21T15:51:09.323+0000] {logging_mixin.py:190} INFO - [2026-05-21T15:51:09.323+0000] {dagbag.py:588} INFO - Filling up the DagBag from /opt/airflow/dags/retail_sales_pipeline_dag.py
[2026-05-21T15:51:09.369+0000] {processor.py:925} INFO - DAG(s) 'retail_sales_data_engineering_pipeline' retrieved from /opt/airflow/dags/retail_sales_pipeline_dag.py
[2026-05-21T15:51:09.435+0000] {logging_mixin.py:190} INFO - [2026-05-21T15:51:09.434+0000] {dag.py:3239} INFO - Sync 1 DAGs
[2026-05-21T15:51:09.480+0000] {logging_mixin.py:190} INFO - [2026-05-21T15:51:09.479+0000] {dag.py:4180} INFO - Setting next_dagrun for retail_sales_data_engineering_pipeline to 2026-05-21 00:00:00+00:00, run_after=2026-05-22 00:00:00+00:00
[2026-05-21T15:51:09.516+0000] {processor.py:208} INFO - Processing /opt/airflow/dags/retail_sales_pipeline_dag.py took 0.212 seconds
[2026-05-21T15:51:40.115+0000] {processor.py:186} INFO - Started process (PID=2222) to work on /opt/airflow/dags/retail_sales_pipeline_dag.py
[2026-05-21T15:51:40.118+0000] {processor.py:914} INFO - Processing file /opt/airflow/dags/retail_sales_pipeline_dag.py for tasks to queue
[2026-05-21T15:51:40.124+0000] {logging_mixin.py:190} INFO - [2026-05-21T15:51:40.123+0000] {dagbag.py:588} INFO - Filling up the DagBag from /opt/airflow/dags/retail_sales_pipeline_dag.py
[2026-05-21T15:51:40.168+0000] {processor.py:925} INFO - DAG(s) 'retail_sales_data_engineering_pipeline' retrieved from /opt/airflow/dags/retail_sales_pipeline_dag.py
[2026-05-21T15:51:40.232+0000] {logging_mixin.py:190} INFO - [2026-05-21T15:51:40.232+0000] {dag.py:3239} INFO - Sync 1 DAGs
[2026-05-21T15:51:40.284+0000] {logging_mixin.py:190} INFO - [2026-05-21T15:51:40.284+0000] {dag.py:4180} INFO - Setting next_dagrun for retail_sales_data_engineering_pipeline to 2026-05-21 00:00:00+00:00, run_after=2026-05-22 00:00:00+00:00
[2026-05-21T15:51:40.343+0000] {processor.py:208} INFO - Processing /opt/airflow/dags/retail_sales_pipeline_dag.py took 0.244 seconds
[2026-05-21T15:52:10.624+0000] {processor.py:186} INFO - Started process (PID=2227) to work on /opt/airflow/dags/retail_sales_pipeline_dag.py
[2026-05-21T15:52:10.627+0000] {processor.py:914} INFO - Processing file /opt/airflow/dags/retail_sales_pipeline_dag.py for tasks to queue
[2026-05-21T15:52:10.632+0000] {logging_mixin.py:190} INFO - [2026-05-21T15:52:10.632+0000] {dagbag.py:588} INFO - Filling up the DagBag from /opt/airflow/dags/retail_sales_pipeline_dag.py
[2026-05-21T15:52:10.707+0000] {processor.py:925} INFO - DAG(s) 'retail_sales_data_engineering_pipeline' retrieved from /opt/airflow/dags/retail_sales_pipeline_dag.py
[2026-05-21T15:52:10.768+0000] {logging_mixin.py:190} INFO - [2026-05-21T15:52:10.767+0000] {dag.py:3239} INFO - Sync 1 DAGs
[2026-05-21T15:52:10.810+0000] {logging_mixin.py:190} INFO - [2026-05-21T15:52:10.810+0000] {dag.py:4180} INFO - Setting next_dagrun for retail_sales_data_engineering_pipeline to 2026-05-21 00:00:00+00:00, run_after=2026-05-22 00:00:00+00:00
[2026-05-21T15:52:10.877+0000] {processor.py:208} INFO - Processing /opt/airflow/dags/retail_sales_pipeline_dag.py took 0.266 seconds
[2026-05-21T15:52:41.231+0000] {processor.py:186} INFO - Started process (PID=2232) to work on /opt/airflow/dags/retail_sales_pipeline_dag.py
[2026-05-21T15:52:41.234+0000] {processor.py:914} INFO - Processing file /opt/airflow/dags/retail_sales_pipeline_dag.py for tasks to queue
[2026-05-21T15:52:41.240+0000] {logging_mixin.py:190} INFO - [2026-05-21T15:52:41.239+0000] {dagbag.py:588} INFO - Filling up the DagBag from /opt/airflow/dags/retail_sales_pipeline_dag.py
[2026-05-21T15:52:41.283+0000] {processor.py:925} INFO - DAG(s) 'retail_sales_data_engineering_pipeline' retrieved from /opt/airflow/dags/retail_sales_pipeline_dag.py
[2026-05-21T15:52:41.348+0000] {logging_mixin.py:190} INFO - [2026-05-21T15:52:41.347+0000] {dag.py:3239} INFO - Sync 1 DAGs
[2026-05-21T15:52:41.396+0000] {logging_mixin.py:190} INFO - [2026-05-21T15:52:41.396+0000] {dag.py:4180} INFO - Setting next_dagrun for retail_sales_data_engineering_pipeline to 2026-05-21 00:00:00+00:00, run_after=2026-05-22 00:00:00+00:00
[2026-05-21T15:52:41.448+0000] {processor.py:208} INFO - Processing /opt/airflow/dags/retail_sales_pipeline_dag.py took 0.230 seconds
[2026-05-21T15:53:11.803+0000] {processor.py:186} INFO - Started process (PID=2237) to work on /opt/airflow/dags/retail_sales_pipeline_dag.py
[2026-05-21T15:53:11.807+0000] {processor.py:914} INFO - Processing file /opt/airflow/dags/retail_sales_pipeline_dag.py for tasks to queue
[2026-05-21T15:53:11.813+0000] {logging_mixin.py:190} INFO - [2026-05-21T15:53:11.812+0000] {dagbag.py:588} INFO - Filling up the DagBag from /opt/airflow/dags/retail_sales_pipeline_dag.py
[2026-05-21T15:53:11.857+0000] {processor.py:925} INFO - DAG(s) 'retail_sales_data_engineering_pipeline' retrieved from /opt/airflow/dags/retail_sales_pipeline_dag.py
[2026-05-21T15:53:11.918+0000] {logging_mixin.py:190} INFO - [2026-05-21T15:53:11.918+0000] {dag.py:3239} INFO - Sync 1 DAGs
[2026-05-21T15:53:11.961+0000] {logging_mixin.py:190} INFO - [2026-05-21T15:53:11.961+0000] {dag.py:4180} INFO - Setting next_dagrun for retail_sales_data_engineering_pipeline to 2026-05-21 00:00:00+00:00, run_after=2026-05-22 00:00:00+00:00
[2026-05-21T15:53:12.029+0000] {processor.py:208} INFO - Processing /opt/airflow/dags/retail_sales_pipeline_dag.py took 0.244 seconds
[2026-05-21T15:53:43.028+0000] {processor.py:186} INFO - Started process (PID=2242) to work on /opt/airflow/dags/retail_sales_pipeline_dag.py
[2026-05-21T15:53:43.032+0000] {processor.py:914} INFO - Processing file /opt/airflow/dags/retail_sales_pipeline_dag.py for tasks to queue
[2026-05-21T15:53:43.041+0000] {logging_mixin.py:190} INFO - [2026-05-21T15:53:43.038+0000] {dagbag.py:588} INFO - Filling up the DagBag from /opt/airflow/dags/retail_sales_pipeline_dag.py
[2026-05-21T15:53:43.092+0000] {processor.py:925} INFO - DAG(s) 'retail_sales_data_engineering_pipeline' retrieved from /opt/airflow/dags/retail_sales_pipeline_dag.py
[2026-05-21T15:53:43.159+0000] {logging_mixin.py:190} INFO - [2026-05-21T15:53:43.159+0000] {dag.py:3239} INFO - Sync 1 DAGs
[2026-05-21T15:53:43.220+0000] {logging_mixin.py:190} INFO - [2026-05-21T15:53:43.220+0000] {dag.py:4180} INFO - Setting next_dagrun for retail_sales_data_engineering_pipeline to 2026-05-21 00:00:00+00:00, run_after=2026-05-22 00:00:00+00:00
[2026-05-21T15:53:43.285+0000] {processor.py:208} INFO - Processing /opt/airflow/dags/retail_sales_pipeline_dag.py took 0.276 seconds
[2026-05-21T15:54:13.667+0000] {processor.py:186} INFO - Started process (PID=2247) to work on /opt/airflow/dags/retail_sales_pipeline_dag.py
[2026-05-21T15:54:13.669+0000] {processor.py:914} INFO - Processing file /opt/airflow/dags/retail_sales_pipeline_dag.py for tasks to queue
[2026-05-21T15:54:13.677+0000] {logging_mixin.py:190} INFO - [2026-05-21T15:54:13.676+0000] {dagbag.py:588} INFO - Filling up the DagBag from /opt/airflow/dags/retail_sales_pipeline_dag.py
[2026-05-21T15:54:13.721+0000] {processor.py:925} INFO - DAG(s) 'retail_sales_data_engineering_pipeline' retrieved from /opt/airflow/dags/retail_sales_pipeline_dag.py
[2026-05-21T15:54:13.784+0000] {logging_mixin.py:190} INFO - [2026-05-21T15:54:13.783+0000] {dag.py:3239} INFO - Sync 1 DAGs
[2026-05-21T15:54:13.830+0000] {logging_mixin.py:190} INFO - [2026-05-21T15:54:13.829+0000] {dag.py:4180} INFO - Setting next_dagrun for retail_sales_data_engineering_pipeline to 2026-05-21 00:00:00+00:00, run_after=2026-05-22 00:00:00+00:00
[2026-05-21T15:54:13.900+0000] {processor.py:208} INFO - Processing /opt/airflow/dags/retail_sales_pipeline_dag.py took 0.249 seconds
[2026-05-21T15:54:44.180+0000] {processor.py:186} INFO - Started process (PID=2252) to work on /opt/airflow/dags/retail_sales_pipeline_dag.py
[2026-05-21T15:54:44.183+0000] {processor.py:914} INFO - Processing file /opt/airflow/dags/retail_sales_pipeline_dag.py for tasks to queue
[2026-05-21T15:54:44.189+0000] {logging_mixin.py:190} INFO - [2026-05-21T15:54:44.188+0000] {dagbag.py:588} INFO - Filling up the DagBag from /opt/airflow/dags/retail_sales_pipeline_dag.py
[2026-05-21T15:54:44.236+0000] {processor.py:925} INFO - DAG(s) 'retail_sales_data_engineering_pipeline' retrieved from /opt/airflow/dags/retail_sales_pipeline_dag.py
[2026-05-21T15:54:44.290+0000] {logging_mixin.py:190} INFO - [2026-05-21T15:54:44.290+0000] {dag.py:3239} INFO - Sync 1 DAGs
[2026-05-21T15:54:44.335+0000] {logging_mixin.py:190} INFO - [2026-05-21T15:54:44.335+0000] {dag.py:4180} INFO - Setting next_dagrun for retail_sales_data_engineering_pipeline to 2026-05-21 00:00:00+00:00, run_after=2026-05-22 00:00:00+00:00
[2026-05-21T15:54:44.402+0000] {processor.py:208} INFO - Processing /opt/airflow/dags/retail_sales_pipeline_dag.py took 0.235 seconds
[2026-05-21T15:55:14.647+0000] {processor.py:186} INFO - Started process (PID=2257) to work on /opt/airflow/dags/retail_sales_pipeline_dag.py
[2026-05-21T15:55:14.651+0000] {processor.py:914} INFO - Processing file /opt/airflow/dags/retail_sales_pipeline_dag.py for tasks to queue
[2026-05-21T15:55:14.659+0000] {logging_mixin.py:190} INFO - [2026-05-21T15:55:14.658+0000] {dagbag.py:588} INFO - Filling up the DagBag from /opt/airflow/dags/retail_sales_pipeline_dag.py
[2026-05-21T15:55:14.709+0000] {processor.py:925} INFO - DAG(s) 'retail_sales_data_engineering_pipeline' retrieved from /opt/airflow/dags/retail_sales_pipeline_dag.py
[2026-05-21T15:55:14.773+0000] {logging_mixin.py:190} INFO - [2026-05-21T15:55:14.773+0000] {dag.py:3239} INFO - Sync 1 DAGs
[2026-05-21T15:55:14.826+0000] {logging_mixin.py:190} INFO - [2026-05-21T15:55:14.825+0000] {dag.py:4180} INFO - Setting next_dagrun for retail_sales_data_engineering_pipeline to 2026-05-21 00:00:00+00:00, run_after=2026-05-22 00:00:00+00:00
[2026-05-21T15:55:14.897+0000] {processor.py:208} INFO - Processing /opt/airflow/dags/retail_sales_pipeline_dag.py took 0.265 seconds
[2026-05-21T15:55:45.260+0000] {processor.py:186} INFO - Started process (PID=2262) to work on /opt/airflow/dags/retail_sales_pipeline_dag.py
[2026-05-21T15:55:45.263+0000] {processor.py:914} INFO - Processing file /opt/airflow/dags/retail_sales_pipeline_dag.py for tasks to queue
[2026-05-21T15:55:45.269+0000] {logging_mixin.py:190} INFO - [2026-05-21T15:55:45.268+0000] {dagbag.py:588} INFO - Filling up the DagBag from /opt/airflow/dags/retail_sales_pipeline_dag.py
[2026-05-21T15:55:45.315+0000] {processor.py:925} INFO - DAG(s) 'retail_sales_data_engineering_pipeline' retrieved from /opt/airflow/dags/retail_sales_pipeline_dag.py
[2026-05-21T15:55:45.409+0000] {logging_mixin.py:190} INFO - [2026-05-21T15:55:45.408+0000] {dag.py:3239} INFO - Sync 1 DAGs
[2026-05-21T15:55:45.472+0000] {logging_mixin.py:190} INFO - [2026-05-21T15:55:45.471+0000] {dag.py:4180} INFO - Setting next_dagrun for retail_sales_data_engineering_pipeline to 2026-05-21 00:00:00+00:00, run_after=2026-05-22 00:00:00+00:00
[2026-05-21T15:55:45.551+0000] {processor.py:208} INFO - Processing /opt/airflow/dags/retail_sales_pipeline_dag.py took 0.303 seconds
[2026-05-21T15:56:15.746+0000] {processor.py:186} INFO - Started process (PID=2267) to work on /opt/airflow/dags/retail_sales_pipeline_dag.py
[2026-05-21T15:56:15.749+0000] {processor.py:914} INFO - Processing file /opt/airflow/dags/retail_sales_pipeline_dag.py for tasks to queue
[2026-05-21T15:56:15.754+0000] {logging_mixin.py:190} INFO - [2026-05-21T15:56:15.753+0000] {dagbag.py:588} INFO - Filling up the DagBag from /opt/airflow/dags/retail_sales_pipeline_dag.py
[2026-05-21T15:56:15.934+0000] {processor.py:925} INFO - DAG(s) 'retail_sales_data_engineering_pipeline' retrieved from /opt/airflow/dags/retail_sales_pipeline_dag.py
[2026-05-21T15:56:15.988+0000] {logging_mixin.py:190} INFO - [2026-05-21T15:56:15.988+0000] {dag.py:3239} INFO - Sync 1 DAGs
[2026-05-21T15:56:16.026+0000] {logging_mixin.py:190} INFO - [2026-05-21T15:56:16.026+0000] {dag.py:4180} INFO - Setting next_dagrun for retail_sales_data_engineering_pipeline to 2026-05-21 00:00:00+00:00, run_after=2026-05-22 00:00:00+00:00
[2026-05-21T15:56:16.062+0000] {processor.py:208} INFO - Processing /opt/airflow/dags/retail_sales_pipeline_dag.py took 0.199 seconds
[2026-05-21T15:56:46.602+0000] {processor.py:186} INFO - Started process (PID=2272) to work on /opt/airflow/dags/retail_sales_pipeline_dag.py
[2026-05-21T15:56:46.605+0000] {processor.py:914} INFO - Processing file /opt/airflow/dags/retail_sales_pipeline_dag.py for tasks to queue
[2026-05-21T15:56:46.612+0000] {logging_mixin.py:190} INFO - [2026-05-21T15:56:46.611+0000] {dagbag.py:588} INFO - Filling up the DagBag from /opt/airflow/dags/retail_sales_pipeline_dag.py
[2026-05-21T15:56:46.653+0000] {processor.py:925} INFO - DAG(s) 'retail_sales_data_engineering_pipeline' retrieved from /opt/airflow/dags/retail_sales_pipeline_dag.py
[2026-05-21T15:56:46.712+0000] {logging_mixin.py:190} INFO - [2026-05-21T15:56:46.712+0000] {dag.py:3239} INFO - Sync 1 DAGs
[2026-05-21T15:56:46.757+0000] {logging_mixin.py:190} INFO - [2026-05-21T15:56:46.756+0000] {dag.py:4180} INFO - Setting next_dagrun for retail_sales_data_engineering_pipeline to 2026-05-21 00:00:00+00:00, run_after=2026-05-22 00:00:00+00:00
[2026-05-21T15:56:46.828+0000] {processor.py:208} INFO - Processing /opt/airflow/dags/retail_sales_pipeline_dag.py took 0.247 seconds
[2026-05-21T15:57:17.477+0000] {processor.py:186} INFO - Started process (PID=2277) to work on /opt/airflow/dags/retail_sales_pipeline_dag.py
[2026-05-21T15:57:17.480+0000] {processor.py:914} INFO - Processing file /opt/airflow/dags/retail_sales_pipeline_dag.py for tasks to queue
[2026-05-21T15:57:17.488+0000] {logging_mixin.py:190} INFO - [2026-05-21T15:57:17.487+0000] {dagbag.py:588} INFO - Filling up the DagBag from /opt/airflow/dags/retail_sales_pipeline_dag.py
[2026-05-21T15:57:17.531+0000] {processor.py:925} INFO - DAG(s) 'retail_sales_data_engineering_pipeline' retrieved from /opt/airflow/dags/retail_sales_pipeline_dag.py
[2026-05-21T15:57:17.597+0000] {logging_mixin.py:190} INFO - [2026-05-21T15:57:17.596+0000] {dag.py:3239} INFO - Sync 1 DAGs
[2026-05-21T15:57:17.646+0000] {logging_mixin.py:190} INFO - [2026-05-21T15:57:17.646+0000] {dag.py:4180} INFO - Setting next_dagrun for retail_sales_data_engineering_pipeline to 2026-05-21 00:00:00+00:00, run_after=2026-05-22 00:00:00+00:00
[2026-05-21T15:57:17.717+0000] {processor.py:208} INFO - Processing /opt/airflow/dags/retail_sales_pipeline_dag.py took 0.254 seconds
[2026-05-21T15:57:48.080+0000] {processor.py:186} INFO - Started process (PID=2282) to work on /opt/airflow/dags/retail_sales_pipeline_dag.py
[2026-05-21T15:57:48.083+0000] {processor.py:914} INFO - Processing file /opt/airflow/dags/retail_sales_pipeline_dag.py for tasks to queue
[2026-05-21T15:57:48.091+0000] {logging_mixin.py:190} INFO - [2026-05-21T15:57:48.090+0000] {dagbag.py:588} INFO - Filling up the DagBag from /opt/airflow/dags/retail_sales_pipeline_dag.py
[2026-05-21T15:57:48.139+0000] {processor.py:925} INFO - DAG(s) 'retail_sales_data_engineering_pipeline' retrieved from /opt/airflow/dags/retail_sales_pipeline_dag.py
[2026-05-21T15:57:48.197+0000] {logging_mixin.py:190} INFO - [2026-05-21T15:57:48.197+0000] {dag.py:3239} INFO - Sync 1 DAGs
[2026-05-21T15:57:48.243+0000] {logging_mixin.py:190} INFO - [2026-05-21T15:57:48.243+0000] {dag.py:4180} INFO - Setting next_dagrun for retail_sales_data_engineering_pipeline to 2026-05-21 00:00:00+00:00, run_after=2026-05-22 00:00:00+00:00
[2026-05-21T15:57:48.282+0000] {processor.py:208} INFO - Processing /opt/airflow/dags/retail_sales_pipeline_dag.py took 0.213 seconds
[2026-05-21T15:58:18.595+0000] {processor.py:186} INFO - Started process (PID=2287) to work on /opt/airflow/dags/retail_sales_pipeline_dag.py
[2026-05-21T15:58:18.599+0000] {processor.py:914} INFO - Processing file /opt/airflow/dags/retail_sales_pipeline_dag.py for tasks to queue
[2026-05-21T15:58:18.608+0000] {logging_mixin.py:190} INFO - [2026-05-21T15:58:18.607+0000] {dagbag.py:588} INFO - Filling up the DagBag from /opt/airflow/dags/retail_sales_pipeline_dag.py
[2026-05-21T15:58:18.650+0000] {processor.py:925} INFO - DAG(s) 'retail_sales_data_engineering_pipeline' retrieved from /opt/airflow/dags/retail_sales_pipeline_dag.py
[2026-05-21T15:58:18.716+0000] {logging_mixin.py:190} INFO - [2026-05-21T15:58:18.716+0000] {dag.py:3239} INFO - Sync 1 DAGs
[2026-05-21T15:58:18.766+0000] {logging_mixin.py:190} INFO - [2026-05-21T15:58:18.766+0000] {dag.py:4180} INFO - Setting next_dagrun for retail_sales_data_engineering_pipeline to 2026-05-21 00:00:00+00:00, run_after=2026-05-22 00:00:00+00:00
[2026-05-21T15:58:18.801+0000] {processor.py:208} INFO - Processing /opt/airflow/dags/retail_sales_pipeline_dag.py took 0.219 seconds
[2026-05-21T15:58:49.327+0000] {processor.py:186} INFO - Started process (PID=2292) to work on /opt/airflow/dags/retail_sales_pipeline_dag.py
[2026-05-21T15:58:49.330+0000] {processor.py:914} INFO - Processing file /opt/airflow/dags/retail_sales_pipeline_dag.py for tasks to queue
[2026-05-21T15:58:49.337+0000] {logging_mixin.py:190} INFO - [2026-05-21T15:58:49.336+0000] {dagbag.py:588} INFO - Filling up the DagBag from /opt/airflow/dags/retail_sales_pipeline_dag.py
[2026-05-21T15:58:49.386+0000] {processor.py:925} INFO - DAG(s) 'retail_sales_data_engineering_pipeline' retrieved from /opt/airflow/dags/retail_sales_pipeline_dag.py
[2026-05-21T15:58:49.452+0000] {logging_mixin.py:190} INFO - [2026-05-21T15:58:49.452+0000] {dag.py:3239} INFO - Sync 1 DAGs
[2026-05-21T15:58:49.499+0000] {logging_mixin.py:190} INFO - [2026-05-21T15:58:49.499+0000] {dag.py:4180} INFO - Setting next_dagrun for retail_sales_data_engineering_pipeline to 2026-05-21 00:00:00+00:00, run_after=2026-05-22 00:00:00+00:00
[2026-05-21T15:58:49.570+0000] {processor.py:208} INFO - Processing /opt/airflow/dags/retail_sales_pipeline_dag.py took 0.254 seconds
[2026-05-21T15:59:19.768+0000] {processor.py:186} INFO - Started process (PID=2297) to work on /opt/airflow/dags/retail_sales_pipeline_dag.py
[2026-05-21T15:59:19.770+0000] {processor.py:914} INFO - Processing file /opt/airflow/dags/retail_sales_pipeline_dag.py for tasks to queue
[2026-05-21T15:59:19.776+0000] {logging_mixin.py:190} INFO - [2026-05-21T15:59:19.776+0000] {dagbag.py:588} INFO - Filling up the DagBag from /opt/airflow/dags/retail_sales_pipeline_dag.py
[2026-05-21T15:59:19.835+0000] {processor.py:925} INFO - DAG(s) 'retail_sales_data_engineering_pipeline' retrieved from /opt/airflow/dags/retail_sales_pipeline_dag.py
[2026-05-21T15:59:19.901+0000] {logging_mixin.py:190} INFO - [2026-05-21T15:59:19.900+0000] {dag.py:3239} INFO - Sync 1 DAGs
[2026-05-21T15:59:19.953+0000] {logging_mixin.py:190} INFO - [2026-05-21T15:59:19.952+0000] {dag.py:4180} INFO - Setting next_dagrun for retail_sales_data_engineering_pipeline to 2026-05-21 00:00:00+00:00, run_after=2026-05-22 00:00:00+00:00
[2026-05-21T15:59:19.993+0000] {processor.py:208} INFO - Processing /opt/airflow/dags/retail_sales_pipeline_dag.py took 0.241 seconds
[2026-05-21T15:59:50.538+0000] {processor.py:186} INFO - Started process (PID=2302) to work on /opt/airflow/dags/retail_sales_pipeline_dag.py
[2026-05-21T15:59:50.541+0000] {processor.py:914} INFO - Processing file /opt/airflow/dags/retail_sales_pipeline_dag.py for tasks to queue
[2026-05-21T15:59:50.546+0000] {logging_mixin.py:190} INFO - [2026-05-21T15:59:50.545+0000] {dagbag.py:588} INFO - Filling up the DagBag from /opt/airflow/dags/retail_sales_pipeline_dag.py
[2026-05-21T15:59:50.587+0000] {processor.py:925} INFO - DAG(s) 'retail_sales_data_engineering_pipeline' retrieved from /opt/airflow/dags/retail_sales_pipeline_dag.py
[2026-05-21T15:59:50.643+0000] {logging_mixin.py:190} INFO - [2026-05-21T15:59:50.643+0000] {dag.py:3239} INFO - Sync 1 DAGs
[2026-05-21T15:59:50.688+0000] {logging_mixin.py:190} INFO - [2026-05-21T15:59:50.688+0000] {dag.py:4180} INFO - Setting next_dagrun for retail_sales_data_engineering_pipeline to 2026-05-21 00:00:00+00:00, run_after=2026-05-22 00:00:00+00:00
[2026-05-21T15:59:50.728+0000] {processor.py:208} INFO - Processing /opt/airflow/dags/retail_sales_pipeline_dag.py took 0.203 seconds
[2026-05-21T16:00:21.373+0000] {processor.py:186} INFO - Started process (PID=2307) to work on /opt/airflow/dags/retail_sales_pipeline_dag.py
[2026-05-21T16:00:21.376+0000] {processor.py:914} INFO - Processing file /opt/airflow/dags/retail_sales_pipeline_dag.py for tasks to queue
[2026-05-21T16:00:21.381+0000] {logging_mixin.py:190} INFO - [2026-05-21T16:00:21.381+0000] {dagbag.py:588} INFO - Filling up the DagBag from /opt/airflow/dags/retail_sales_pipeline_dag.py
[2026-05-21T16:00:21.421+0000] {processor.py:925} INFO - DAG(s) 'retail_sales_data_engineering_pipeline' retrieved from /opt/airflow/dags/retail_sales_pipeline_dag.py
[2026-05-21T16:00:21.475+0000] {logging_mixin.py:190} INFO - [2026-05-21T16:00:21.475+0000] {dag.py:3239} INFO - Sync 1 DAGs
[2026-05-21T16:00:21.531+0000] {logging_mixin.py:190} INFO - [2026-05-21T16:00:21.531+0000] {dag.py:4180} INFO - Setting next_dagrun for retail_sales_data_engineering_pipeline to 2026-05-21 00:00:00+00:00, run_after=2026-05-22 00:00:00+00:00
[2026-05-21T16:00:21.567+0000] {processor.py:208} INFO - Processing /opt/airflow/dags/retail_sales_pipeline_dag.py took 0.206 seconds
[2026-05-21T16:00:52.561+0000] {processor.py:186} INFO - Started process (PID=2312) to work on /opt/airflow/dags/retail_sales_pipeline_dag.py
[2026-05-21T16:00:52.564+0000] {processor.py:914} INFO - Processing file /opt/airflow/dags/retail_sales_pipeline_dag.py for tasks to queue
[2026-05-21T16:00:52.570+0000] {logging_mixin.py:190} INFO - [2026-05-21T16:00:52.570+0000] {dagbag.py:588} INFO - Filling up the DagBag from /opt/airflow/dags/retail_sales_pipeline_dag.py
[2026-05-21T16:00:52.608+0000] {processor.py:925} INFO - DAG(s) 'retail_sales_data_engineering_pipeline' retrieved from /opt/airflow/dags/retail_sales_pipeline_dag.py
[2026-05-21T16:00:52.660+0000] {logging_mixin.py:190} INFO - [2026-05-21T16:00:52.660+0000] {dag.py:3239} INFO - Sync 1 DAGs
[2026-05-21T16:00:52.701+0000] {logging_mixin.py:190} INFO - [2026-05-21T16:00:52.700+0000] {dag.py:4180} INFO - Setting next_dagrun for retail_sales_data_engineering_pipeline to 2026-05-21 00:00:00+00:00, run_after=2026-05-22 00:00:00+00:00
[2026-05-21T16:00:52.735+0000] {processor.py:208} INFO - Processing /opt/airflow/dags/retail_sales_pipeline_dag.py took 0.187 seconds
[2026-05-21T16:01:23.079+0000] {processor.py:186} INFO - Started process (PID=2317) to work on /opt/airflow/dags/retail_sales_pipeline_dag.py
[2026-05-21T16:01:23.082+0000] {processor.py:914} INFO - Processing file /opt/airflow/dags/retail_sales_pipeline_dag.py for tasks to queue
[2026-05-21T16:01:23.088+0000] {logging_mixin.py:190} INFO - [2026-05-21T16:01:23.087+0000] {dagbag.py:588} INFO - Filling up the DagBag from /opt/airflow/dags/retail_sales_pipeline_dag.py
[2026-05-21T16:01:23.142+0000] {processor.py:925} INFO - DAG(s) 'retail_sales_data_engineering_pipeline' retrieved from /opt/airflow/dags/retail_sales_pipeline_dag.py
[2026-05-21T16:01:23.205+0000] {logging_mixin.py:190} INFO - [2026-05-21T16:01:23.205+0000] {dag.py:3239} INFO - Sync 1 DAGs
[2026-05-21T16:01:23.247+0000] {logging_mixin.py:190} INFO - [2026-05-21T16:01:23.247+0000] {dag.py:4180} INFO - Setting next_dagrun for retail_sales_data_engineering_pipeline to 2026-05-21 00:00:00+00:00, run_after=2026-05-22 00:00:00+00:00
[2026-05-21T16:01:23.278+0000] {processor.py:208} INFO - Processing /opt/airflow/dags/retail_sales_pipeline_dag.py took 0.223 seconds
[2026-05-21T16:01:54.020+0000] {processor.py:186} INFO - Started process (PID=2322) to work on /opt/airflow/dags/retail_sales_pipeline_dag.py
[2026-05-21T16:01:54.023+0000] {processor.py:914} INFO - Processing file /opt/airflow/dags/retail_sales_pipeline_dag.py for tasks to queue
[2026-05-21T16:01:54.028+0000] {logging_mixin.py:190} INFO - [2026-05-21T16:01:54.027+0000] {dagbag.py:588} INFO - Filling up the DagBag from /opt/airflow/dags/retail_sales_pipeline_dag.py
[2026-05-21T16:01:54.070+0000] {processor.py:925} INFO - DAG(s) 'retail_sales_data_engineering_pipeline' retrieved from /opt/airflow/dags/retail_sales_pipeline_dag.py
[2026-05-21T16:01:54.124+0000] {logging_mixin.py:190} INFO - [2026-05-21T16:01:54.123+0000] {dag.py:3239} INFO - Sync 1 DAGs
[2026-05-21T16:01:54.168+0000] {logging_mixin.py:190} INFO - [2026-05-21T16:01:54.168+0000] {dag.py:4180} INFO - Setting next_dagrun for retail_sales_data_engineering_pipeline to 2026-05-21 00:00:00+00:00, run_after=2026-05-22 00:00:00+00:00
[2026-05-21T16:01:54.206+0000] {processor.py:208} INFO - Processing /opt/airflow/dags/retail_sales_pipeline_dag.py took 0.197 seconds
[2026-05-21T16:02:24.790+0000] {processor.py:186} INFO - Started process (PID=2327) to work on /opt/airflow/dags/retail_sales_pipeline_dag.py
[2026-05-21T16:02:24.792+0000] {processor.py:914} INFO - Processing file /opt/airflow/dags/retail_sales_pipeline_dag.py for tasks to queue
[2026-05-21T16:02:24.798+0000] {logging_mixin.py:190} INFO - [2026-05-21T16:02:24.798+0000] {dagbag.py:588} INFO - Filling up the DagBag from /opt/airflow/dags/retail_sales_pipeline_dag.py
[2026-05-21T16:02:24.841+0000] {processor.py:925} INFO - DAG(s) 'retail_sales_data_engineering_pipeline' retrieved from /opt/airflow/dags/retail_sales_pipeline_dag.py
[2026-05-21T16:02:24.913+0000] {logging_mixin.py:190} INFO - [2026-05-21T16:02:24.912+0000] {dag.py:3239} INFO - Sync 1 DAGs
[2026-05-21T16:02:24.954+0000] {logging_mixin.py:190} INFO - [2026-05-21T16:02:24.954+0000] {dag.py:4180} INFO - Setting next_dagrun for retail_sales_data_engineering_pipeline to 2026-05-21 00:00:00+00:00, run_after=2026-05-22 00:00:00+00:00
[2026-05-21T16:02:24.986+0000] {processor.py:208} INFO - Processing /opt/airflow/dags/retail_sales_pipeline_dag.py took 0.207 seconds
[2026-05-21T16:02:55.724+0000] {processor.py:186} INFO - Started process (PID=2332) to work on /opt/airflow/dags/retail_sales_pipeline_dag.py
[2026-05-21T16:02:55.726+0000] {processor.py:914} INFO - Processing file /opt/airflow/dags/retail_sales_pipeline_dag.py for tasks to queue
[2026-05-21T16:02:55.732+0000] {logging_mixin.py:190} INFO - [2026-05-21T16:02:55.731+0000] {dagbag.py:588} INFO - Filling up the DagBag from /opt/airflow/dags/retail_sales_pipeline_dag.py
[2026-05-21T16:02:55.783+0000] {processor.py:925} INFO - DAG(s) 'retail_sales_data_engineering_pipeline' retrieved from /opt/airflow/dags/retail_sales_pipeline_dag.py
[2026-05-21T16:02:55.866+0000] {logging_mixin.py:190} INFO - [2026-05-21T16:02:55.865+0000] {dag.py:3239} INFO - Sync 1 DAGs
[2026-05-21T16:02:55.935+0000] {logging_mixin.py:190} INFO - [2026-05-21T16:02:55.934+0000] {dag.py:4180} INFO - Setting next_dagrun for retail_sales_data_engineering_pipeline to 2026-05-21 00:00:00+00:00, run_after=2026-05-22 00:00:00+00:00
[2026-05-21T16:02:55.976+0000] {processor.py:208} INFO - Processing /opt/airflow/dags/retail_sales_pipeline_dag.py took 0.269 seconds
[2026-05-21T16:03:26.284+0000] {processor.py:186} INFO - Started process (PID=2337) to work on /opt/airflow/dags/retail_sales_pipeline_dag.py
[2026-05-21T16:03:26.287+0000] {processor.py:914} INFO - Processing file /opt/airflow/dags/retail_sales_pipeline_dag.py for tasks to queue
[2026-05-21T16:03:26.293+0000] {logging_mixin.py:190} INFO - [2026-05-21T16:03:26.293+0000] {dagbag.py:588} INFO - Filling up the DagBag from /opt/airflow/dags/retail_sales_pipeline_dag.py
[2026-05-21T16:03:26.341+0000] {processor.py:925} INFO - DAG(s) 'retail_sales_data_engineering_pipeline' retrieved from /opt/airflow/dags/retail_sales_pipeline_dag.py
[2026-05-21T16:03:26.406+0000] {logging_mixin.py:190} INFO - [2026-05-21T16:03:26.405+0000] {dag.py:3239} INFO - Sync 1 DAGs
[2026-05-21T16:03:26.455+0000] {logging_mixin.py:190} INFO - [2026-05-21T16:03:26.455+0000] {dag.py:4180} INFO - Setting next_dagrun for retail_sales_data_engineering_pipeline to 2026-05-21 00:00:00+00:00, run_after=2026-05-22 00:00:00+00:00
[2026-05-21T16:03:26.491+0000] {processor.py:208} INFO - Processing /opt/airflow/dags/retail_sales_pipeline_dag.py took 0.220 seconds
[2026-05-21T16:03:56.728+0000] {processor.py:186} INFO - Started process (PID=2342) to work on /opt/airflow/dags/retail_sales_pipeline_dag.py
[2026-05-21T16:03:56.731+0000] {processor.py:914} INFO - Processing file /opt/airflow/dags/retail_sales_pipeline_dag.py for tasks to queue
[2026-05-21T16:03:56.736+0000] {logging_mixin.py:190} INFO - [2026-05-21T16:03:56.735+0000] {dagbag.py:588} INFO - Filling up the DagBag from /opt/airflow/dags/retail_sales_pipeline_dag.py
[2026-05-21T16:03:56.782+0000] {processor.py:925} INFO - DAG(s) 'retail_sales_data_engineering_pipeline' retrieved from /opt/airflow/dags/retail_sales_pipeline_dag.py
[2026-05-21T16:03:56.846+0000] {logging_mixin.py:190} INFO - [2026-05-21T16:03:56.846+0000] {dag.py:3239} INFO - Sync 1 DAGs
[2026-05-21T16:03:56.894+0000] {logging_mixin.py:190} INFO - [2026-05-21T16:03:56.894+0000] {dag.py:4180} INFO - Setting next_dagrun for retail_sales_data_engineering_pipeline to 2026-05-21 00:00:00+00:00, run_after=2026-05-22 00:00:00+00:00
[2026-05-21T16:03:56.927+0000] {processor.py:208} INFO - Processing /opt/airflow/dags/retail_sales_pipeline_dag.py took 0.214 seconds
[2026-05-21T16:04:27.425+0000] {processor.py:186} INFO - Started process (PID=2347) to work on /opt/airflow/dags/retail_sales_pipeline_dag.py
[2026-05-21T16:04:27.427+0000] {processor.py:914} INFO - Processing file /opt/airflow/dags/retail_sales_pipeline_dag.py for tasks to queue
[2026-05-21T16:04:27.432+0000] {logging_mixin.py:190} INFO - [2026-05-21T16:04:27.431+0000] {dagbag.py:588} INFO - Filling up the DagBag from /opt/airflow/dags/retail_sales_pipeline_dag.py
[2026-05-21T16:04:27.469+0000] {processor.py:925} INFO - DAG(s) 'retail_sales_data_engineering_pipeline' retrieved from /opt/airflow/dags/retail_sales_pipeline_dag.py
[2026-05-21T16:04:27.521+0000] {logging_mixin.py:190} INFO - [2026-05-21T16:04:27.520+0000] {dag.py:3239} INFO - Sync 1 DAGs
[2026-05-21T16:04:27.562+0000] {logging_mixin.py:190} INFO - [2026-05-21T16:04:27.561+0000] {dag.py:4180} INFO - Setting next_dagrun for retail_sales_data_engineering_pipeline to 2026-05-21 00:00:00+00:00, run_after=2026-05-22 00:00:00+00:00
[2026-05-21T16:04:27.594+0000] {processor.py:208} INFO - Processing /opt/airflow/dags/retail_sales_pipeline_dag.py took 0.180 seconds
[2026-05-21T16:04:58.061+0000] {processor.py:186} INFO - Started process (PID=2352) to work on /opt/airflow/dags/retail_sales_pipeline_dag.py
[2026-05-21T16:04:58.064+0000] {processor.py:914} INFO - Processing file /opt/airflow/dags/retail_sales_pipeline_dag.py for tasks to queue
[2026-05-21T16:04:58.070+0000] {logging_mixin.py:190} INFO - [2026-05-21T16:04:58.069+0000] {dagbag.py:588} INFO - Filling up the DagBag from /opt/airflow/dags/retail_sales_pipeline_dag.py
[2026-05-21T16:04:58.116+0000] {processor.py:925} INFO - DAG(s) 'retail_sales_data_engineering_pipeline' retrieved from /opt/airflow/dags/retail_sales_pipeline_dag.py
[2026-05-21T16:04:58.179+0000] {logging_mixin.py:190} INFO - [2026-05-21T16:04:58.178+0000] {dag.py:3239} INFO - Sync 1 DAGs
[2026-05-21T16:04:58.237+0000] {logging_mixin.py:190} INFO - [2026-05-21T16:04:58.236+0000] {dag.py:4180} INFO - Setting next_dagrun for retail_sales_data_engineering_pipeline to 2026-05-21 00:00:00+00:00, run_after=2026-05-22 00:00:00+00:00
[2026-05-21T16:04:58.287+0000] {processor.py:208} INFO - Processing /opt/airflow/dags/retail_sales_pipeline_dag.py took 0.242 seconds
[2026-05-21T16:05:28.764+0000] {processor.py:186} INFO - Started process (PID=2357) to work on /opt/airflow/dags/retail_sales_pipeline_dag.py
[2026-05-21T16:05:28.766+0000] {processor.py:914} INFO - Processing file /opt/airflow/dags/retail_sales_pipeline_dag.py for tasks to queue
[2026-05-21T16:05:28.771+0000] {logging_mixin.py:190} INFO - [2026-05-21T16:05:28.770+0000] {dagbag.py:588} INFO - Filling up the DagBag from /opt/airflow/dags/retail_sales_pipeline_dag.py
[2026-05-21T16:05:28.812+0000] {processor.py:925} INFO - DAG(s) 'retail_sales_data_engineering_pipeline' retrieved from /opt/airflow/dags/retail_sales_pipeline_dag.py
[2026-05-21T16:05:28.876+0000] {logging_mixin.py:190} INFO - [2026-05-21T16:05:28.876+0000] {dag.py:3239} INFO - Sync 1 DAGs
[2026-05-21T16:05:28.919+0000] {logging_mixin.py:190} INFO - [2026-05-21T16:05:28.918+0000] {dag.py:4180} INFO - Setting next_dagrun for retail_sales_data_engineering_pipeline to 2026-05-21 00:00:00+00:00, run_after=2026-05-22 00:00:00+00:00
[2026-05-21T16:05:28.955+0000] {processor.py:208} INFO - Processing /opt/airflow/dags/retail_sales_pipeline_dag.py took 0.203 seconds
[2026-05-21T16:05:59.661+0000] {processor.py:186} INFO - Started process (PID=2362) to work on /opt/airflow/dags/retail_sales_pipeline_dag.py
[2026-05-21T16:05:59.664+0000] {processor.py:914} INFO - Processing file /opt/airflow/dags/retail_sales_pipeline_dag.py for tasks to queue
[2026-05-21T16:05:59.669+0000] {logging_mixin.py:190} INFO - [2026-05-21T16:05:59.668+0000] {dagbag.py:588} INFO - Filling up the DagBag from /opt/airflow/dags/retail_sales_pipeline_dag.py
[2026-05-21T16:05:59.710+0000] {processor.py:925} INFO - DAG(s) 'retail_sales_data_engineering_pipeline' retrieved from /opt/airflow/dags/retail_sales_pipeline_dag.py
[2026-05-21T16:05:59.770+0000] {logging_mixin.py:190} INFO - [2026-05-21T16:05:59.770+0000] {dag.py:3239} INFO - Sync 1 DAGs
[2026-05-21T16:05:59.818+0000] {logging_mixin.py:190} INFO - [2026-05-21T16:05:59.818+0000] {dag.py:4180} INFO - Setting next_dagrun for retail_sales_data_engineering_pipeline to 2026-05-21 00:00:00+00:00, run_after=2026-05-22 00:00:00+00:00
[2026-05-21T16:05:59.849+0000] {processor.py:208} INFO - Processing /opt/airflow/dags/retail_sales_pipeline_dag.py took 0.200 seconds
[2026-05-21T16:06:30.535+0000] {processor.py:186} INFO - Started process (PID=2367) to work on /opt/airflow/dags/retail_sales_pipeline_dag.py
[2026-05-21T16:06:30.537+0000] {processor.py:914} INFO - Processing file /opt/airflow/dags/retail_sales_pipeline_dag.py for tasks to queue
[2026-05-21T16:06:30.543+0000] {logging_mixin.py:190} INFO - [2026-05-21T16:06:30.542+0000] {dagbag.py:588} INFO - Filling up the DagBag from /opt/airflow/dags/retail_sales_pipeline_dag.py
[2026-05-21T16:06:30.586+0000] {processor.py:925} INFO - DAG(s) 'retail_sales_data_engineering_pipeline' retrieved from /opt/airflow/dags/retail_sales_pipeline_dag.py
[2026-05-21T16:06:30.644+0000] {logging_mixin.py:190} INFO - [2026-05-21T16:06:30.643+0000] {dag.py:3239} INFO - Sync 1 DAGs
[2026-05-21T16:06:30.694+0000] {logging_mixin.py:190} INFO - [2026-05-21T16:06:30.694+0000] {dag.py:4180} INFO - Setting next_dagrun for retail_sales_data_engineering_pipeline to 2026-05-21 00:00:00+00:00, run_after=2026-05-22 00:00:00+00:00
[2026-05-21T16:06:30.732+0000] {processor.py:208} INFO - Processing /opt/airflow/dags/retail_sales_pipeline_dag.py took 0.209 seconds
[2026-05-21T16:07:01.022+0000] {processor.py:186} INFO - Started process (PID=2372) to work on /opt/airflow/dags/retail_sales_pipeline_dag.py
[2026-05-21T16:07:01.024+0000] {processor.py:914} INFO - Processing file /opt/airflow/dags/retail_sales_pipeline_dag.py for tasks to queue
[2026-05-21T16:07:01.029+0000] {logging_mixin.py:190} INFO - [2026-05-21T16:07:01.028+0000] {dagbag.py:588} INFO - Filling up the DagBag from /opt/airflow/dags/retail_sales_pipeline_dag.py
[2026-05-21T16:07:01.077+0000] {processor.py:925} INFO - DAG(s) 'retail_sales_data_engineering_pipeline' retrieved from /opt/airflow/dags/retail_sales_pipeline_dag.py
[2026-05-21T16:07:01.146+0000] {logging_mixin.py:190} INFO - [2026-05-21T16:07:01.145+0000] {dag.py:3239} INFO - Sync 1 DAGs
[2026-05-21T16:07:01.205+0000] {logging_mixin.py:190} INFO - [2026-05-21T16:07:01.205+0000] {dag.py:4180} INFO - Setting next_dagrun for retail_sales_data_engineering_pipeline to 2026-05-21 00:00:00+00:00, run_after=2026-05-22 00:00:00+00:00
[2026-05-21T16:07:01.248+0000] {processor.py:208} INFO - Processing /opt/airflow/dags/retail_sales_pipeline_dag.py took 0.236 seconds
[2026-05-21T16:07:31.755+0000] {processor.py:186} INFO - Started process (PID=2377) to work on /opt/airflow/dags/retail_sales_pipeline_dag.py
[2026-05-21T16:07:31.758+0000] {processor.py:914} INFO - Processing file /opt/airflow/dags/retail_sales_pipeline_dag.py for tasks to queue
[2026-05-21T16:07:31.764+0000] {logging_mixin.py:190} INFO - [2026-05-21T16:07:31.763+0000] {dagbag.py:588} INFO - Filling up the DagBag from /opt/airflow/dags/retail_sales_pipeline_dag.py
[2026-05-21T16:07:31.805+0000] {processor.py:925} INFO - DAG(s) 'retail_sales_data_engineering_pipeline' retrieved from /opt/airflow/dags/retail_sales_pipeline_dag.py
[2026-05-21T16:07:31.862+0000] {logging_mixin.py:190} INFO - [2026-05-21T16:07:31.862+0000] {dag.py:3239} INFO - Sync 1 DAGs
[2026-05-21T16:07:31.904+0000] {logging_mixin.py:190} INFO - [2026-05-21T16:07:31.904+0000] {dag.py:4180} INFO - Setting next_dagrun for retail_sales_data_engineering_pipeline to 2026-05-21 00:00:00+00:00, run_after=2026-05-22 00:00:00+00:00
[2026-05-21T16:07:31.936+0000] {processor.py:208} INFO - Processing /opt/airflow/dags/retail_sales_pipeline_dag.py took 0.194 seconds
[2026-05-21T16:08:02.669+0000] {processor.py:186} INFO - Started process (PID=2382) to work on /opt/airflow/dags/retail_sales_pipeline_dag.py
[2026-05-21T16:08:02.672+0000] {processor.py:914} INFO - Processing file /opt/airflow/dags/retail_sales_pipeline_dag.py for tasks to queue
[2026-05-21T16:08:02.677+0000] {logging_mixin.py:190} INFO - [2026-05-21T16:08:02.676+0000] {dagbag.py:588} INFO - Filling up the DagBag from /opt/airflow/dags/retail_sales_pipeline_dag.py
[2026-05-21T16:08:02.725+0000] {processor.py:925} INFO - DAG(s) 'retail_sales_data_engineering_pipeline' retrieved from /opt/airflow/dags/retail_sales_pipeline_dag.py
[2026-05-21T16:08:02.786+0000] {logging_mixin.py:190} INFO - [2026-05-21T16:08:02.786+0000] {dag.py:3239} INFO - Sync 1 DAGs
[2026-05-21T16:08:02.827+0000] {logging_mixin.py:190} INFO - [2026-05-21T16:08:02.827+0000] {dag.py:4180} INFO - Setting next_dagrun for retail_sales_data_engineering_pipeline to 2026-05-21 00:00:00+00:00, run_after=2026-05-22 00:00:00+00:00
[2026-05-21T16:08:02.861+0000] {processor.py:208} INFO - Processing /opt/airflow/dags/retail_sales_pipeline_dag.py took 0.204 seconds
[2026-05-21T16:08:33.338+0000] {processor.py:186} INFO - Started process (PID=2387) to work on /opt/airflow/dags/retail_sales_pipeline_dag.py
[2026-05-21T16:08:33.341+0000] {processor.py:914} INFO - Processing file /opt/airflow/dags/retail_sales_pipeline_dag.py for tasks to queue
[2026-05-21T16:08:33.347+0000] {logging_mixin.py:190} INFO - [2026-05-21T16:08:33.346+0000] {dagbag.py:588} INFO - Filling up the DagBag from /opt/airflow/dags/retail_sales_pipeline_dag.py
[2026-05-21T16:08:33.391+0000] {processor.py:925} INFO - DAG(s) 'retail_sales_data_engineering_pipeline' retrieved from /opt/airflow/dags/retail_sales_pipeline_dag.py
[2026-05-21T16:08:33.452+0000] {logging_mixin.py:190} INFO - [2026-05-21T16:08:33.451+0000] {dag.py:3239} INFO - Sync 1 DAGs
[2026-05-21T16:08:33.489+0000] {logging_mixin.py:190} INFO - [2026-05-21T16:08:33.489+0000] {dag.py:4180} INFO - Setting next_dagrun for retail_sales_data_engineering_pipeline to 2026-05-21 00:00:00+00:00, run_after=2026-05-22 00:00:00+00:00
[2026-05-21T16:08:33.525+0000] {processor.py:208} INFO - Processing /opt/airflow/dags/retail_sales_pipeline_dag.py took 0.200 seconds
[2026-05-21T16:09:04.010+0000] {processor.py:186} INFO - Started process (PID=2392) to work on /opt/airflow/dags/retail_sales_pipeline_dag.py
[2026-05-21T16:09:04.013+0000] {processor.py:914} INFO - Processing file /opt/airflow/dags/retail_sales_pipeline_dag.py for tasks to queue
[2026-05-21T16:09:04.020+0000] {logging_mixin.py:190} INFO - [2026-05-21T16:09:04.018+0000] {dagbag.py:588} INFO - Filling up the DagBag from /opt/airflow/dags/retail_sales_pipeline_dag.py
[2026-05-21T16:09:04.062+0000] {processor.py:925} INFO - DAG(s) 'retail_sales_data_engineering_pipeline' retrieved from /opt/airflow/dags/retail_sales_pipeline_dag.py
[2026-05-21T16:09:04.130+0000] {logging_mixin.py:190} INFO - [2026-05-21T16:09:04.130+0000] {dag.py:3239} INFO - Sync 1 DAGs
[2026-05-21T16:09:04.173+0000] {logging_mixin.py:190} INFO - [2026-05-21T16:09:04.173+0000] {dag.py:4180} INFO - Setting next_dagrun for retail_sales_data_engineering_pipeline to 2026-05-21 00:00:00+00:00, run_after=2026-05-22 00:00:00+00:00
[2026-05-21T16:09:04.207+0000] {processor.py:208} INFO - Processing /opt/airflow/dags/retail_sales_pipeline_dag.py took 0.210 seconds
[2026-05-21T16:09:34.696+0000] {processor.py:186} INFO - Started process (PID=2397) to work on /opt/airflow/dags/retail_sales_pipeline_dag.py
[2026-05-21T16:09:34.699+0000] {processor.py:914} INFO - Processing file /opt/airflow/dags/retail_sales_pipeline_dag.py for tasks to queue
[2026-05-21T16:09:34.705+0000] {logging_mixin.py:190} INFO - [2026-05-21T16:09:34.704+0000] {dagbag.py:588} INFO - Filling up the DagBag from /opt/airflow/dags/retail_sales_pipeline_dag.py
[2026-05-21T16:09:34.749+0000] {processor.py:925} INFO - DAG(s) 'retail_sales_data_engineering_pipeline' retrieved from /opt/airflow/dags/retail_sales_pipeline_dag.py
[2026-05-21T16:09:34.811+0000] {logging_mixin.py:190} INFO - [2026-05-21T16:09:34.811+0000] {dag.py:3239} INFO - Sync 1 DAGs
[2026-05-21T16:09:34.858+0000] {logging_mixin.py:190} INFO - [2026-05-21T16:09:34.857+0000] {dag.py:4180} INFO - Setting next_dagrun for retail_sales_data_engineering_pipeline to 2026-05-21 00:00:00+00:00, run_after=2026-05-22 00:00:00+00:00
[2026-05-21T16:09:34.895+0000] {processor.py:208} INFO - Processing /opt/airflow/dags/retail_sales_pipeline_dag.py took 0.212 seconds
[2026-05-21T16:10:05.160+0000] {processor.py:186} INFO - Started process (PID=2402) to work on /opt/airflow/dags/retail_sales_pipeline_dag.py
[2026-05-21T16:10:05.163+0000] {processor.py:914} INFO - Processing file /opt/airflow/dags/retail_sales_pipeline_dag.py for tasks to queue
[2026-05-21T16:10:05.169+0000] {logging_mixin.py:190} INFO - [2026-05-21T16:10:05.169+0000] {dagbag.py:588} INFO - Filling up the DagBag from /opt/airflow/dags/retail_sales_pipeline_dag.py
[2026-05-21T16:10:05.214+0000] {processor.py:925} INFO - DAG(s) 'retail_sales_data_engineering_pipeline' retrieved from /opt/airflow/dags/retail_sales_pipeline_dag.py
[2026-05-21T16:10:05.276+0000] {logging_mixin.py:190} INFO - [2026-05-21T16:10:05.275+0000] {dag.py:3239} INFO - Sync 1 DAGs
[2026-05-21T16:10:05.324+0000] {logging_mixin.py:190} INFO - [2026-05-21T16:10:05.324+0000] {dag.py:4180} INFO - Setting next_dagrun for retail_sales_data_engineering_pipeline to 2026-05-21 00:00:00+00:00, run_after=2026-05-22 00:00:00+00:00
[2026-05-21T16:10:05.364+0000] {processor.py:208} INFO - Processing /opt/airflow/dags/retail_sales_pipeline_dag.py took 0.218 seconds
[2026-05-21T16:10:35.865+0000] {processor.py:186} INFO - Started process (PID=2407) to work on /opt/airflow/dags/retail_sales_pipeline_dag.py
[2026-05-21T16:10:35.868+0000] {processor.py:914} INFO - Processing file /opt/airflow/dags/retail_sales_pipeline_dag.py for tasks to queue
[2026-05-21T16:10:35.876+0000] {logging_mixin.py:190} INFO - [2026-05-21T16:10:35.875+0000] {dagbag.py:588} INFO - Filling up the DagBag from /opt/airflow/dags/retail_sales_pipeline_dag.py
[2026-05-21T16:10:35.923+0000] {processor.py:925} INFO - DAG(s) 'retail_sales_data_engineering_pipeline' retrieved from /opt/airflow/dags/retail_sales_pipeline_dag.py
[2026-05-21T16:10:36.012+0000] {logging_mixin.py:190} INFO - [2026-05-21T16:10:36.012+0000] {dag.py:3239} INFO - Sync 1 DAGs
[2026-05-21T16:10:36.088+0000] {logging_mixin.py:190} INFO - [2026-05-21T16:10:36.088+0000] {dag.py:4180} INFO - Setting next_dagrun for retail_sales_data_engineering_pipeline to 2026-05-21 00:00:00+00:00, run_after=2026-05-22 00:00:00+00:00
[2026-05-21T16:10:36.126+0000] {processor.py:208} INFO - Processing /opt/airflow/dags/retail_sales_pipeline_dag.py took 0.277 seconds
[2026-05-21T16:11:06.585+0000] {processor.py:186} INFO - Started process (PID=2412) to work on /opt/airflow/dags/retail_sales_pipeline_dag.py
[2026-05-21T16:11:06.587+0000] {processor.py:914} INFO - Processing file /opt/airflow/dags/retail_sales_pipeline_dag.py for tasks to queue
[2026-05-21T16:11:06.592+0000] {logging_mixin.py:190} INFO - [2026-05-21T16:11:06.591+0000] {dagbag.py:588} INFO - Filling up the DagBag from /opt/airflow/dags/retail_sales_pipeline_dag.py
[2026-05-21T16:11:06.639+0000] {processor.py:925} INFO - DAG(s) 'retail_sales_data_engineering_pipeline' retrieved from /opt/airflow/dags/retail_sales_pipeline_dag.py
[2026-05-21T16:11:06.701+0000] {logging_mixin.py:190} INFO - [2026-05-21T16:11:06.701+0000] {dag.py:3239} INFO - Sync 1 DAGs
[2026-05-21T16:11:06.744+0000] {logging_mixin.py:190} INFO - [2026-05-21T16:11:06.744+0000] {dag.py:4180} INFO - Setting next_dagrun for retail_sales_data_engineering_pipeline to 2026-05-21 00:00:00+00:00, run_after=2026-05-22 00:00:00+00:00
[2026-05-21T16:11:06.783+0000] {processor.py:208} INFO - Processing /opt/airflow/dags/retail_sales_pipeline_dag.py took 0.209 seconds
[2026-05-21T16:11:37.207+0000] {processor.py:186} INFO - Started process (PID=2417) to work on /opt/airflow/dags/retail_sales_pipeline_dag.py
[2026-05-21T16:11:37.210+0000] {processor.py:914} INFO - Processing file /opt/airflow/dags/retail_sales_pipeline_dag.py for tasks to queue
[2026-05-21T16:11:37.215+0000] {logging_mixin.py:190} INFO - [2026-05-21T16:11:37.214+0000] {dagbag.py:588} INFO - Filling up the DagBag from /opt/airflow/dags/retail_sales_pipeline_dag.py
[2026-05-21T16:11:37.259+0000] {processor.py:925} INFO - DAG(s) 'retail_sales_data_engineering_pipeline' retrieved from /opt/airflow/dags/retail_sales_pipeline_dag.py
[2026-05-21T16:11:37.319+0000] {logging_mixin.py:190} INFO - [2026-05-21T16:11:37.318+0000] {dag.py:3239} INFO - Sync 1 DAGs
[2026-05-21T16:11:37.362+0000] {logging_mixin.py:190} INFO - [2026-05-21T16:11:37.361+0000] {dag.py:4180} INFO - Setting next_dagrun for retail_sales_data_engineering_pipeline to 2026-05-21 00:00:00+00:00, run_after=2026-05-22 00:00:00+00:00
[2026-05-21T16:11:37.395+0000] {processor.py:208} INFO - Processing /opt/airflow/dags/retail_sales_pipeline_dag.py took 0.199 seconds
[2026-05-21T16:12:08.224+0000] {processor.py:186} INFO - Started process (PID=2422) to work on /opt/airflow/dags/retail_sales_pipeline_dag.py
[2026-05-21T16:12:08.227+0000] {processor.py:914} INFO - Processing file /opt/airflow/dags/retail_sales_pipeline_dag.py for tasks to queue
[2026-05-21T16:12:08.233+0000] {logging_mixin.py:190} INFO - [2026-05-21T16:12:08.233+0000] {dagbag.py:588} INFO - Filling up the DagBag from /opt/airflow/dags/retail_sales_pipeline_dag.py
[2026-05-21T16:12:08.278+0000] {processor.py:925} INFO - DAG(s) 'retail_sales_data_engineering_pipeline' retrieved from /opt/airflow/dags/retail_sales_pipeline_dag.py
[2026-05-21T16:12:08.335+0000] {logging_mixin.py:190} INFO - [2026-05-21T16:12:08.335+0000] {dag.py:3239} INFO - Sync 1 DAGs
[2026-05-21T16:12:08.385+0000] {logging_mixin.py:190} INFO - [2026-05-21T16:12:08.382+0000] {dag.py:4180} INFO - Setting next_dagrun for retail_sales_data_engineering_pipeline to 2026-05-21 00:00:00+00:00, run_after=2026-05-22 00:00:00+00:00
[2026-05-21T16:12:08.428+0000] {processor.py:208} INFO - Processing /opt/airflow/dags/retail_sales_pipeline_dag.py took 0.222 seconds
[2026-05-21T16:12:39.181+0000] {processor.py:186} INFO - Started process (PID=2427) to work on /opt/airflow/dags/retail_sales_pipeline_dag.py
[2026-05-21T16:12:39.184+0000] {processor.py:914} INFO - Processing file /opt/airflow/dags/retail_sales_pipeline_dag.py for tasks to queue
[2026-05-21T16:12:39.189+0000] {logging_mixin.py:190} INFO - [2026-05-21T16:12:39.188+0000] {dagbag.py:588} INFO - Filling up the DagBag from /opt/airflow/dags/retail_sales_pipeline_dag.py
[2026-05-21T16:12:39.223+0000] {processor.py:925} INFO - DAG(s) 'retail_sales_data_engineering_pipeline' retrieved from /opt/airflow/dags/retail_sales_pipeline_dag.py
[2026-05-21T16:12:39.281+0000] {logging_mixin.py:190} INFO - [2026-05-21T16:12:39.280+0000] {dag.py:3239} INFO - Sync 1 DAGs
[2026-05-21T16:12:39.323+0000] {logging_mixin.py:190} INFO - [2026-05-21T16:12:39.322+0000] {dag.py:4180} INFO - Setting next_dagrun for retail_sales_data_engineering_pipeline to 2026-05-21 00:00:00+00:00, run_after=2026-05-22 00:00:00+00:00
[2026-05-21T16:12:39.356+0000] {processor.py:208} INFO - Processing /opt/airflow/dags/retail_sales_pipeline_dag.py took 0.188 seconds
[2026-05-21T16:13:09.799+0000] {processor.py:186} INFO - Started process (PID=2432) to work on /opt/airflow/dags/retail_sales_pipeline_dag.py
[2026-05-21T16:13:09.802+0000] {processor.py:914} INFO - Processing file /opt/airflow/dags/retail_sales_pipeline_dag.py for tasks to queue
[2026-05-21T16:13:09.808+0000] {logging_mixin.py:190} INFO - [2026-05-21T16:13:09.806+0000] {dagbag.py:588} INFO - Filling up the DagBag from /opt/airflow/dags/retail_sales_pipeline_dag.py
[2026-05-21T16:13:09.854+0000] {processor.py:925} INFO - DAG(s) 'retail_sales_data_engineering_pipeline' retrieved from /opt/airflow/dags/retail_sales_pipeline_dag.py
[2026-05-21T16:13:09.924+0000] {logging_mixin.py:190} INFO - [2026-05-21T16:13:09.923+0000] {dag.py:3239} INFO - Sync 1 DAGs
[2026-05-21T16:13:09.970+0000] {logging_mixin.py:190} INFO - [2026-05-21T16:13:09.969+0000] {dag.py:4180} INFO - Setting next_dagrun for retail_sales_data_engineering_pipeline to 2026-05-21 00:00:00+00:00, run_after=2026-05-22 00:00:00+00:00
[2026-05-21T16:13:10.011+0000] {processor.py:208} INFO - Processing /opt/airflow/dags/retail_sales_pipeline_dag.py took 0.229 seconds
[2026-05-21T16:13:40.472+0000] {processor.py:186} INFO - Started process (PID=2437) to work on /opt/airflow/dags/retail_sales_pipeline_dag.py
[2026-05-21T16:13:40.474+0000] {processor.py:914} INFO - Processing file /opt/airflow/dags/retail_sales_pipeline_dag.py for tasks to queue
[2026-05-21T16:13:40.481+0000] {logging_mixin.py:190} INFO - [2026-05-21T16:13:40.479+0000] {dagbag.py:588} INFO - Filling up the DagBag from /opt/airflow/dags/retail_sales_pipeline_dag.py
[2026-05-21T16:13:40.520+0000] {processor.py:925} INFO - DAG(s) 'retail_sales_data_engineering_pipeline' retrieved from /opt/airflow/dags/retail_sales_pipeline_dag.py
[2026-05-21T16:13:40.573+0000] {logging_mixin.py:190} INFO - [2026-05-21T16:13:40.573+0000] {dag.py:3239} INFO - Sync 1 DAGs
[2026-05-21T16:13:40.620+0000] {logging_mixin.py:190} INFO - [2026-05-21T16:13:40.620+0000] {dag.py:4180} INFO - Setting next_dagrun for retail_sales_data_engineering_pipeline to 2026-05-21 00:00:00+00:00, run_after=2026-05-22 00:00:00+00:00
[2026-05-21T16:13:40.651+0000] {processor.py:208} INFO - Processing /opt/airflow/dags/retail_sales_pipeline_dag.py took 0.191 seconds
[2026-05-21T16:14:11.304+0000] {processor.py:186} INFO - Started process (PID=2442) to work on /opt/airflow/dags/retail_sales_pipeline_dag.py
[2026-05-21T16:14:11.306+0000] {processor.py:914} INFO - Processing file /opt/airflow/dags/retail_sales_pipeline_dag.py for tasks to queue
[2026-05-21T16:14:11.311+0000] {logging_mixin.py:190} INFO - [2026-05-21T16:14:11.311+0000] {dagbag.py:588} INFO - Filling up the DagBag from /opt/airflow/dags/retail_sales_pipeline_dag.py
[2026-05-21T16:14:11.355+0000] {processor.py:925} INFO - DAG(s) 'retail_sales_data_engineering_pipeline' retrieved from /opt/airflow/dags/retail_sales_pipeline_dag.py
[2026-05-21T16:14:11.422+0000] {logging_mixin.py:190} INFO - [2026-05-21T16:14:11.422+0000] {dag.py:3239} INFO - Sync 1 DAGs
[2026-05-21T16:14:11.469+0000] {logging_mixin.py:190} INFO - [2026-05-21T16:14:11.469+0000] {dag.py:4180} INFO - Setting next_dagrun for retail_sales_data_engineering_pipeline to 2026-05-21 00:00:00+00:00, run_after=2026-05-22 00:00:00+00:00
[2026-05-21T16:14:12.100+0000] {processor.py:208} INFO - Processing /opt/airflow/dags/retail_sales_pipeline_dag.py took 0.212 seconds
[2026-05-21T16:14:42.307+0000] {processor.py:186} INFO - Started process (PID=2447) to work on /opt/airflow/dags/retail_sales_pipeline_dag.py
[2026-05-21T16:14:42.309+0000] {processor.py:914} INFO - Processing file /opt/airflow/dags/retail_sales_pipeline_dag.py for tasks to queue
[2026-05-21T16:14:42.313+0000] {logging_mixin.py:190} INFO - [2026-05-21T16:14:42.313+0000] {dagbag.py:588} INFO - Filling up the DagBag from /opt/airflow/dags/retail_sales_pipeline_dag.py
[2026-05-21T16:14:42.350+0000] {processor.py:925} INFO - DAG(s) 'retail_sales_data_engineering_pipeline' retrieved from /opt/airflow/dags/retail_sales_pipeline_dag.py
[2026-05-21T16:14:42.399+0000] {logging_mixin.py:190} INFO - [2026-05-21T16:14:42.398+0000] {dag.py:3239} INFO - Sync 1 DAGs
[2026-05-21T16:14:42.439+0000] {logging_mixin.py:190} INFO - [2026-05-21T16:14:42.438+0000] {dag.py:4180} INFO - Setting next_dagrun for retail_sales_data_engineering_pipeline to 2026-05-21 00:00:00+00:00, run_after=2026-05-22 00:00:00+00:00
[2026-05-21T16:14:42.472+0000] {processor.py:208} INFO - Processing /opt/airflow/dags/retail_sales_pipeline_dag.py took 0.174 seconds
[2026-05-21T16:15:12.961+0000] {processor.py:186} INFO - Started process (PID=2452) to work on /opt/airflow/dags/retail_sales_pipeline_dag.py
[2026-05-21T16:15:12.964+0000] {processor.py:914} INFO - Processing file /opt/airflow/dags/retail_sales_pipeline_dag.py for tasks to queue
[2026-05-21T16:15:12.971+0000] {logging_mixin.py:190} INFO - [2026-05-21T16:15:12.971+0000] {dagbag.py:588} INFO - Filling up the DagBag from /opt/airflow/dags/retail_sales_pipeline_dag.py
[2026-05-21T16:15:13.018+0000] {processor.py:925} INFO - DAG(s) 'retail_sales_data_engineering_pipeline' retrieved from /opt/airflow/dags/retail_sales_pipeline_dag.py
[2026-05-21T16:15:13.074+0000] {logging_mixin.py:190} INFO - [2026-05-21T16:15:13.073+0000] {dag.py:3239} INFO - Sync 1 DAGs
[2026-05-21T16:15:13.116+0000] {logging_mixin.py:190} INFO - [2026-05-21T16:15:13.115+0000] {dag.py:4180} INFO - Setting next_dagrun for retail_sales_data_engineering_pipeline to 2026-05-21 00:00:00+00:00, run_after=2026-05-22 00:00:00+00:00
[2026-05-21T16:15:13.151+0000] {processor.py:208} INFO - Processing /opt/airflow/dags/retail_sales_pipeline_dag.py took 0.203 seconds
[2026-05-21T16:15:43.494+0000] {processor.py:186} INFO - Started process (PID=2457) to work on /opt/airflow/dags/retail_sales_pipeline_dag.py
[2026-05-21T16:15:43.495+0000] {processor.py:914} INFO - Processing file /opt/airflow/dags/retail_sales_pipeline_dag.py for tasks to queue
[2026-05-21T16:15:43.499+0000] {logging_mixin.py:190} INFO - [2026-05-21T16:15:43.498+0000] {dagbag.py:588} INFO - Filling up the DagBag from /opt/airflow/dags/retail_sales_pipeline_dag.py
[2026-05-21T16:15:43.538+0000] {processor.py:925} INFO - DAG(s) 'retail_sales_data_engineering_pipeline' retrieved from /opt/airflow/dags/retail_sales_pipeline_dag.py
[2026-05-21T16:15:43.606+0000] {logging_mixin.py:190} INFO - [2026-05-21T16:15:43.605+0000] {dag.py:3239} INFO - Sync 1 DAGs
[2026-05-21T16:15:43.651+0000] {logging_mixin.py:190} INFO - [2026-05-21T16:15:43.651+0000] {dag.py:4180} INFO - Setting next_dagrun for retail_sales_data_engineering_pipeline to 2026-05-21 00:00:00+00:00, run_after=2026-05-22 00:00:00+00:00
[2026-05-21T16:15:43.687+0000] {processor.py:208} INFO - Processing /opt/airflow/dags/retail_sales_pipeline_dag.py took 0.204 seconds
[2026-05-21T16:16:14.212+0000] {processor.py:186} INFO - Started process (PID=2462) to work on /opt/airflow/dags/retail_sales_pipeline_dag.py
[2026-05-21T16:16:14.215+0000] {processor.py:914} INFO - Processing file /opt/airflow/dags/retail_sales_pipeline_dag.py for tasks to queue
[2026-05-21T16:16:14.219+0000] {logging_mixin.py:190} INFO - [2026-05-21T16:16:14.218+0000] {dagbag.py:588} INFO - Filling up the DagBag from /opt/airflow/dags/retail_sales_pipeline_dag.py
[2026-05-21T16:16:14.261+0000] {processor.py:925} INFO - DAG(s) 'retail_sales_data_engineering_pipeline' retrieved from /opt/airflow/dags/retail_sales_pipeline_dag.py
[2026-05-21T16:16:14.315+0000] {logging_mixin.py:190} INFO - [2026-05-21T16:16:14.314+0000] {dag.py:3239} INFO - Sync 1 DAGs
[2026-05-21T16:16:14.358+0000] {logging_mixin.py:190} INFO - [2026-05-21T16:16:14.357+0000] {dag.py:4180} INFO - Setting next_dagrun for retail_sales_data_engineering_pipeline to 2026-05-21 00:00:00+00:00, run_after=2026-05-22 00:00:00+00:00
[2026-05-21T16:16:14.391+0000] {processor.py:208} INFO - Processing /opt/airflow/dags/retail_sales_pipeline_dag.py took 0.192 seconds
[2026-05-21T16:16:44.748+0000] {processor.py:186} INFO - Started process (PID=2467) to work on /opt/airflow/dags/retail_sales_pipeline_dag.py
[2026-05-21T16:16:44.751+0000] {processor.py:914} INFO - Processing file /opt/airflow/dags/retail_sales_pipeline_dag.py for tasks to queue
[2026-05-21T16:16:44.756+0000] {logging_mixin.py:190} INFO - [2026-05-21T16:16:44.755+0000] {dagbag.py:588} INFO - Filling up the DagBag from /opt/airflow/dags/retail_sales_pipeline_dag.py
[2026-05-21T16:16:44.803+0000] {processor.py:925} INFO - DAG(s) 'retail_sales_data_engineering_pipeline' retrieved from /opt/airflow/dags/retail_sales_pipeline_dag.py
[2026-05-21T16:16:44.866+0000] {logging_mixin.py:190} INFO - [2026-05-21T16:16:44.866+0000] {dag.py:3239} INFO - Sync 1 DAGs
[2026-05-21T16:16:44.909+0000] {logging_mixin.py:190} INFO - [2026-05-21T16:16:44.909+0000] {dag.py:4180} INFO - Setting next_dagrun for retail_sales_data_engineering_pipeline to 2026-05-21 00:00:00+00:00, run_after=2026-05-22 00:00:00+00:00
[2026-05-21T16:16:44.944+0000] {processor.py:208} INFO - Processing /opt/airflow/dags/retail_sales_pipeline_dag.py took 0.208 seconds
[2026-05-21T16:17:15.960+0000] {processor.py:186} INFO - Started process (PID=2472) to work on /opt/airflow/dags/retail_sales_pipeline_dag.py
[2026-05-21T16:17:15.961+0000] {processor.py:914} INFO - Processing file /opt/airflow/dags/retail_sales_pipeline_dag.py for tasks to queue
[2026-05-21T16:17:15.967+0000] {logging_mixin.py:190} INFO - [2026-05-21T16:17:15.966+0000] {dagbag.py:588} INFO - Filling up the DagBag from /opt/airflow/dags/retail_sales_pipeline_dag.py
[2026-05-21T16:17:16.005+0000] {processor.py:925} INFO - DAG(s) 'retail_sales_data_engineering_pipeline' retrieved from /opt/airflow/dags/retail_sales_pipeline_dag.py
[2026-05-21T16:17:16.055+0000] {logging_mixin.py:190} INFO - [2026-05-21T16:17:16.055+0000] {dag.py:3239} INFO - Sync 1 DAGs
[2026-05-21T16:17:16.094+0000] {logging_mixin.py:190} INFO - [2026-05-21T16:17:16.094+0000] {dag.py:4180} INFO - Setting next_dagrun for retail_sales_data_engineering_pipeline to 2026-05-21 00:00:00+00:00, run_after=2026-05-22 00:00:00+00:00
[2026-05-21T16:17:16.127+0000] {processor.py:208} INFO - Processing /opt/airflow/dags/retail_sales_pipeline_dag.py took 0.178 seconds
[2026-05-21T16:17:46.332+0000] {processor.py:186} INFO - Started process (PID=2477) to work on /opt/airflow/dags/retail_sales_pipeline_dag.py
[2026-05-21T16:17:46.335+0000] {processor.py:914} INFO - Processing file /opt/airflow/dags/retail_sales_pipeline_dag.py for tasks to queue
[2026-05-21T16:17:46.346+0000] {logging_mixin.py:190} INFO - [2026-05-21T16:17:46.345+0000] {dagbag.py:588} INFO - Filling up the DagBag from /opt/airflow/dags/retail_sales_pipeline_dag.py
[2026-05-21T16:17:46.391+0000] {processor.py:925} INFO - DAG(s) 'retail_sales_data_engineering_pipeline' retrieved from /opt/airflow/dags/retail_sales_pipeline_dag.py
[2026-05-21T16:17:46.479+0000] {logging_mixin.py:190} INFO - [2026-05-21T16:17:46.478+0000] {dag.py:3239} INFO - Sync 1 DAGs
[2026-05-21T16:17:46.540+0000] {logging_mixin.py:190} INFO - [2026-05-21T16:17:46.539+0000] {dag.py:4180} INFO - Setting next_dagrun for retail_sales_data_engineering_pipeline to 2026-05-21 00:00:00+00:00, run_after=2026-05-22 00:00:00+00:00
[2026-05-21T16:17:46.574+0000] {processor.py:208} INFO - Processing /opt/airflow/dags/retail_sales_pipeline_dag.py took 0.268 seconds
[2026-05-21T16:18:16.930+0000] {processor.py:186} INFO - Started process (PID=2482) to work on /opt/airflow/dags/retail_sales_pipeline_dag.py
[2026-05-21T16:18:16.932+0000] {processor.py:914} INFO - Processing file /opt/airflow/dags/retail_sales_pipeline_dag.py for tasks to queue
[2026-05-21T16:18:16.937+0000] {logging_mixin.py:190} INFO - [2026-05-21T16:18:16.937+0000] {dagbag.py:588} INFO - Filling up the DagBag from /opt/airflow/dags/retail_sales_pipeline_dag.py
[2026-05-21T16:18:16.979+0000] {processor.py:925} INFO - DAG(s) 'retail_sales_data_engineering_pipeline' retrieved from /opt/airflow/dags/retail_sales_pipeline_dag.py
[2026-05-21T16:18:17.052+0000] {logging_mixin.py:190} INFO - [2026-05-21T16:18:17.052+0000] {dag.py:3239} INFO - Sync 1 DAGs
[2026-05-21T16:18:17.099+0000] {logging_mixin.py:190} INFO - [2026-05-21T16:18:17.099+0000] {dag.py:4180} INFO - Setting next_dagrun for retail_sales_data_engineering_pipeline to 2026-05-21 00:00:00+00:00, run_after=2026-05-22 00:00:00+00:00
[2026-05-21T16:18:17.139+0000] {processor.py:208} INFO - Processing /opt/airflow/dags/retail_sales_pipeline_dag.py took 0.221 seconds
[2026-05-21T16:18:48.019+0000] {processor.py:186} INFO - Started process (PID=2487) to work on /opt/airflow/dags/retail_sales_pipeline_dag.py
[2026-05-21T16:18:48.020+0000] {processor.py:914} INFO - Processing file /opt/airflow/dags/retail_sales_pipeline_dag.py for tasks to queue
[2026-05-21T16:18:48.025+0000] {logging_mixin.py:190} INFO - [2026-05-21T16:18:48.025+0000] {dagbag.py:588} INFO - Filling up the DagBag from /opt/airflow/dags/retail_sales_pipeline_dag.py
[2026-05-21T16:18:48.067+0000] {processor.py:925} INFO - DAG(s) 'retail_sales_data_engineering_pipeline' retrieved from /opt/airflow/dags/retail_sales_pipeline_dag.py
[2026-05-21T16:18:48.119+0000] {logging_mixin.py:190} INFO - [2026-05-21T16:18:48.119+0000] {dag.py:3239} INFO - Sync 1 DAGs
[2026-05-21T16:18:48.159+0000] {logging_mixin.py:190} INFO - [2026-05-21T16:18:48.158+0000] {dag.py:4180} INFO - Setting next_dagrun for retail_sales_data_engineering_pipeline to 2026-05-21 00:00:00+00:00, run_after=2026-05-22 00:00:00+00:00
[2026-05-21T16:18:48.190+0000] {processor.py:208} INFO - Processing /opt/airflow/dags/retail_sales_pipeline_dag.py took 0.181 seconds
[2026-05-21T16:19:18.581+0000] {processor.py:186} INFO - Started process (PID=2492) to work on /opt/airflow/dags/retail_sales_pipeline_dag.py
[2026-05-21T16:19:18.583+0000] {processor.py:914} INFO - Processing file /opt/airflow/dags/retail_sales_pipeline_dag.py for tasks to queue
[2026-05-21T16:19:18.588+0000] {logging_mixin.py:190} INFO - [2026-05-21T16:19:18.587+0000] {dagbag.py:588} INFO - Filling up the DagBag from /opt/airflow/dags/retail_sales_pipeline_dag.py
[2026-05-21T16:19:18.627+0000] {processor.py:925} INFO - DAG(s) 'retail_sales_data_engineering_pipeline' retrieved from /opt/airflow/dags/retail_sales_pipeline_dag.py
[2026-05-21T16:19:18.682+0000] {logging_mixin.py:190} INFO - [2026-05-21T16:19:18.682+0000] {dag.py:3239} INFO - Sync 1 DAGs
[2026-05-21T16:19:18.727+0000] {logging_mixin.py:190} INFO - [2026-05-21T16:19:18.726+0000] {dag.py:4180} INFO - Setting next_dagrun for retail_sales_data_engineering_pipeline to 2026-05-21 00:00:00+00:00, run_after=2026-05-22 00:00:00+00:00
[2026-05-21T16:19:18.777+0000] {processor.py:208} INFO - Processing /opt/airflow/dags/retail_sales_pipeline_dag.py took 0.209 seconds
[2026-05-21T16:19:49.350+0000] {processor.py:186} INFO - Started process (PID=2497) to work on /opt/airflow/dags/retail_sales_pipeline_dag.py
[2026-05-21T16:19:49.353+0000] {processor.py:914} INFO - Processing file /opt/airflow/dags/retail_sales_pipeline_dag.py for tasks to queue
[2026-05-21T16:19:49.358+0000] {logging_mixin.py:190} INFO - [2026-05-21T16:19:49.357+0000] {dagbag.py:588} INFO - Filling up the DagBag from /opt/airflow/dags/retail_sales_pipeline_dag.py
[2026-05-21T16:19:49.404+0000] {processor.py:925} INFO - DAG(s) 'retail_sales_data_engineering_pipeline' retrieved from /opt/airflow/dags/retail_sales_pipeline_dag.py
[2026-05-21T16:19:49.468+0000] {logging_mixin.py:190} INFO - [2026-05-21T16:19:49.468+0000] {dag.py:3239} INFO - Sync 1 DAGs
[2026-05-21T16:19:49.510+0000] {logging_mixin.py:190} INFO - [2026-05-21T16:19:49.509+0000] {dag.py:4180} INFO - Setting next_dagrun for retail_sales_data_engineering_pipeline to 2026-05-21 00:00:00+00:00, run_after=2026-05-22 00:00:00+00:00
[2026-05-21T16:19:49.543+0000] {processor.py:208} INFO - Processing /opt/airflow/dags/retail_sales_pipeline_dag.py took 0.208 seconds
[2026-05-21T16:20:19.999+0000] {processor.py:186} INFO - Started process (PID=2502) to work on /opt/airflow/dags/retail_sales_pipeline_dag.py
[2026-05-21T16:20:20.003+0000] {processor.py:914} INFO - Processing file /opt/airflow/dags/retail_sales_pipeline_dag.py for tasks to queue
[2026-05-21T16:20:20.008+0000] {logging_mixin.py:190} INFO - [2026-05-21T16:20:20.007+0000] {dagbag.py:588} INFO - Filling up the DagBag from /opt/airflow/dags/retail_sales_pipeline_dag.py
[2026-05-21T16:20:20.059+0000] {processor.py:925} INFO - DAG(s) 'retail_sales_data_engineering_pipeline' retrieved from /opt/airflow/dags/retail_sales_pipeline_dag.py
[2026-05-21T16:20:20.120+0000] {logging_mixin.py:190} INFO - [2026-05-21T16:20:20.120+0000] {dag.py:3239} INFO - Sync 1 DAGs
[2026-05-21T16:20:20.166+0000] {logging_mixin.py:190} INFO - [2026-05-21T16:20:20.165+0000] {dag.py:4180} INFO - Setting next_dagrun for retail_sales_data_engineering_pipeline to 2026-05-21 00:00:00+00:00, run_after=2026-05-22 00:00:00+00:00
[2026-05-21T16:20:20.201+0000] {processor.py:208} INFO - Processing /opt/airflow/dags/retail_sales_pipeline_dag.py took 0.215 seconds
[2026-05-21T16:20:50.715+0000] {processor.py:186} INFO - Started process (PID=2507) to work on /opt/airflow/dags/retail_sales_pipeline_dag.py
[2026-05-21T16:20:50.717+0000] {processor.py:914} INFO - Processing file /opt/airflow/dags/retail_sales_pipeline_dag.py for tasks to queue
[2026-05-21T16:20:50.723+0000] {logging_mixin.py:190} INFO - [2026-05-21T16:20:50.723+0000] {dagbag.py:588} INFO - Filling up the DagBag from /opt/airflow/dags/retail_sales_pipeline_dag.py
[2026-05-21T16:20:50.769+0000] {processor.py:925} INFO - DAG(s) 'retail_sales_data_engineering_pipeline' retrieved from /opt/airflow/dags/retail_sales_pipeline_dag.py
[2026-05-21T16:20:50.840+0000] {logging_mixin.py:190} INFO - [2026-05-21T16:20:50.840+0000] {dag.py:3239} INFO - Sync 1 DAGs
[2026-05-21T16:20:50.886+0000] {logging_mixin.py:190} INFO - [2026-05-21T16:20:50.885+0000] {dag.py:4180} INFO - Setting next_dagrun for retail_sales_data_engineering_pipeline to 2026-05-21 00:00:00+00:00, run_after=2026-05-22 00:00:00+00:00
[2026-05-21T16:20:50.920+0000] {processor.py:208} INFO - Processing /opt/airflow/dags/retail_sales_pipeline_dag.py took 0.218 seconds
[2026-05-21T16:21:21.426+0000] {processor.py:186} INFO - Started process (PID=2512) to work on /opt/airflow/dags/retail_sales_pipeline_dag.py
[2026-05-21T16:21:21.428+0000] {processor.py:914} INFO - Processing file /opt/airflow/dags/retail_sales_pipeline_dag.py for tasks to queue
[2026-05-21T16:21:21.434+0000] {logging_mixin.py:190} INFO - [2026-05-21T16:21:21.433+0000] {dagbag.py:588} INFO - Filling up the DagBag from /opt/airflow/dags/retail_sales_pipeline_dag.py
[2026-05-21T16:21:21.476+0000] {processor.py:925} INFO - DAG(s) 'retail_sales_data_engineering_pipeline' retrieved from /opt/airflow/dags/retail_sales_pipeline_dag.py
[2026-05-21T16:21:21.528+0000] {logging_mixin.py:190} INFO - [2026-05-21T16:21:21.528+0000] {dag.py:3239} INFO - Sync 1 DAGs
[2026-05-21T16:21:21.570+0000] {logging_mixin.py:190} INFO - [2026-05-21T16:21:21.570+0000] {dag.py:4180} INFO - Setting next_dagrun for retail_sales_data_engineering_pipeline to 2026-05-21 00:00:00+00:00, run_after=2026-05-22 00:00:00+00:00
[2026-05-21T16:21:21.607+0000] {processor.py:208} INFO - Processing /opt/airflow/dags/retail_sales_pipeline_dag.py took 0.193 seconds
[2026-05-21T16:21:51.875+0000] {processor.py:186} INFO - Started process (PID=2517) to work on /opt/airflow/dags/retail_sales_pipeline_dag.py
[2026-05-21T16:21:51.877+0000] {processor.py:914} INFO - Processing file /opt/airflow/dags/retail_sales_pipeline_dag.py for tasks to queue
[2026-05-21T16:21:51.882+0000] {logging_mixin.py:190} INFO - [2026-05-21T16:21:51.881+0000] {dagbag.py:588} INFO - Filling up the DagBag from /opt/airflow/dags/retail_sales_pipeline_dag.py
[2026-05-21T16:21:51.924+0000] {processor.py:925} INFO - DAG(s) 'retail_sales_data_engineering_pipeline' retrieved from /opt/airflow/dags/retail_sales_pipeline_dag.py
[2026-05-21T16:21:51.989+0000] {logging_mixin.py:190} INFO - [2026-05-21T16:21:51.988+0000] {dag.py:3239} INFO - Sync 1 DAGs
[2026-05-21T16:21:52.039+0000] {logging_mixin.py:190} INFO - [2026-05-21T16:21:52.039+0000] {dag.py:4180} INFO - Setting next_dagrun for retail_sales_data_engineering_pipeline to 2026-05-21 00:00:00+00:00, run_after=2026-05-22 00:00:00+00:00
[2026-05-21T16:21:52.077+0000] {processor.py:208} INFO - Processing /opt/airflow/dags/retail_sales_pipeline_dag.py took 0.213 seconds
[2026-05-21T16:22:22.341+0000] {processor.py:186} INFO - Started process (PID=2522) to work on /opt/airflow/dags/retail_sales_pipeline_dag.py
[2026-05-21T16:22:22.345+0000] {processor.py:914} INFO - Processing file /opt/airflow/dags/retail_sales_pipeline_dag.py for tasks to queue
[2026-05-21T16:22:22.352+0000] {logging_mixin.py:190} INFO - [2026-05-21T16:22:22.351+0000] {dagbag.py:588} INFO - Filling up the DagBag from /opt/airflow/dags/retail_sales_pipeline_dag.py
[2026-05-21T16:22:22.396+0000] {processor.py:925} INFO - DAG(s) 'retail_sales_data_engineering_pipeline' retrieved from /opt/airflow/dags/retail_sales_pipeline_dag.py
[2026-05-21T16:22:22.463+0000] {logging_mixin.py:190} INFO - [2026-05-21T16:22:22.463+0000] {dag.py:3239} INFO - Sync 1 DAGs
[2026-05-21T16:22:22.512+0000] {logging_mixin.py:190} INFO - [2026-05-21T16:22:22.511+0000] {dag.py:4180} INFO - Setting next_dagrun for retail_sales_data_engineering_pipeline to 2026-05-21 00:00:00+00:00, run_after=2026-05-22 00:00:00+00:00
[2026-05-21T16:22:22.554+0000] {processor.py:208} INFO - Processing /opt/airflow/dags/retail_sales_pipeline_dag.py took 0.227 seconds
[2026-05-21T16:22:52.900+0000] {processor.py:186} INFO - Started process (PID=2527) to work on /opt/airflow/dags/retail_sales_pipeline_dag.py
[2026-05-21T16:22:52.903+0000] {processor.py:914} INFO - Processing file /opt/airflow/dags/retail_sales_pipeline_dag.py for tasks to queue
[2026-05-21T16:22:52.909+0000] {logging_mixin.py:190} INFO - [2026-05-21T16:22:52.908+0000] {dagbag.py:588} INFO - Filling up the DagBag from /opt/airflow/dags/retail_sales_pipeline_dag.py
[2026-05-21T16:22:52.951+0000] {processor.py:925} INFO - DAG(s) 'retail_sales_data_engineering_pipeline' retrieved from /opt/airflow/dags/retail_sales_pipeline_dag.py
[2026-05-21T16:22:53.019+0000] {logging_mixin.py:190} INFO - [2026-05-21T16:22:53.019+0000] {dag.py:3239} INFO - Sync 1 DAGs
[2026-05-21T16:22:53.061+0000] {logging_mixin.py:190} INFO - [2026-05-21T16:22:53.061+0000] {dag.py:4180} INFO - Setting next_dagrun for retail_sales_data_engineering_pipeline to 2026-05-21 00:00:00+00:00, run_after=2026-05-22 00:00:00+00:00
[2026-05-21T16:22:53.103+0000] {processor.py:208} INFO - Processing /opt/airflow/dags/retail_sales_pipeline_dag.py took 0.216 seconds
[2026-05-21T16:23:23.531+0000] {processor.py:186} INFO - Started process (PID=2532) to work on /opt/airflow/dags/retail_sales_pipeline_dag.py
[2026-05-21T16:23:23.534+0000] {processor.py:914} INFO - Processing file /opt/airflow/dags/retail_sales_pipeline_dag.py for tasks to queue
[2026-05-21T16:23:23.540+0000] {logging_mixin.py:190} INFO - [2026-05-21T16:23:23.539+0000] {dagbag.py:588} INFO - Filling up the DagBag from /opt/airflow/dags/retail_sales_pipeline_dag.py
[2026-05-21T16:23:23.582+0000] {processor.py:925} INFO - DAG(s) 'retail_sales_data_engineering_pipeline' retrieved from /opt/airflow/dags/retail_sales_pipeline_dag.py
[2026-05-21T16:23:23.644+0000] {logging_mixin.py:190} INFO - [2026-05-21T16:23:23.643+0000] {dag.py:3239} INFO - Sync 1 DAGs
[2026-05-21T16:23:23.695+0000] {logging_mixin.py:190} INFO - [2026-05-21T16:23:23.695+0000] {dag.py:4180} INFO - Setting next_dagrun for retail_sales_data_engineering_pipeline to 2026-05-21 00:00:00+00:00, run_after=2026-05-22 00:00:00+00:00
[2026-05-21T16:23:23.734+0000] {processor.py:208} INFO - Processing /opt/airflow/dags/retail_sales_pipeline_dag.py took 0.218 seconds
[2026-05-21T16:23:54.131+0000] {processor.py:186} INFO - Started process (PID=2537) to work on /opt/airflow/dags/retail_sales_pipeline_dag.py
[2026-05-21T16:23:54.134+0000] {processor.py:914} INFO - Processing file /opt/airflow/dags/retail_sales_pipeline_dag.py for tasks to queue
[2026-05-21T16:23:54.140+0000] {logging_mixin.py:190} INFO - [2026-05-21T16:23:54.139+0000] {dagbag.py:588} INFO - Filling up the DagBag from /opt/airflow/dags/retail_sales_pipeline_dag.py
[2026-05-21T16:23:54.187+0000] {processor.py:925} INFO - DAG(s) 'retail_sales_data_engineering_pipeline' retrieved from /opt/airflow/dags/retail_sales_pipeline_dag.py
[2026-05-21T16:23:54.258+0000] {logging_mixin.py:190} INFO - [2026-05-21T16:23:54.257+0000] {dag.py:3239} INFO - Sync 1 DAGs
[2026-05-21T16:23:54.305+0000] {logging_mixin.py:190} INFO - [2026-05-21T16:23:54.305+0000] {dag.py:4180} INFO - Setting next_dagrun for retail_sales_data_engineering_pipeline to 2026-05-21 00:00:00+00:00, run_after=2026-05-22 00:00:00+00:00
[2026-05-21T16:23:54.338+0000] {processor.py:208} INFO - Processing /opt/airflow/dags/retail_sales_pipeline_dag.py took 0.218 seconds
[2026-05-21T16:24:24.888+0000] {processor.py:186} INFO - Started process (PID=2542) to work on /opt/airflow/dags/retail_sales_pipeline_dag.py
[2026-05-21T16:24:24.892+0000] {processor.py:914} INFO - Processing file /opt/airflow/dags/retail_sales_pipeline_dag.py for tasks to queue
[2026-05-21T16:24:24.897+0000] {logging_mixin.py:190} INFO - [2026-05-21T16:24:24.897+0000] {dagbag.py:588} INFO - Filling up the DagBag from /opt/airflow/dags/retail_sales_pipeline_dag.py
[2026-05-21T16:24:24.947+0000] {processor.py:925} INFO - DAG(s) 'retail_sales_data_engineering_pipeline' retrieved from /opt/airflow/dags/retail_sales_pipeline_dag.py
[2026-05-21T16:24:25.014+0000] {logging_mixin.py:190} INFO - [2026-05-21T16:24:25.014+0000] {dag.py:3239} INFO - Sync 1 DAGs
[2026-05-21T16:24:25.064+0000] {logging_mixin.py:190} INFO - [2026-05-21T16:24:25.064+0000] {dag.py:4180} INFO - Setting next_dagrun for retail_sales_data_engineering_pipeline to 2026-05-21 00:00:00+00:00, run_after=2026-05-22 00:00:00+00:00
[2026-05-21T16:24:25.102+0000] {processor.py:208} INFO - Processing /opt/airflow/dags/retail_sales_pipeline_dag.py took 0.229 seconds
[2026-05-21T16:24:55.280+0000] {processor.py:186} INFO - Started process (PID=2547) to work on /opt/airflow/dags/retail_sales_pipeline_dag.py
[2026-05-21T16:24:55.283+0000] {processor.py:914} INFO - Processing file /opt/airflow/dags/retail_sales_pipeline_dag.py for tasks to queue
[2026-05-21T16:24:55.286+0000] {logging_mixin.py:190} INFO - [2026-05-21T16:24:55.286+0000] {dagbag.py:588} INFO - Filling up the DagBag from /opt/airflow/dags/retail_sales_pipeline_dag.py
[2026-05-21T16:24:55.326+0000] {processor.py:925} INFO - DAG(s) 'retail_sales_data_engineering_pipeline' retrieved from /opt/airflow/dags/retail_sales_pipeline_dag.py
[2026-05-21T16:24:55.389+0000] {logging_mixin.py:190} INFO - [2026-05-21T16:24:55.388+0000] {dag.py:3239} INFO - Sync 1 DAGs
[2026-05-21T16:24:55.432+0000] {logging_mixin.py:190} INFO - [2026-05-21T16:24:55.432+0000] {dag.py:4180} INFO - Setting next_dagrun for retail_sales_data_engineering_pipeline to 2026-05-21 00:00:00+00:00, run_after=2026-05-22 00:00:00+00:00
[2026-05-21T16:24:55.467+0000] {processor.py:208} INFO - Processing /opt/airflow/dags/retail_sales_pipeline_dag.py took 0.197 seconds
[2026-05-21T16:25:26.001+0000] {processor.py:186} INFO - Started process (PID=2552) to work on /opt/airflow/dags/retail_sales_pipeline_dag.py
[2026-05-21T16:25:26.004+0000] {processor.py:914} INFO - Processing file /opt/airflow/dags/retail_sales_pipeline_dag.py for tasks to queue
[2026-05-21T16:25:26.011+0000] {logging_mixin.py:190} INFO - [2026-05-21T16:25:26.009+0000] {dagbag.py:588} INFO - Filling up the DagBag from /opt/airflow/dags/retail_sales_pipeline_dag.py
[2026-05-21T16:25:26.051+0000] {processor.py:925} INFO - DAG(s) 'retail_sales_data_engineering_pipeline' retrieved from /opt/airflow/dags/retail_sales_pipeline_dag.py
[2026-05-21T16:25:26.108+0000] {logging_mixin.py:190} INFO - [2026-05-21T16:25:26.108+0000] {dag.py:3239} INFO - Sync 1 DAGs
[2026-05-21T16:25:26.154+0000] {logging_mixin.py:190} INFO - [2026-05-21T16:25:26.154+0000] {dag.py:4180} INFO - Setting next_dagrun for retail_sales_data_engineering_pipeline to 2026-05-21 00:00:00+00:00, run_after=2026-05-22 00:00:00+00:00
[2026-05-21T16:25:26.197+0000] {processor.py:208} INFO - Processing /opt/airflow/dags/retail_sales_pipeline_dag.py took 0.216 seconds
[2026-05-21T16:25:56.608+0000] {processor.py:186} INFO - Started process (PID=2557) to work on /opt/airflow/dags/retail_sales_pipeline_dag.py
[2026-05-21T16:25:56.613+0000] {processor.py:914} INFO - Processing file /opt/airflow/dags/retail_sales_pipeline_dag.py for tasks to queue
[2026-05-21T16:25:56.621+0000] {logging_mixin.py:190} INFO - [2026-05-21T16:25:56.621+0000] {dagbag.py:588} INFO - Filling up the DagBag from /opt/airflow/dags/retail_sales_pipeline_dag.py
[2026-05-21T16:25:56.688+0000] {processor.py:925} INFO - DAG(s) 'retail_sales_data_engineering_pipeline' retrieved from /opt/airflow/dags/retail_sales_pipeline_dag.py
[2026-05-21T16:25:56.778+0000] {logging_mixin.py:190} INFO - [2026-05-21T16:25:56.778+0000] {dag.py:3239} INFO - Sync 1 DAGs
[2026-05-21T16:25:56.841+0000] {logging_mixin.py:190} INFO - [2026-05-21T16:25:56.841+0000] {dag.py:4180} INFO - Setting next_dagrun for retail_sales_data_engineering_pipeline to 2026-05-21 00:00:00+00:00, run_after=2026-05-22 00:00:00+00:00
[2026-05-21T16:25:56.884+0000] {processor.py:208} INFO - Processing /opt/airflow/dags/retail_sales_pipeline_dag.py took 0.292 seconds
[2026-05-21T16:26:27.299+0000] {processor.py:186} INFO - Started process (PID=2562) to work on /opt/airflow/dags/retail_sales_pipeline_dag.py
[2026-05-21T16:26:27.301+0000] {processor.py:914} INFO - Processing file /opt/airflow/dags/retail_sales_pipeline_dag.py for tasks to queue
[2026-05-21T16:26:27.305+0000] {logging_mixin.py:190} INFO - [2026-05-21T16:26:27.305+0000] {dagbag.py:588} INFO - Filling up the DagBag from /opt/airflow/dags/retail_sales_pipeline_dag.py
[2026-05-21T16:26:27.353+0000] {processor.py:925} INFO - DAG(s) 'retail_sales_data_engineering_pipeline' retrieved from /opt/airflow/dags/retail_sales_pipeline_dag.py
[2026-05-21T16:26:27.412+0000] {logging_mixin.py:190} INFO - [2026-05-21T16:26:27.411+0000] {dag.py:3239} INFO - Sync 1 DAGs
[2026-05-21T16:26:27.453+0000] {logging_mixin.py:190} INFO - [2026-05-21T16:26:27.452+0000] {dag.py:4180} INFO - Setting next_dagrun for retail_sales_data_engineering_pipeline to 2026-05-21 00:00:00+00:00, run_after=2026-05-22 00:00:00+00:00
[2026-05-21T16:26:27.486+0000] {processor.py:208} INFO - Processing /opt/airflow/dags/retail_sales_pipeline_dag.py took 0.196 seconds
[2026-05-21T16:26:57.934+0000] {processor.py:186} INFO - Started process (PID=2567) to work on /opt/airflow/dags/retail_sales_pipeline_dag.py
[2026-05-21T16:26:57.936+0000] {processor.py:914} INFO - Processing file /opt/airflow/dags/retail_sales_pipeline_dag.py for tasks to queue
[2026-05-21T16:26:57.942+0000] {logging_mixin.py:190} INFO - [2026-05-21T16:26:57.941+0000] {dagbag.py:588} INFO - Filling up the DagBag from /opt/airflow/dags/retail_sales_pipeline_dag.py
[2026-05-21T16:26:57.980+0000] {processor.py:925} INFO - DAG(s) 'retail_sales_data_engineering_pipeline' retrieved from /opt/airflow/dags/retail_sales_pipeline_dag.py
[2026-05-21T16:26:58.031+0000] {logging_mixin.py:190} INFO - [2026-05-21T16:26:58.030+0000] {dag.py:3239} INFO - Sync 1 DAGs
[2026-05-21T16:26:58.071+0000] {logging_mixin.py:190} INFO - [2026-05-21T16:26:58.071+0000] {dag.py:4180} INFO - Setting next_dagrun for retail_sales_data_engineering_pipeline to 2026-05-21 00:00:00+00:00, run_after=2026-05-22 00:00:00+00:00
[2026-05-21T16:26:58.106+0000] {processor.py:208} INFO - Processing /opt/airflow/dags/retail_sales_pipeline_dag.py took 0.185 seconds
[2026-05-21T16:27:28.441+0000] {processor.py:186} INFO - Started process (PID=2572) to work on /opt/airflow/dags/retail_sales_pipeline_dag.py
[2026-05-21T16:27:28.444+0000] {processor.py:914} INFO - Processing file /opt/airflow/dags/retail_sales_pipeline_dag.py for tasks to queue
[2026-05-21T16:27:28.449+0000] {logging_mixin.py:190} INFO - [2026-05-21T16:27:28.448+0000] {dagbag.py:588} INFO - Filling up the DagBag from /opt/airflow/dags/retail_sales_pipeline_dag.py
[2026-05-21T16:27:28.491+0000] {processor.py:925} INFO - DAG(s) 'retail_sales_data_engineering_pipeline' retrieved from /opt/airflow/dags/retail_sales_pipeline_dag.py
[2026-05-21T16:27:28.552+0000] {logging_mixin.py:190} INFO - [2026-05-21T16:27:28.551+0000] {dag.py:3239} INFO - Sync 1 DAGs
[2026-05-21T16:27:28.597+0000] {logging_mixin.py:190} INFO - [2026-05-21T16:27:28.596+0000] {dag.py:4180} INFO - Setting next_dagrun for retail_sales_data_engineering_pipeline to 2026-05-21 00:00:00+00:00, run_after=2026-05-22 00:00:00+00:00
[2026-05-21T16:27:28.632+0000] {processor.py:208} INFO - Processing /opt/airflow/dags/retail_sales_pipeline_dag.py took 0.202 seconds
[2026-05-21T16:27:59.123+0000] {processor.py:186} INFO - Started process (PID=2577) to work on /opt/airflow/dags/retail_sales_pipeline_dag.py
[2026-05-21T16:27:59.125+0000] {processor.py:914} INFO - Processing file /opt/airflow/dags/retail_sales_pipeline_dag.py for tasks to queue
[2026-05-21T16:27:59.129+0000] {logging_mixin.py:190} INFO - [2026-05-21T16:27:59.129+0000] {dagbag.py:588} INFO - Filling up the DagBag from /opt/airflow/dags/retail_sales_pipeline_dag.py
[2026-05-21T16:27:59.171+0000] {processor.py:925} INFO - DAG(s) 'retail_sales_data_engineering_pipeline' retrieved from /opt/airflow/dags/retail_sales_pipeline_dag.py
[2026-05-21T16:27:59.229+0000] {logging_mixin.py:190} INFO - [2026-05-21T16:27:59.228+0000] {dag.py:3239} INFO - Sync 1 DAGs
[2026-05-21T16:27:59.268+0000] {logging_mixin.py:190} INFO - [2026-05-21T16:27:59.268+0000] {dag.py:4180} INFO - Setting next_dagrun for retail_sales_data_engineering_pipeline to 2026-05-21 00:00:00+00:00, run_after=2026-05-22 00:00:00+00:00
[2026-05-21T16:27:59.302+0000] {processor.py:208} INFO - Processing /opt/airflow/dags/retail_sales_pipeline_dag.py took 0.191 seconds
[2026-05-21T16:28:29.753+0000] {processor.py:186} INFO - Started process (PID=2582) to work on /opt/airflow/dags/retail_sales_pipeline_dag.py
[2026-05-21T16:28:29.756+0000] {processor.py:914} INFO - Processing file /opt/airflow/dags/retail_sales_pipeline_dag.py for tasks to queue
[2026-05-21T16:28:29.760+0000] {logging_mixin.py:190} INFO - [2026-05-21T16:28:29.760+0000] {dagbag.py:588} INFO - Filling up the DagBag from /opt/airflow/dags/retail_sales_pipeline_dag.py
[2026-05-21T16:28:29.797+0000] {processor.py:925} INFO - DAG(s) 'retail_sales_data_engineering_pipeline' retrieved from /opt/airflow/dags/retail_sales_pipeline_dag.py
[2026-05-21T16:28:29.858+0000] {logging_mixin.py:190} INFO - [2026-05-21T16:28:29.858+0000] {dag.py:3239} INFO - Sync 1 DAGs
[2026-05-21T16:28:29.903+0000] {logging_mixin.py:190} INFO - [2026-05-21T16:28:29.902+0000] {dag.py:4180} INFO - Setting next_dagrun for retail_sales_data_engineering_pipeline to 2026-05-21 00:00:00+00:00, run_after=2026-05-22 00:00:00+00:00
[2026-05-21T16:28:29.941+0000] {processor.py:208} INFO - Processing /opt/airflow/dags/retail_sales_pipeline_dag.py took 0.205 seconds
[2026-05-21T16:29:00.335+0000] {processor.py:186} INFO - Started process (PID=2587) to work on /opt/airflow/dags/retail_sales_pipeline_dag.py
[2026-05-21T16:29:00.337+0000] {processor.py:914} INFO - Processing file /opt/airflow/dags/retail_sales_pipeline_dag.py for tasks to queue
[2026-05-21T16:29:00.343+0000] {logging_mixin.py:190} INFO - [2026-05-21T16:29:00.341+0000] {dagbag.py:588} INFO - Filling up the DagBag from /opt/airflow/dags/retail_sales_pipeline_dag.py
[2026-05-21T16:29:00.386+0000] {processor.py:925} INFO - DAG(s) 'retail_sales_data_engineering_pipeline' retrieved from /opt/airflow/dags/retail_sales_pipeline_dag.py
[2026-05-21T16:29:00.443+0000] {logging_mixin.py:190} INFO - [2026-05-21T16:29:00.443+0000] {dag.py:3239} INFO - Sync 1 DAGs
[2026-05-21T16:29:00.489+0000] {logging_mixin.py:190} INFO - [2026-05-21T16:29:00.488+0000] {dag.py:4180} INFO - Setting next_dagrun for retail_sales_data_engineering_pipeline to 2026-05-21 00:00:00+00:00, run_after=2026-05-22 00:00:00+00:00
[2026-05-21T16:29:00.524+0000] {processor.py:208} INFO - Processing /opt/airflow/dags/retail_sales_pipeline_dag.py took 0.203 seconds
[2026-05-21T16:29:30.975+0000] {processor.py:186} INFO - Started process (PID=2592) to work on /opt/airflow/dags/retail_sales_pipeline_dag.py
[2026-05-21T16:29:30.977+0000] {processor.py:914} INFO - Processing file /opt/airflow/dags/retail_sales_pipeline_dag.py for tasks to queue
[2026-05-21T16:29:30.983+0000] {logging_mixin.py:190} INFO - [2026-05-21T16:29:30.982+0000] {dagbag.py:588} INFO - Filling up the DagBag from /opt/airflow/dags/retail_sales_pipeline_dag.py
[2026-05-21T16:29:31.022+0000] {processor.py:925} INFO - DAG(s) 'retail_sales_data_engineering_pipeline' retrieved from /opt/airflow/dags/retail_sales_pipeline_dag.py
[2026-05-21T16:29:31.083+0000] {logging_mixin.py:190} INFO - [2026-05-21T16:29:31.082+0000] {dag.py:3239} INFO - Sync 1 DAGs
[2026-05-21T16:29:31.127+0000] {logging_mixin.py:190} INFO - [2026-05-21T16:29:31.127+0000] {dag.py:4180} INFO - Setting next_dagrun for retail_sales_data_engineering_pipeline to 2026-05-21 00:00:00+00:00, run_after=2026-05-22 00:00:00+00:00
[2026-05-21T16:29:31.168+0000] {processor.py:208} INFO - Processing /opt/airflow/dags/retail_sales_pipeline_dag.py took 0.204 seconds
[2026-05-21T16:30:01.715+0000] {processor.py:186} INFO - Started process (PID=2597) to work on /opt/airflow/dags/retail_sales_pipeline_dag.py
[2026-05-21T16:30:01.718+0000] {processor.py:914} INFO - Processing file /opt/airflow/dags/retail_sales_pipeline_dag.py for tasks to queue
[2026-05-21T16:30:01.723+0000] {logging_mixin.py:190} INFO - [2026-05-21T16:30:01.722+0000] {dagbag.py:588} INFO - Filling up the DagBag from /opt/airflow/dags/retail_sales_pipeline_dag.py
[2026-05-21T16:30:01.759+0000] {processor.py:925} INFO - DAG(s) 'retail_sales_data_engineering_pipeline' retrieved from /opt/airflow/dags/retail_sales_pipeline_dag.py
[2026-05-21T16:30:01.815+0000] {logging_mixin.py:190} INFO - [2026-05-21T16:30:01.815+0000] {dag.py:3239} INFO - Sync 1 DAGs
[2026-05-21T16:30:01.857+0000] {logging_mixin.py:190} INFO - [2026-05-21T16:30:01.857+0000] {dag.py:4180} INFO - Setting next_dagrun for retail_sales_data_engineering_pipeline to 2026-05-21 00:00:00+00:00, run_after=2026-05-22 00:00:00+00:00
[2026-05-21T16:30:01.895+0000] {processor.py:208} INFO - Processing /opt/airflow/dags/retail_sales_pipeline_dag.py took 0.191 seconds
[2026-05-21T16:30:32.402+0000] {processor.py:186} INFO - Started process (PID=2602) to work on /opt/airflow/dags/retail_sales_pipeline_dag.py
[2026-05-21T16:30:32.404+0000] {processor.py:914} INFO - Processing file /opt/airflow/dags/retail_sales_pipeline_dag.py for tasks to queue
[2026-05-21T16:30:32.409+0000] {logging_mixin.py:190} INFO - [2026-05-21T16:30:32.409+0000] {dagbag.py:588} INFO - Filling up the DagBag from /opt/airflow/dags/retail_sales_pipeline_dag.py
[2026-05-21T16:30:32.449+0000] {processor.py:925} INFO - DAG(s) 'retail_sales_data_engineering_pipeline' retrieved from /opt/airflow/dags/retail_sales_pipeline_dag.py
[2026-05-21T16:30:32.505+0000] {logging_mixin.py:190} INFO - [2026-05-21T16:30:32.504+0000] {dag.py:3239} INFO - Sync 1 DAGs
[2026-05-21T16:30:32.547+0000] {logging_mixin.py:190} INFO - [2026-05-21T16:30:32.547+0000] {dag.py:4180} INFO - Setting next_dagrun for retail_sales_data_engineering_pipeline to 2026-05-21 00:00:00+00:00, run_after=2026-05-22 00:00:00+00:00
[2026-05-21T16:30:32.583+0000] {processor.py:208} INFO - Processing /opt/airflow/dags/retail_sales_pipeline_dag.py took 0.194 seconds
[2026-05-21T16:31:03.004+0000] {processor.py:186} INFO - Started process (PID=2607) to work on /opt/airflow/dags/retail_sales_pipeline_dag.py
[2026-05-21T16:31:03.007+0000] {processor.py:914} INFO - Processing file /opt/airflow/dags/retail_sales_pipeline_dag.py for tasks to queue
[2026-05-21T16:31:03.011+0000] {logging_mixin.py:190} INFO - [2026-05-21T16:31:03.010+0000] {dagbag.py:588} INFO - Filling up the DagBag from /opt/airflow/dags/retail_sales_pipeline_dag.py
[2026-05-21T16:31:03.051+0000] {processor.py:925} INFO - DAG(s) 'retail_sales_data_engineering_pipeline' retrieved from /opt/airflow/dags/retail_sales_pipeline_dag.py
[2026-05-21T16:31:03.105+0000] {logging_mixin.py:190} INFO - [2026-05-21T16:31:03.104+0000] {dag.py:3239} INFO - Sync 1 DAGs
[2026-05-21T16:31:03.156+0000] {logging_mixin.py:190} INFO - [2026-05-21T16:31:03.156+0000] {dag.py:4180} INFO - Setting next_dagrun for retail_sales_data_engineering_pipeline to 2026-05-21 00:00:00+00:00, run_after=2026-05-22 00:00:00+00:00
[2026-05-21T16:31:03.193+0000] {processor.py:208} INFO - Processing /opt/airflow/dags/retail_sales_pipeline_dag.py took 0.201 seconds
[2026-05-21T16:31:33.569+0000] {processor.py:186} INFO - Started process (PID=2612) to work on /opt/airflow/dags/retail_sales_pipeline_dag.py
[2026-05-21T16:31:33.571+0000] {processor.py:914} INFO - Processing file /opt/airflow/dags/retail_sales_pipeline_dag.py for tasks to queue
[2026-05-21T16:31:33.575+0000] {logging_mixin.py:190} INFO - [2026-05-21T16:31:33.575+0000] {dagbag.py:588} INFO - Filling up the DagBag from /opt/airflow/dags/retail_sales_pipeline_dag.py
[2026-05-21T16:31:33.617+0000] {processor.py:925} INFO - DAG(s) 'retail_sales_data_engineering_pipeline' retrieved from /opt/airflow/dags/retail_sales_pipeline_dag.py
[2026-05-21T16:31:33.681+0000] {logging_mixin.py:190} INFO - [2026-05-21T16:31:33.680+0000] {dag.py:3239} INFO - Sync 1 DAGs
[2026-05-21T16:31:33.730+0000] {logging_mixin.py:190} INFO - [2026-05-21T16:31:33.730+0000] {dag.py:4180} INFO - Setting next_dagrun for retail_sales_data_engineering_pipeline to 2026-05-21 00:00:00+00:00, run_after=2026-05-22 00:00:00+00:00
[2026-05-21T16:31:33.769+0000] {processor.py:208} INFO - Processing /opt/airflow/dags/retail_sales_pipeline_dag.py took 0.210 seconds
[2026-05-21T16:32:04.709+0000] {processor.py:186} INFO - Started process (PID=2617) to work on /opt/airflow/dags/retail_sales_pipeline_dag.py
[2026-05-21T16:32:04.712+0000] {processor.py:914} INFO - Processing file /opt/airflow/dags/retail_sales_pipeline_dag.py for tasks to queue
[2026-05-21T16:32:04.717+0000] {logging_mixin.py:190} INFO - [2026-05-21T16:32:04.716+0000] {dagbag.py:588} INFO - Filling up the DagBag from /opt/airflow/dags/retail_sales_pipeline_dag.py
[2026-05-21T16:32:04.759+0000] {processor.py:925} INFO - DAG(s) 'retail_sales_data_engineering_pipeline' retrieved from /opt/airflow/dags/retail_sales_pipeline_dag.py
[2026-05-21T16:32:04.816+0000] {logging_mixin.py:190} INFO - [2026-05-21T16:32:04.816+0000] {dag.py:3239} INFO - Sync 1 DAGs
[2026-05-21T16:32:04.860+0000] {logging_mixin.py:190} INFO - [2026-05-21T16:32:04.859+0000] {dag.py:4180} INFO - Setting next_dagrun for retail_sales_data_engineering_pipeline to 2026-05-21 00:00:00+00:00, run_after=2026-05-22 00:00:00+00:00
[2026-05-21T16:32:04.897+0000] {processor.py:208} INFO - Processing /opt/airflow/dags/retail_sales_pipeline_dag.py took 0.202 seconds
[2026-05-21T16:32:35.221+0000] {processor.py:186} INFO - Started process (PID=2622) to work on /opt/airflow/dags/retail_sales_pipeline_dag.py
[2026-05-21T16:32:35.225+0000] {processor.py:914} INFO - Processing file /opt/airflow/dags/retail_sales_pipeline_dag.py for tasks to queue
[2026-05-21T16:32:35.231+0000] {logging_mixin.py:190} INFO - [2026-05-21T16:32:35.230+0000] {dagbag.py:588} INFO - Filling up the DagBag from /opt/airflow/dags/retail_sales_pipeline_dag.py
[2026-05-21T16:32:35.275+0000] {processor.py:925} INFO - DAG(s) 'retail_sales_data_engineering_pipeline' retrieved from /opt/airflow/dags/retail_sales_pipeline_dag.py
[2026-05-21T16:32:35.335+0000] {logging_mixin.py:190} INFO - [2026-05-21T16:32:35.335+0000] {dag.py:3239} INFO - Sync 1 DAGs
[2026-05-21T16:32:35.379+0000] {logging_mixin.py:190} INFO - [2026-05-21T16:32:35.378+0000] {dag.py:4180} INFO - Setting next_dagrun for retail_sales_data_engineering_pipeline to 2026-05-21 00:00:00+00:00, run_after=2026-05-22 00:00:00+00:00
[2026-05-21T16:32:35.416+0000] {processor.py:208} INFO - Processing /opt/airflow/dags/retail_sales_pipeline_dag.py took 0.212 seconds
[2026-05-21T16:33:05.978+0000] {processor.py:186} INFO - Started process (PID=2627) to work on /opt/airflow/dags/retail_sales_pipeline_dag.py
[2026-05-21T16:33:05.981+0000] {processor.py:914} INFO - Processing file /opt/airflow/dags/retail_sales_pipeline_dag.py for tasks to queue
[2026-05-21T16:33:05.987+0000] {logging_mixin.py:190} INFO - [2026-05-21T16:33:05.987+0000] {dagbag.py:588} INFO - Filling up the DagBag from /opt/airflow/dags/retail_sales_pipeline_dag.py
[2026-05-21T16:33:06.032+0000] {processor.py:925} INFO - DAG(s) 'retail_sales_data_engineering_pipeline' retrieved from /opt/airflow/dags/retail_sales_pipeline_dag.py
[2026-05-21T16:33:06.089+0000] {logging_mixin.py:190} INFO - [2026-05-21T16:33:06.089+0000] {dag.py:3239} INFO - Sync 1 DAGs
[2026-05-21T16:33:06.138+0000] {logging_mixin.py:190} INFO - [2026-05-21T16:33:06.137+0000] {dag.py:4180} INFO - Setting next_dagrun for retail_sales_data_engineering_pipeline to 2026-05-21 00:00:00+00:00, run_after=2026-05-22 00:00:00+00:00
[2026-05-21T16:33:06.173+0000] {processor.py:208} INFO - Processing /opt/airflow/dags/retail_sales_pipeline_dag.py took 0.213 seconds
[2026-05-21T16:33:36.559+0000] {processor.py:186} INFO - Started process (PID=2632) to work on /opt/airflow/dags/retail_sales_pipeline_dag.py
[2026-05-21T16:33:36.561+0000] {processor.py:914} INFO - Processing file /opt/airflow/dags/retail_sales_pipeline_dag.py for tasks to queue
[2026-05-21T16:33:36.568+0000] {logging_mixin.py:190} INFO - [2026-05-21T16:33:36.567+0000] {dagbag.py:588} INFO - Filling up the DagBag from /opt/airflow/dags/retail_sales_pipeline_dag.py
[2026-05-21T16:33:36.609+0000] {processor.py:925} INFO - DAG(s) 'retail_sales_data_engineering_pipeline' retrieved from /opt/airflow/dags/retail_sales_pipeline_dag.py
[2026-05-21T16:33:36.664+0000] {logging_mixin.py:190} INFO - [2026-05-21T16:33:36.663+0000] {dag.py:3239} INFO - Sync 1 DAGs
[2026-05-21T16:33:36.709+0000] {logging_mixin.py:190} INFO - [2026-05-21T16:33:36.708+0000] {dag.py:4180} INFO - Setting next_dagrun for retail_sales_data_engineering_pipeline to 2026-05-21 00:00:00+00:00, run_after=2026-05-22 00:00:00+00:00
[2026-05-21T16:33:36.741+0000] {processor.py:208} INFO - Processing /opt/airflow/dags/retail_sales_pipeline_dag.py took 0.196 seconds
[2026-05-21T16:34:07.538+0000] {processor.py:186} INFO - Started process (PID=2637) to work on /opt/airflow/dags/retail_sales_pipeline_dag.py
[2026-05-21T16:34:07.540+0000] {processor.py:914} INFO - Processing file /opt/airflow/dags/retail_sales_pipeline_dag.py for tasks to queue
[2026-05-21T16:34:07.547+0000] {logging_mixin.py:190} INFO - [2026-05-21T16:34:07.546+0000] {dagbag.py:588} INFO - Filling up the DagBag from /opt/airflow/dags/retail_sales_pipeline_dag.py
[2026-05-21T16:34:07.594+0000] {processor.py:925} INFO - DAG(s) 'retail_sales_data_engineering_pipeline' retrieved from /opt/airflow/dags/retail_sales_pipeline_dag.py
[2026-05-21T16:34:07.649+0000] {logging_mixin.py:190} INFO - [2026-05-21T16:34:07.649+0000] {dag.py:3239} INFO - Sync 1 DAGs
[2026-05-21T16:34:07.692+0000] {logging_mixin.py:190} INFO - [2026-05-21T16:34:07.692+0000] {dag.py:4180} INFO - Setting next_dagrun for retail_sales_data_engineering_pipeline to 2026-05-21 00:00:00+00:00, run_after=2026-05-22 00:00:00+00:00
[2026-05-21T16:34:07.725+0000] {processor.py:208} INFO - Processing /opt/airflow/dags/retail_sales_pipeline_dag.py took 0.199 seconds
[2026-05-21T16:34:38.161+0000] {processor.py:186} INFO - Started process (PID=2642) to work on /opt/airflow/dags/retail_sales_pipeline_dag.py
[2026-05-21T16:34:38.163+0000] {processor.py:914} INFO - Processing file /opt/airflow/dags/retail_sales_pipeline_dag.py for tasks to queue
[2026-05-21T16:34:38.168+0000] {logging_mixin.py:190} INFO - [2026-05-21T16:34:38.167+0000] {dagbag.py:588} INFO - Filling up the DagBag from /opt/airflow/dags/retail_sales_pipeline_dag.py
[2026-05-21T16:34:38.208+0000] {processor.py:925} INFO - DAG(s) 'retail_sales_data_engineering_pipeline' retrieved from /opt/airflow/dags/retail_sales_pipeline_dag.py
[2026-05-21T16:34:38.268+0000] {logging_mixin.py:190} INFO - [2026-05-21T16:34:38.268+0000] {dag.py:3239} INFO - Sync 1 DAGs
[2026-05-21T16:34:38.318+0000] {logging_mixin.py:190} INFO - [2026-05-21T16:34:38.318+0000] {dag.py:4180} INFO - Setting next_dagrun for retail_sales_data_engineering_pipeline to 2026-05-21 00:00:00+00:00, run_after=2026-05-22 00:00:00+00:00
[2026-05-21T16:34:38.361+0000] {processor.py:208} INFO - Processing /opt/airflow/dags/retail_sales_pipeline_dag.py took 0.213 seconds
