[2026-05-21T12:35:33.483+0000] {manager.py:483} INFO - Processing files using up to 2 processes at a time 
[2026-05-21T12:35:33.486+0000] {manager.py:484} INFO - Process each file at most once every 30 seconds
[2026-05-21T12:35:33.488+0000] {manager.py:485} INFO - Checking for new files in /opt/airflow/dags every 300 seconds
[2026-05-21T12:35:33.489+0000] {manager.py:821} INFO - Searching for files in /opt/airflow/dags
[2026-05-21T12:35:33.522+0000] {manager.py:824} INFO - There are 1 files in /opt/airflow/dags
[2026-05-21T12:35:33.705+0000] {manager.py:997} INFO - 
================================================================================
DAG File Processing Stats

File Path                                         PID  Runtime      # DAGs    # Errors  Last Runtime    Last Run      Last # of DB Queries
----------------------------------------------  -----  ---------  --------  ----------  --------------  ----------  ----------------------
/opt/airflow/dags/retail_sales_pipeline_dag.py    167  0.06s             0           0                                                   0
================================================================================
[2026-05-21T12:36:05.014+0000] {manager.py:997} INFO - 
================================================================================
DAG File Processing Stats

File Path                                       PID    Runtime      # DAGs    # Errors  Last Runtime    Last Run               Last # of DB Queries
----------------------------------------------  -----  ---------  --------  ----------  --------------  -------------------  ----------------------
/opt/airflow/dags/retail_sales_pipeline_dag.py                           1           0  0.17s           2026-05-21T12:36:05                      12
================================================================================
[2026-05-21T12:36:36.328+0000] {manager.py:997} INFO - 
================================================================================
DAG File Processing Stats

File Path                                       PID    Runtime      # DAGs    # Errors  Last Runtime    Last Run               Last # of DB Queries
----------------------------------------------  -----  ---------  --------  ----------  --------------  -------------------  ----------------------
/opt/airflow/dags/retail_sales_pipeline_dag.py                           1           0  0.17s           2026-05-21T12:36:35                      12
================================================================================
[2026-05-21T12:37:07.787+0000] {manager.py:997} INFO - 
================================================================================
DAG File Processing Stats

File Path                                       PID    Runtime      # DAGs    # Errors  Last Runtime    Last Run               Last # of DB Queries
----------------------------------------------  -----  ---------  --------  ----------  --------------  -------------------  ----------------------
/opt/airflow/dags/retail_sales_pipeline_dag.py                           1           0  0.21s           2026-05-21T12:37:05                      12
================================================================================
[2026-05-21T12:37:39.418+0000] {manager.py:997} INFO - 
================================================================================
DAG File Processing Stats

File Path                                       PID    Runtime      # DAGs    # Errors  Last Runtime    Last Run               Last # of DB Queries
----------------------------------------------  -----  ---------  --------  ----------  --------------  -------------------  ----------------------
/opt/airflow/dags/retail_sales_pipeline_dag.py                           1           0  0.64s           2026-05-21T12:37:36                      12
================================================================================
[2026-05-21T12:38:11.266+0000] {manager.py:997} INFO - 
================================================================================
DAG File Processing Stats

File Path                                       PID    Runtime      # DAGs    # Errors  Last Runtime    Last Run               Last # of DB Queries
----------------------------------------------  -----  ---------  --------  ----------  --------------  -------------------  ----------------------
/opt/airflow/dags/retail_sales_pipeline_dag.py                           1           0  0.20s           2026-05-21T12:38:07                      12
================================================================================
[2026-05-21T12:38:42.589+0000] {manager.py:997} INFO - 
================================================================================
DAG File Processing Stats

File Path                                       PID    Runtime      # DAGs    # Errors  Last Runtime    Last Run               Last # of DB Queries
----------------------------------------------  -----  ---------  --------  ----------  --------------  -------------------  ----------------------
/opt/airflow/dags/retail_sales_pipeline_dag.py                           1           0  0.19s           2026-05-21T12:38:37                      12
================================================================================
[2026-05-21T12:39:14.196+0000] {manager.py:997} INFO - 
================================================================================
DAG File Processing Stats

File Path                                       PID    Runtime      # DAGs    # Errors  Last Runtime    Last Run               Last # of DB Queries
----------------------------------------------  -----  ---------  --------  ----------  --------------  -------------------  ----------------------
/opt/airflow/dags/retail_sales_pipeline_dag.py                           1           0  0.28s           2026-05-21T12:39:08                      12
================================================================================
[2026-05-21T12:39:45.653+0000] {manager.py:997} INFO - 
================================================================================
DAG File Processing Stats

File Path                                       PID    Runtime      # DAGs    # Errors  Last Runtime    Last Run               Last # of DB Queries
----------------------------------------------  -----  ---------  --------  ----------  --------------  -------------------  ----------------------
/opt/airflow/dags/retail_sales_pipeline_dag.py                           1           0  0.21s           2026-05-21T12:39:38                      12
================================================================================
[2026-05-21T12:40:17.150+0000] {manager.py:997} INFO - 
================================================================================
DAG File Processing Stats

File Path                                       PID    Runtime      # DAGs    # Errors  Last Runtime    Last Run               Last # of DB Queries
----------------------------------------------  -----  ---------  --------  ----------  --------------  -------------------  ----------------------
/opt/airflow/dags/retail_sales_pipeline_dag.py                           1           0  0.21s           2026-05-21T12:40:09                      12
================================================================================
[2026-05-21T12:40:34.262+0000] {manager.py:821} INFO - Searching for files in /opt/airflow/dags
[2026-05-21T12:40:34.289+0000] {manager.py:824} INFO - There are 1 files in /opt/airflow/dags
[2026-05-21T12:40:48.546+0000] {manager.py:997} INFO - 
================================================================================
DAG File Processing Stats

File Path                                       PID    Runtime      # DAGs    # Errors  Last Runtime    Last Run               Last # of DB Queries
----------------------------------------------  -----  ---------  --------  ----------  --------------  -------------------  ----------------------
/opt/airflow/dags/retail_sales_pipeline_dag.py                           1           0  0.22s           2026-05-21T12:40:39                      12
================================================================================
[2026-05-21T12:41:20.187+0000] {manager.py:997} INFO - 
================================================================================
DAG File Processing Stats

File Path                                       PID    Runtime      # DAGs    # Errors  Last Runtime    Last Run               Last # of DB Queries
----------------------------------------------  -----  ---------  --------  ----------  --------------  -------------------  ----------------------
/opt/airflow/dags/retail_sales_pipeline_dag.py                           1           0  0.22s           2026-05-21T12:41:10                      12
================================================================================
[2026-05-21T12:41:51.591+0000] {manager.py:997} INFO - 
================================================================================
DAG File Processing Stats

File Path                                       PID    Runtime      # DAGs    # Errors  Last Runtime    Last Run               Last # of DB Queries
----------------------------------------------  -----  ---------  --------  ----------  --------------  -------------------  ----------------------
/opt/airflow/dags/retail_sales_pipeline_dag.py                           1           0  0.14s           2026-05-21T12:41:40                      12
================================================================================
[2026-05-21T12:42:23.077+0000] {manager.py:997} INFO - 
================================================================================
DAG File Processing Stats

File Path                                       PID    Runtime      # DAGs    # Errors  Last Runtime    Last Run               Last # of DB Queries
----------------------------------------------  -----  ---------  --------  ----------  --------------  -------------------  ----------------------
/opt/airflow/dags/retail_sales_pipeline_dag.py                           1           0  0.20s           2026-05-21T12:42:12                      12
================================================================================
[2026-05-21T12:42:54.712+0000] {manager.py:997} INFO - 
================================================================================
DAG File Processing Stats

File Path                                       PID    Runtime      # DAGs    # Errors  Last Runtime    Last Run               Last # of DB Queries
----------------------------------------------  -----  ---------  --------  ----------  --------------  -------------------  ----------------------
/opt/airflow/dags/retail_sales_pipeline_dag.py                           1           0  0.62s           2026-05-21T12:42:43                      12
================================================================================
[2026-05-21T12:43:26.565+0000] {manager.py:997} INFO - 
================================================================================
DAG File Processing Stats

File Path                                       PID    Runtime      # DAGs    # Errors  Last Runtime    Last Run               Last # of DB Queries
----------------------------------------------  -----  ---------  --------  ----------  --------------  -------------------  ----------------------
/opt/airflow/dags/retail_sales_pipeline_dag.py                           1           0  0.15s           2026-05-21T12:43:13                      12
================================================================================
[2026-05-21T12:43:58.079+0000] {manager.py:997} INFO - 
================================================================================
DAG File Processing Stats

File Path                                       PID    Runtime      # DAGs    # Errors  Last Runtime    Last Run               Last # of DB Queries
----------------------------------------------  -----  ---------  --------  ----------  --------------  -------------------  ----------------------
/opt/airflow/dags/retail_sales_pipeline_dag.py                           1           0  0.22s           2026-05-21T12:43:45                      12
================================================================================
[2026-05-21T12:44:29.522+0000] {manager.py:997} INFO - 
================================================================================
DAG File Processing Stats

File Path                                       PID    Runtime      # DAGs    # Errors  Last Runtime    Last Run               Last # of DB Queries
----------------------------------------------  -----  ---------  --------  ----------  --------------  -------------------  ----------------------
/opt/airflow/dags/retail_sales_pipeline_dag.py                           1           0  0.16s           2026-05-21T12:44:16                      12
================================================================================
[2026-05-21T12:45:00.798+0000] {manager.py:997} INFO - 
================================================================================
DAG File Processing Stats

File Path                                       PID    Runtime      # DAGs    # Errors  Last Runtime    Last Run               Last # of DB Queries
----------------------------------------------  -----  ---------  --------  ----------  --------------  -------------------  ----------------------
/opt/airflow/dags/retail_sales_pipeline_dag.py                           1           0  0.18s           2026-05-21T12:44:47                      12
================================================================================
[2026-05-21T12:45:32.424+0000] {manager.py:997} INFO - 
================================================================================
DAG File Processing Stats

File Path                                       PID    Runtime      # DAGs    # Errors  Last Runtime    Last Run               Last # of DB Queries
----------------------------------------------  -----  ---------  --------  ----------  --------------  -------------------  ----------------------
/opt/airflow/dags/retail_sales_pipeline_dag.py                           1           0  0.23s           2026-05-21T12:45:18                      12
================================================================================
[2026-05-21T12:45:34.434+0000] {manager.py:821} INFO - Searching for files in /opt/airflow/dags
[2026-05-21T12:45:34.460+0000] {manager.py:824} INFO - There are 1 files in /opt/airflow/dags
[2026-05-21T12:46:03.983+0000] {manager.py:997} INFO - 
================================================================================
DAG File Processing Stats

File Path                                       PID    Runtime      # DAGs    # Errors  Last Runtime    Last Run               Last # of DB Queries
----------------------------------------------  -----  ---------  --------  ----------  --------------  -------------------  ----------------------
/opt/airflow/dags/retail_sales_pipeline_dag.py                           1           0  0.16s           2026-05-21T12:45:49                      12
================================================================================
[2026-05-21T12:46:35.385+0000] {manager.py:997} INFO - 
================================================================================
DAG File Processing Stats

File Path                                       PID    Runtime      # DAGs    # Errors  Last Runtime    Last Run               Last # of DB Queries
----------------------------------------------  -----  ---------  --------  ----------  --------------  -------------------  ----------------------
/opt/airflow/dags/retail_sales_pipeline_dag.py                           1           0  0.16s           2026-05-21T12:46:21                      12
================================================================================
[2026-05-21T12:47:06.882+0000] {manager.py:997} INFO - 
================================================================================
DAG File Processing Stats

File Path                                       PID    Runtime      # DAGs    # Errors  Last Runtime    Last Run               Last # of DB Queries
----------------------------------------------  -----  ---------  --------  ----------  --------------  -------------------  ----------------------
/opt/airflow/dags/retail_sales_pipeline_dag.py                           1           0  0.16s           2026-05-21T12:46:51                      12
================================================================================
[2026-05-21T12:47:38.319+0000] {manager.py:997} INFO - 
================================================================================
DAG File Processing Stats

File Path                                       PID    Runtime      # DAGs    # Errors  Last Runtime    Last Run               Last # of DB Queries
----------------------------------------------  -----  ---------  --------  ----------  --------------  -------------------  ----------------------
/opt/airflow/dags/retail_sales_pipeline_dag.py                           1           0  0.19s           2026-05-21T12:47:23                      12
================================================================================
[2026-05-21T12:48:09.855+0000] {manager.py:997} INFO - 
================================================================================
DAG File Processing Stats

File Path                                       PID    Runtime      # DAGs    # Errors  Last Runtime    Last Run               Last # of DB Queries
----------------------------------------------  -----  ---------  --------  ----------  --------------  -------------------  ----------------------
/opt/airflow/dags/retail_sales_pipeline_dag.py                           1           0  0.15s           2026-05-21T12:47:54                      12
================================================================================
[2026-05-21T12:48:41.398+0000] {manager.py:997} INFO - 
================================================================================
DAG File Processing Stats

File Path                                       PID    Runtime      # DAGs    # Errors  Last Runtime    Last Run               Last # of DB Queries
----------------------------------------------  -----  ---------  --------  ----------  --------------  -------------------  ----------------------
/opt/airflow/dags/retail_sales_pipeline_dag.py                           1           0  0.16s           2026-05-21T12:48:25                      12
================================================================================
[2026-05-21T12:49:12.977+0000] {manager.py:997} INFO - 
================================================================================
DAG File Processing Stats

File Path                                       PID    Runtime      # DAGs    # Errors  Last Runtime    Last Run               Last # of DB Queries
----------------------------------------------  -----  ---------  --------  ----------  --------------  -------------------  ----------------------
/opt/airflow/dags/retail_sales_pipeline_dag.py                           1           0  0.17s           2026-05-21T12:48:56                      12
================================================================================
[2026-05-21T12:49:44.369+0000] {manager.py:997} INFO - 
================================================================================
DAG File Processing Stats

File Path                                       PID    Runtime      # DAGs    # Errors  Last Runtime    Last Run               Last # of DB Queries
----------------------------------------------  -----  ---------  --------  ----------  --------------  -------------------  ----------------------
/opt/airflow/dags/retail_sales_pipeline_dag.py                           1           0  0.17s           2026-05-21T12:49:28                      12
================================================================================
[2026-05-21T12:50:15.915+0000] {manager.py:997} INFO - 
================================================================================
DAG File Processing Stats

File Path                                       PID    Runtime      # DAGs    # Errors  Last Runtime    Last Run               Last # of DB Queries
----------------------------------------------  -----  ---------  --------  ----------  --------------  -------------------  ----------------------
/opt/airflow/dags/retail_sales_pipeline_dag.py                           1           0  0.16s           2026-05-21T12:49:58                      12
================================================================================
[2026-05-21T12:50:35.301+0000] {manager.py:821} INFO - Searching for files in /opt/airflow/dags
[2026-05-21T12:50:35.327+0000] {manager.py:824} INFO - There are 1 files in /opt/airflow/dags
[2026-05-21T12:50:47.422+0000] {manager.py:997} INFO - 
================================================================================
DAG File Processing Stats

File Path                                       PID    Runtime      # DAGs    # Errors  Last Runtime    Last Run               Last # of DB Queries
----------------------------------------------  -----  ---------  --------  ----------  --------------  -------------------  ----------------------
/opt/airflow/dags/retail_sales_pipeline_dag.py                           1           0  0.15s           2026-05-21T12:50:30                      12
================================================================================
[2026-05-21T12:51:19.242+0000] {manager.py:997} INFO - 
================================================================================
DAG File Processing Stats

File Path                                       PID    Runtime      # DAGs    # Errors  Last Runtime    Last Run               Last # of DB Queries
----------------------------------------------  -----  ---------  --------  ----------  --------------  -------------------  ----------------------
/opt/airflow/dags/retail_sales_pipeline_dag.py                           1           0  1.26s           2026-05-21T12:51:03                      12
================================================================================
[2026-05-21T12:51:50.710+0000] {manager.py:997} INFO - 
================================================================================
DAG File Processing Stats

File Path                                       PID    Runtime      # DAGs    # Errors  Last Runtime    Last Run               Last # of DB Queries
----------------------------------------------  -----  ---------  --------  ----------  --------------  -------------------  ----------------------
/opt/airflow/dags/retail_sales_pipeline_dag.py                           1           0  0.18s           2026-05-21T12:51:33                      12
================================================================================
[2026-05-21T12:52:22.208+0000] {manager.py:997} INFO - 
================================================================================
DAG File Processing Stats

File Path                                       PID    Runtime      # DAGs    # Errors  Last Runtime    Last Run               Last # of DB Queries
----------------------------------------------  -----  ---------  --------  ----------  --------------  -------------------  ----------------------
/opt/airflow/dags/retail_sales_pipeline_dag.py                           1           0  0.16s           2026-05-21T12:52:04                      12
================================================================================
[2026-05-21T12:52:53.709+0000] {manager.py:997} INFO - 
================================================================================
DAG File Processing Stats

File Path                                       PID    Runtime      # DAGs    # Errors  Last Runtime    Last Run               Last # of DB Queries
----------------------------------------------  -----  ---------  --------  ----------  --------------  -------------------  ----------------------
/opt/airflow/dags/retail_sales_pipeline_dag.py                           1           0  0.19s           2026-05-21T12:52:35                      12
================================================================================
[2026-05-21T12:53:25.197+0000] {manager.py:997} INFO - 
================================================================================
DAG File Processing Stats

File Path                                       PID    Runtime      # DAGs    # Errors  Last Runtime    Last Run               Last # of DB Queries
----------------------------------------------  -----  ---------  --------  ----------  --------------  -------------------  ----------------------
/opt/airflow/dags/retail_sales_pipeline_dag.py                           1           0  0.17s           2026-05-21T12:53:06                      12
================================================================================
[2026-05-21T12:53:56.610+0000] {manager.py:997} INFO - 
================================================================================
DAG File Processing Stats

File Path                                       PID    Runtime      # DAGs    # Errors  Last Runtime    Last Run               Last # of DB Queries
----------------------------------------------  -----  ---------  --------  ----------  --------------  -------------------  ----------------------
/opt/airflow/dags/retail_sales_pipeline_dag.py                           1           0  0.21s           2026-05-21T12:53:37                      12
================================================================================
[2026-05-21T12:54:28.207+0000] {manager.py:997} INFO - 
================================================================================
DAG File Processing Stats

File Path                                       PID    Runtime      # DAGs    # Errors  Last Runtime    Last Run               Last # of DB Queries
----------------------------------------------  -----  ---------  --------  ----------  --------------  -------------------  ----------------------
/opt/airflow/dags/retail_sales_pipeline_dag.py                           1           0  0.27s           2026-05-21T12:54:07                      12
================================================================================
[2026-05-21T12:54:59.747+0000] {manager.py:997} INFO - 
================================================================================
DAG File Processing Stats

File Path                                       PID    Runtime      # DAGs    # Errors  Last Runtime    Last Run               Last # of DB Queries
----------------------------------------------  -----  ---------  --------  ----------  --------------  -------------------  ----------------------
/opt/airflow/dags/retail_sales_pipeline_dag.py                           1           0  0.19s           2026-05-21T12:54:39                      12
================================================================================
[2026-05-21T12:55:31.132+0000] {manager.py:997} INFO - 
================================================================================
DAG File Processing Stats

File Path                                       PID    Runtime      # DAGs    # Errors  Last Runtime    Last Run               Last # of DB Queries
----------------------------------------------  -----  ---------  --------  ----------  --------------  -------------------  ----------------------
/opt/airflow/dags/retail_sales_pipeline_dag.py                           1           0  0.16s           2026-05-21T12:55:11                      12
================================================================================
[2026-05-21T12:55:35.350+0000] {manager.py:821} INFO - Searching for files in /opt/airflow/dags
[2026-05-21T12:55:35.374+0000] {manager.py:824} INFO - There are 1 files in /opt/airflow/dags
[2026-05-21T12:56:02.560+0000] {manager.py:997} INFO - 
================================================================================
DAG File Processing Stats

File Path                                       PID    Runtime      # DAGs    # Errors  Last Runtime    Last Run               Last # of DB Queries
----------------------------------------------  -----  ---------  --------  ----------  --------------  -------------------  ----------------------
/opt/airflow/dags/retail_sales_pipeline_dag.py                           1           0  0.18s           2026-05-21T12:55:42                      12
================================================================================
[2026-05-21T12:56:34.057+0000] {manager.py:997} INFO - 
================================================================================
DAG File Processing Stats

File Path                                       PID    Runtime      # DAGs    # Errors  Last Runtime    Last Run               Last # of DB Queries
----------------------------------------------  -----  ---------  --------  ----------  --------------  -------------------  ----------------------
/opt/airflow/dags/retail_sales_pipeline_dag.py                           1           0  0.18s           2026-05-21T12:56:13                      12
================================================================================
[2026-05-21T12:57:05.458+0000] {manager.py:997} INFO - 
================================================================================
DAG File Processing Stats

File Path                                       PID    Runtime      # DAGs    # Errors  Last Runtime    Last Run               Last # of DB Queries
----------------------------------------------  -----  ---------  --------  ----------  --------------  -------------------  ----------------------
/opt/airflow/dags/retail_sales_pipeline_dag.py                           1           0  0.16s           2026-05-21T12:56:44                      12
================================================================================
[2026-05-21T12:57:36.986+0000] {manager.py:997} INFO - 
================================================================================
DAG File Processing Stats

File Path                                       PID    Runtime      # DAGs    # Errors  Last Runtime    Last Run               Last # of DB Queries
----------------------------------------------  -----  ---------  --------  ----------  --------------  -------------------  ----------------------
/opt/airflow/dags/retail_sales_pipeline_dag.py                           1           0  0.21s           2026-05-21T12:57:15                      12
================================================================================
[2026-05-21T12:58:08.364+0000] {manager.py:997} INFO - 
================================================================================
DAG File Processing Stats

File Path                                       PID    Runtime      # DAGs    # Errors  Last Runtime    Last Run               Last # of DB Queries
----------------------------------------------  -----  ---------  --------  ----------  --------------  -------------------  ----------------------
/opt/airflow/dags/retail_sales_pipeline_dag.py                           1           0  0.21s           2026-05-21T12:57:47                      12
================================================================================
[2026-05-21T12:58:39.823+0000] {manager.py:997} INFO - 
================================================================================
DAG File Processing Stats

File Path                                       PID    Runtime      # DAGs    # Errors  Last Runtime    Last Run               Last # of DB Queries
----------------------------------------------  -----  ---------  --------  ----------  --------------  -------------------  ----------------------
/opt/airflow/dags/retail_sales_pipeline_dag.py                           1           0  0.17s           2026-05-21T12:58:17                      12
================================================================================
[2026-05-21T12:59:11.403+0000] {manager.py:997} INFO - 
================================================================================
DAG File Processing Stats

File Path                                       PID    Runtime      # DAGs    # Errors  Last Runtime    Last Run               Last # of DB Queries
----------------------------------------------  -----  ---------  --------  ----------  --------------  -------------------  ----------------------
/opt/airflow/dags/retail_sales_pipeline_dag.py                           1           0  0.16s           2026-05-21T12:58:49                      12
================================================================================
[2026-05-21T12:59:42.768+0000] {manager.py:997} INFO - 
================================================================================
DAG File Processing Stats

File Path                                       PID    Runtime      # DAGs    # Errors  Last Runtime    Last Run               Last # of DB Queries
----------------------------------------------  -----  ---------  --------  ----------  --------------  -------------------  ----------------------
/opt/airflow/dags/retail_sales_pipeline_dag.py                           1           0  0.15s           2026-05-21T12:59:20                      12
================================================================================
[2026-05-21T13:00:14.210+0000] {manager.py:997} INFO - 
================================================================================
DAG File Processing Stats

File Path                                       PID    Runtime      # DAGs    # Errors  Last Runtime    Last Run               Last # of DB Queries
----------------------------------------------  -----  ---------  --------  ----------  --------------  -------------------  ----------------------
/opt/airflow/dags/retail_sales_pipeline_dag.py                           1           0  0.20s           2026-05-21T12:59:52                      12
================================================================================
[2026-05-21T13:00:35.613+0000] {manager.py:821} INFO - Searching for files in /opt/airflow/dags
[2026-05-21T13:00:35.641+0000] {manager.py:824} INFO - There are 1 files in /opt/airflow/dags
[2026-05-21T13:00:45.724+0000] {manager.py:997} INFO - 
================================================================================
DAG File Processing Stats

File Path                                       PID    Runtime      # DAGs    # Errors  Last Runtime    Last Run               Last # of DB Queries
----------------------------------------------  -----  ---------  --------  ----------  --------------  -------------------  ----------------------
/opt/airflow/dags/retail_sales_pipeline_dag.py                           1           0  0.23s           2026-05-21T13:00:22                      12
================================================================================
[2026-05-21T13:01:17.143+0000] {manager.py:997} INFO - 
================================================================================
DAG File Processing Stats

File Path                                       PID    Runtime      # DAGs    # Errors  Last Runtime    Last Run               Last # of DB Queries
----------------------------------------------  -----  ---------  --------  ----------  --------------  -------------------  ----------------------
/opt/airflow/dags/retail_sales_pipeline_dag.py                           1           0  0.17s           2026-05-21T13:00:54                      12
================================================================================
[2026-05-21T13:01:48.588+0000] {manager.py:997} INFO - 
================================================================================
DAG File Processing Stats

File Path                                       PID    Runtime      # DAGs    # Errors  Last Runtime    Last Run               Last # of DB Queries
----------------------------------------------  -----  ---------  --------  ----------  --------------  -------------------  ----------------------
/opt/airflow/dags/retail_sales_pipeline_dag.py                           1           0  0.17s           2026-05-21T13:01:25                      12
================================================================================
[2026-05-21T13:02:20.079+0000] {manager.py:997} INFO - 
================================================================================
DAG File Processing Stats

File Path                                       PID    Runtime      # DAGs    # Errors  Last Runtime    Last Run               Last # of DB Queries
----------------------------------------------  -----  ---------  --------  ----------  --------------  -------------------  ----------------------
/opt/airflow/dags/retail_sales_pipeline_dag.py                           1           0  0.16s           2026-05-21T13:01:55                      12
================================================================================
[2026-05-21T13:02:51.426+0000] {manager.py:997} INFO - 
================================================================================
DAG File Processing Stats

File Path                                       PID    Runtime      # DAGs    # Errors  Last Runtime    Last Run               Last # of DB Queries
----------------------------------------------  -----  ---------  --------  ----------  --------------  -------------------  ----------------------
/opt/airflow/dags/retail_sales_pipeline_dag.py                           1           0  0.21s           2026-05-21T13:02:27                      12
================================================================================
[2026-05-21T13:03:23.010+0000] {manager.py:997} INFO - 
================================================================================
DAG File Processing Stats

File Path                                       PID    Runtime      # DAGs    # Errors  Last Runtime    Last Run               Last # of DB Queries
----------------------------------------------  -----  ---------  --------  ----------  --------------  -------------------  ----------------------
/opt/airflow/dags/retail_sales_pipeline_dag.py                           1           0  0.17s           2026-05-21T13:02:58                      12
================================================================================
[2026-05-21T13:03:54.369+0000] {manager.py:997} INFO - 
================================================================================
DAG File Processing Stats

File Path                                       PID    Runtime      # DAGs    # Errors  Last Runtime    Last Run               Last # of DB Queries
----------------------------------------------  -----  ---------  --------  ----------  --------------  -------------------  ----------------------
/opt/airflow/dags/retail_sales_pipeline_dag.py                           1           0  0.17s           2026-05-21T13:03:30                      12
================================================================================
[2026-05-21T13:04:25.967+0000] {manager.py:997} INFO - 
================================================================================
DAG File Processing Stats

File Path                                       PID    Runtime      # DAGs    # Errors  Last Runtime    Last Run               Last # of DB Queries
----------------------------------------------  -----  ---------  --------  ----------  --------------  -------------------  ----------------------
/opt/airflow/dags/retail_sales_pipeline_dag.py                           1           0  0.20s           2026-05-21T13:04:00                      12
================================================================================
[2026-05-21T13:04:57.369+0000] {manager.py:997} INFO - 
================================================================================
DAG File Processing Stats

File Path                                       PID    Runtime      # DAGs    # Errors  Last Runtime    Last Run               Last # of DB Queries
----------------------------------------------  -----  ---------  --------  ----------  --------------  -------------------  ----------------------
/opt/airflow/dags/retail_sales_pipeline_dag.py                           1           0  0.18s           2026-05-21T13:04:32                      12
================================================================================
[2026-05-21T13:05:28.865+0000] {manager.py:997} INFO - 
================================================================================
DAG File Processing Stats

File Path                                       PID    Runtime      # DAGs    # Errors  Last Runtime    Last Run               Last # of DB Queries
----------------------------------------------  -----  ---------  --------  ----------  --------------  -------------------  ----------------------
/opt/airflow/dags/retail_sales_pipeline_dag.py                           1           0  0.16s           2026-05-21T13:05:02                      12
================================================================================
[2026-05-21T13:05:36.223+0000] {manager.py:821} INFO - Searching for files in /opt/airflow/dags
[2026-05-21T13:05:36.247+0000] {manager.py:824} INFO - There are 1 files in /opt/airflow/dags
[2026-05-21T13:06:00.412+0000] {manager.py:997} INFO - 
================================================================================
DAG File Processing Stats

File Path                                       PID    Runtime      # DAGs    # Errors  Last Runtime    Last Run               Last # of DB Queries
----------------------------------------------  -----  ---------  --------  ----------  --------------  -------------------  ----------------------
/opt/airflow/dags/retail_sales_pipeline_dag.py                           1           0  0.19s           2026-05-21T13:05:34                      12
================================================================================
[2026-05-21T13:06:31.787+0000] {manager.py:997} INFO - 
================================================================================
DAG File Processing Stats

File Path                                       PID    Runtime      # DAGs    # Errors  Last Runtime    Last Run               Last # of DB Queries
----------------------------------------------  -----  ---------  --------  ----------  --------------  -------------------  ----------------------
/opt/airflow/dags/retail_sales_pipeline_dag.py                           1           0  0.18s           2026-05-21T13:06:05                      12
================================================================================
[2026-05-21T13:07:03.296+0000] {manager.py:997} INFO - 
================================================================================
DAG File Processing Stats

File Path                                       PID    Runtime      # DAGs    # Errors  Last Runtime    Last Run               Last # of DB Queries
----------------------------------------------  -----  ---------  --------  ----------  --------------  -------------------  ----------------------
/opt/airflow/dags/retail_sales_pipeline_dag.py                           1           0  0.17s           2026-05-21T13:06:37                      12
================================================================================
[2026-05-21T13:07:34.621+0000] {manager.py:997} INFO - 
================================================================================
DAG File Processing Stats

File Path                                       PID    Runtime      # DAGs    # Errors  Last Runtime    Last Run               Last # of DB Queries
----------------------------------------------  -----  ---------  --------  ----------  --------------  -------------------  ----------------------
/opt/airflow/dags/retail_sales_pipeline_dag.py                           1           0  0.17s           2026-05-21T13:07:08                      12
================================================================================
[2026-05-21T13:08:06.175+0000] {manager.py:997} INFO - 
================================================================================
DAG File Processing Stats

File Path                                       PID    Runtime      # DAGs    # Errors  Last Runtime    Last Run               Last # of DB Queries
----------------------------------------------  -----  ---------  --------  ----------  --------------  -------------------  ----------------------
/opt/airflow/dags/retail_sales_pipeline_dag.py                           1           0  0.22s           2026-05-21T13:07:39                      12
================================================================================
[2026-05-21T13:08:37.726+0000] {manager.py:997} INFO - 
================================================================================
DAG File Processing Stats

File Path                                       PID    Runtime      # DAGs    # Errors  Last Runtime    Last Run               Last # of DB Queries
----------------------------------------------  -----  ---------  --------  ----------  --------------  -------------------  ----------------------
/opt/airflow/dags/retail_sales_pipeline_dag.py                           1           0  0.20s           2026-05-21T13:08:10                      12
================================================================================
[2026-05-21T13:09:09.218+0000] {manager.py:997} INFO - 
================================================================================
DAG File Processing Stats

File Path                                       PID    Runtime      # DAGs    # Errors  Last Runtime    Last Run               Last # of DB Queries
----------------------------------------------  -----  ---------  --------  ----------  --------------  -------------------  ----------------------
/opt/airflow/dags/retail_sales_pipeline_dag.py                           1           0  0.24s           2026-05-21T13:08:41                      12
================================================================================
[2026-05-21T13:09:40.718+0000] {manager.py:997} INFO - 
================================================================================
DAG File Processing Stats

File Path                                       PID    Runtime      # DAGs    # Errors  Last Runtime    Last Run               Last # of DB Queries
----------------------------------------------  -----  ---------  --------  ----------  --------------  -------------------  ----------------------
/opt/airflow/dags/retail_sales_pipeline_dag.py                           1           0  0.21s           2026-05-21T13:09:12                      12
================================================================================
[2026-05-21T13:10:12.190+0000] {manager.py:997} INFO - 
================================================================================
DAG File Processing Stats

File Path                                       PID    Runtime      # DAGs    # Errors  Last Runtime    Last Run               Last # of DB Queries
----------------------------------------------  -----  ---------  --------  ----------  --------------  -------------------  ----------------------
/opt/airflow/dags/retail_sales_pipeline_dag.py                           1           0  0.21s           2026-05-21T13:09:44                      12
================================================================================
[2026-05-21T13:10:36.547+0000] {manager.py:821} INFO - Searching for files in /opt/airflow/dags
[2026-05-21T13:10:36.573+0000] {manager.py:824} INFO - There are 1 files in /opt/airflow/dags
[2026-05-21T13:10:43.628+0000] {manager.py:997} INFO - 
================================================================================
DAG File Processing Stats

File Path                                       PID    Runtime      # DAGs    # Errors  Last Runtime    Last Run               Last # of DB Queries
----------------------------------------------  -----  ---------  --------  ----------  --------------  -------------------  ----------------------
/opt/airflow/dags/retail_sales_pipeline_dag.py                           1           0  0.16s           2026-05-21T13:10:14                      12
================================================================================
[2026-05-21T13:11:15.101+0000] {manager.py:997} INFO - 
================================================================================
DAG File Processing Stats

File Path                                       PID    Runtime      # DAGs    # Errors  Last Runtime    Last Run               Last # of DB Queries
----------------------------------------------  -----  ---------  --------  ----------  --------------  -------------------  ----------------------
/opt/airflow/dags/retail_sales_pipeline_dag.py                           1           0  0.16s           2026-05-21T13:10:46                      12
================================================================================
[2026-05-21T13:11:47.070+0000] {manager.py:997} INFO - 
================================================================================
DAG File Processing Stats

File Path                                       PID    Runtime      # DAGs    # Errors  Last Runtime    Last Run               Last # of DB Queries
----------------------------------------------  -----  ---------  --------  ----------  --------------  -------------------  ----------------------
/opt/airflow/dags/retail_sales_pipeline_dag.py                           1           0  0.16s           2026-05-21T13:11:17                      12
================================================================================
[2026-05-21T13:12:18.765+0000] {manager.py:997} INFO - 
================================================================================
DAG File Processing Stats

File Path                                         PID  Runtime      # DAGs    # Errors  Last Runtime    Last Run               Last # of DB Queries
----------------------------------------------  -----  ---------  --------  ----------  --------------  -------------------  ----------------------
/opt/airflow/dags/retail_sales_pipeline_dag.py    672  0.01s             1           0  0.16s           2026-05-21T13:11:48                      12
================================================================================
[2026-05-21T13:12:50.188+0000] {manager.py:997} INFO - 
================================================================================
DAG File Processing Stats

File Path                                         PID  Runtime      # DAGs    # Errors  Last Runtime    Last Run               Last # of DB Queries
----------------------------------------------  -----  ---------  --------  ----------  --------------  -------------------  ----------------------
/opt/airflow/dags/retail_sales_pipeline_dag.py    677  0.01s             1           0  0.16s           2026-05-21T13:12:18                      12
================================================================================
[2026-05-21T13:13:21.562+0000] {manager.py:997} INFO - 
================================================================================
DAG File Processing Stats

File Path                                         PID  Runtime      # DAGs    # Errors  Last Runtime    Last Run               Last # of DB Queries
----------------------------------------------  -----  ---------  --------  ----------  --------------  -------------------  ----------------------
/opt/airflow/dags/retail_sales_pipeline_dag.py    682  0.01s             1           0  0.16s           2026-05-21T13:12:50                      12
================================================================================
[2026-05-21T13:13:53.053+0000] {manager.py:997} INFO - 
================================================================================
DAG File Processing Stats

File Path                                       PID    Runtime      # DAGs    # Errors  Last Runtime    Last Run               Last # of DB Queries
----------------------------------------------  -----  ---------  --------  ----------  --------------  -------------------  ----------------------
/opt/airflow/dags/retail_sales_pipeline_dag.py                           1           0  0.17s           2026-05-21T13:13:52                      12
================================================================================
[2026-05-21T13:14:24.417+0000] {manager.py:997} INFO - 
================================================================================
DAG File Processing Stats

File Path                                       PID    Runtime      # DAGs    # Errors  Last Runtime    Last Run               Last # of DB Queries
----------------------------------------------  -----  ---------  --------  ----------  --------------  -------------------  ----------------------
/opt/airflow/dags/retail_sales_pipeline_dag.py                           1           0  0.17s           2026-05-21T13:14:23                      12
================================================================================
[2026-05-21T13:14:55.875+0000] {manager.py:997} INFO - 
================================================================================
DAG File Processing Stats

File Path                                       PID    Runtime      # DAGs    # Errors  Last Runtime    Last Run               Last # of DB Queries
----------------------------------------------  -----  ---------  --------  ----------  --------------  -------------------  ----------------------
/opt/airflow/dags/retail_sales_pipeline_dag.py                           1           0  0.16s           2026-05-21T13:14:54                      12
================================================================================
[2026-05-21T13:15:27.108+0000] {manager.py:997} INFO - 
================================================================================
DAG File Processing Stats

File Path                                       PID    Runtime      # DAGs    # Errors  Last Runtime    Last Run               Last # of DB Queries
----------------------------------------------  -----  ---------  --------  ----------  --------------  -------------------  ----------------------
/opt/airflow/dags/retail_sales_pipeline_dag.py                           1           0  0.16s           2026-05-21T13:15:26                      12
================================================================================
[2026-05-21T13:15:37.169+0000] {manager.py:821} INFO - Searching for files in /opt/airflow/dags
[2026-05-21T13:15:37.190+0000] {manager.py:824} INFO - There are 1 files in /opt/airflow/dags
[2026-05-21T13:15:58.509+0000] {manager.py:997} INFO - 
================================================================================
DAG File Processing Stats

File Path                                       PID    Runtime      # DAGs    # Errors  Last Runtime    Last Run               Last # of DB Queries
----------------------------------------------  -----  ---------  --------  ----------  --------------  -------------------  ----------------------
/opt/airflow/dags/retail_sales_pipeline_dag.py                           1           0  0.16s           2026-05-21T13:15:57                      12
================================================================================
[2026-05-21T13:16:30.028+0000] {manager.py:997} INFO - 
================================================================================
DAG File Processing Stats

File Path                                       PID    Runtime      # DAGs    # Errors  Last Runtime    Last Run               Last # of DB Queries
----------------------------------------------  -----  ---------  --------  ----------  --------------  -------------------  ----------------------
/opt/airflow/dags/retail_sales_pipeline_dag.py                           1           0  0.25s           2026-05-21T13:16:28                      12
================================================================================
[2026-05-21T13:17:01.279+0000] {manager.py:997} INFO - 
================================================================================
DAG File Processing Stats

File Path                                       PID    Runtime      # DAGs    # Errors  Last Runtime    Last Run               Last # of DB Queries
----------------------------------------------  -----  ---------  --------  ----------  --------------  -------------------  ----------------------
/opt/airflow/dags/retail_sales_pipeline_dag.py                           1           0  0.17s           2026-05-21T13:16:59                      12
================================================================================
[2026-05-21T13:17:32.773+0000] {manager.py:997} INFO - 
================================================================================
DAG File Processing Stats

File Path                                       PID    Runtime      # DAGs    # Errors  Last Runtime    Last Run               Last # of DB Queries
----------------------------------------------  -----  ---------  --------  ----------  --------------  -------------------  ----------------------
/opt/airflow/dags/retail_sales_pipeline_dag.py                           1           0  0.15s           2026-05-21T13:17:30                      12
================================================================================
[2026-05-21T13:18:04.090+0000] {manager.py:997} INFO - 
================================================================================
DAG File Processing Stats

File Path                                       PID    Runtime      # DAGs    # Errors  Last Runtime    Last Run               Last # of DB Queries
----------------------------------------------  -----  ---------  --------  ----------  --------------  -------------------  ----------------------
/opt/airflow/dags/retail_sales_pipeline_dag.py                           1           0  0.16s           2026-05-21T13:18:01                      12
================================================================================
[2026-05-21T13:18:35.533+0000] {manager.py:997} INFO - 
================================================================================
DAG File Processing Stats

File Path                                       PID    Runtime      # DAGs    # Errors  Last Runtime    Last Run               Last # of DB Queries
----------------------------------------------  -----  ---------  --------  ----------  --------------  -------------------  ----------------------
/opt/airflow/dags/retail_sales_pipeline_dag.py                           1           0  0.16s           2026-05-21T13:18:32                      12
================================================================================
[2026-05-21T13:19:06.747+0000] {manager.py:997} INFO - 
================================================================================
DAG File Processing Stats

File Path                                       PID    Runtime      # DAGs    # Errors  Last Runtime    Last Run               Last # of DB Queries
----------------------------------------------  -----  ---------  --------  ----------  --------------  -------------------  ----------------------
/opt/airflow/dags/retail_sales_pipeline_dag.py                           1           0  0.15s           2026-05-21T13:19:03                      12
================================================================================
[2026-05-21T13:19:37.665+0000] {manager.py:997} INFO - 
================================================================================
DAG File Processing Stats

File Path                                       PID    Runtime      # DAGs    # Errors  Last Runtime    Last Run               Last # of DB Queries
----------------------------------------------  -----  ---------  --------  ----------  --------------  -------------------  ----------------------
/opt/airflow/dags/retail_sales_pipeline_dag.py                           1           0  0.16s           2026-05-21T13:19:34                      12
================================================================================
[2026-05-21T13:20:09.511+0000] {manager.py:997} INFO - 
================================================================================
DAG File Processing Stats

File Path                                       PID    Runtime      # DAGs    # Errors  Last Runtime    Last Run               Last # of DB Queries
----------------------------------------------  -----  ---------  --------  ----------  --------------  -------------------  ----------------------
/opt/airflow/dags/retail_sales_pipeline_dag.py                           1           0  0.16s           2026-05-21T13:20:05                      12
================================================================================
[2026-05-21T13:20:37.997+0000] {manager.py:821} INFO - Searching for files in /opt/airflow/dags
[2026-05-21T13:20:38.021+0000] {manager.py:824} INFO - There are 1 files in /opt/airflow/dags
[2026-05-21T13:20:41.055+0000] {manager.py:997} INFO - 
================================================================================
DAG File Processing Stats

File Path                                       PID    Runtime      # DAGs    # Errors  Last Runtime    Last Run               Last # of DB Queries
----------------------------------------------  -----  ---------  --------  ----------  --------------  -------------------  ----------------------
/opt/airflow/dags/retail_sales_pipeline_dag.py                           1           0  0.16s           2026-05-21T13:20:37                      12
================================================================================
[2026-05-21T13:21:12.409+0000] {manager.py:997} INFO - 
================================================================================
DAG File Processing Stats

File Path                                       PID    Runtime      # DAGs    # Errors  Last Runtime    Last Run               Last # of DB Queries
----------------------------------------------  -----  ---------  --------  ----------  --------------  -------------------  ----------------------
/opt/airflow/dags/retail_sales_pipeline_dag.py                           1           0  0.17s           2026-05-21T13:21:08                      12
================================================================================
[2026-05-21T13:21:43.813+0000] {manager.py:997} INFO - 
================================================================================
DAG File Processing Stats

File Path                                       PID    Runtime      # DAGs    # Errors  Last Runtime    Last Run               Last # of DB Queries
----------------------------------------------  -----  ---------  --------  ----------  --------------  -------------------  ----------------------
/opt/airflow/dags/retail_sales_pipeline_dag.py                           1           0  0.15s           2026-05-21T13:21:39                      12
================================================================================
[2026-05-21T13:22:15.145+0000] {manager.py:997} INFO - 
================================================================================
DAG File Processing Stats

File Path                                       PID    Runtime      # DAGs    # Errors  Last Runtime    Last Run               Last # of DB Queries
----------------------------------------------  -----  ---------  --------  ----------  --------------  -------------------  ----------------------
/opt/airflow/dags/retail_sales_pipeline_dag.py                           1           0  0.16s           2026-05-21T13:22:10                      12
================================================================================
[2026-05-21T13:22:46.615+0000] {manager.py:997} INFO - 
================================================================================
DAG File Processing Stats

File Path                                       PID    Runtime      # DAGs    # Errors  Last Runtime    Last Run               Last # of DB Queries
----------------------------------------------  -----  ---------  --------  ----------  --------------  -------------------  ----------------------
/opt/airflow/dags/retail_sales_pipeline_dag.py                           1           0  0.16s           2026-05-21T13:22:41                      12
================================================================================
[2026-05-21T13:23:17.909+0000] {manager.py:997} INFO - 
================================================================================
DAG File Processing Stats

File Path                                       PID    Runtime      # DAGs    # Errors  Last Runtime    Last Run               Last # of DB Queries
----------------------------------------------  -----  ---------  --------  ----------  --------------  -------------------  ----------------------
/opt/airflow/dags/retail_sales_pipeline_dag.py                           1           0  0.15s           2026-05-21T13:23:13                      12
================================================================================
[2026-05-21T13:23:49.366+0000] {manager.py:997} INFO - 
================================================================================
DAG File Processing Stats

File Path                                       PID    Runtime      # DAGs    # Errors  Last Runtime    Last Run               Last # of DB Queries
----------------------------------------------  -----  ---------  --------  ----------  --------------  -------------------  ----------------------
/opt/airflow/dags/retail_sales_pipeline_dag.py                           1           0  0.16s           2026-05-21T13:23:43                      12
================================================================================
[2026-05-21T13:24:20.768+0000] {manager.py:997} INFO - 
================================================================================
DAG File Processing Stats

File Path                                       PID    Runtime      # DAGs    # Errors  Last Runtime    Last Run               Last # of DB Queries
----------------------------------------------  -----  ---------  --------  ----------  --------------  -------------------  ----------------------
/opt/airflow/dags/retail_sales_pipeline_dag.py                           1           0  0.16s           2026-05-21T13:24:14                      12
================================================================================
[2026-05-21T13:24:51.563+0000] {manager.py:997} INFO - 
================================================================================
DAG File Processing Stats

File Path                                       PID    Runtime      # DAGs    # Errors  Last Runtime    Last Run               Last # of DB Queries
----------------------------------------------  -----  ---------  --------  ----------  --------------  -------------------  ----------------------
/opt/airflow/dags/retail_sales_pipeline_dag.py                           1           0  0.17s           2026-05-21T13:24:45                      12
================================================================================
[2026-05-21T13:25:23.050+0000] {manager.py:997} INFO - 
================================================================================
DAG File Processing Stats

File Path                                       PID    Runtime      # DAGs    # Errors  Last Runtime    Last Run               Last # of DB Queries
----------------------------------------------  -----  ---------  --------  ----------  --------------  -------------------  ----------------------
/opt/airflow/dags/retail_sales_pipeline_dag.py                           1           0  0.16s           2026-05-21T13:25:17                      12
================================================================================
[2026-05-21T13:25:38.139+0000] {manager.py:821} INFO - Searching for files in /opt/airflow/dags
[2026-05-21T13:25:38.161+0000] {manager.py:824} INFO - There are 1 files in /opt/airflow/dags
[2026-05-21T13:25:54.369+0000] {manager.py:997} INFO - 
================================================================================
DAG File Processing Stats

File Path                                       PID    Runtime      # DAGs    # Errors  Last Runtime    Last Run               Last # of DB Queries
----------------------------------------------  -----  ---------  --------  ----------  --------------  -------------------  ----------------------
/opt/airflow/dags/retail_sales_pipeline_dag.py                           1           0  0.16s           2026-05-21T13:25:47                      12
================================================================================
[2026-05-21T13:26:25.855+0000] {manager.py:997} INFO - 
================================================================================
DAG File Processing Stats

File Path                                       PID    Runtime      # DAGs    # Errors  Last Runtime    Last Run               Last # of DB Queries
----------------------------------------------  -----  ---------  --------  ----------  --------------  -------------------  ----------------------
/opt/airflow/dags/retail_sales_pipeline_dag.py                           1           0  0.16s           2026-05-21T13:26:18                      12
================================================================================
[2026-05-21T13:26:57.085+0000] {manager.py:997} INFO - 
================================================================================
DAG File Processing Stats

File Path                                       PID    Runtime      # DAGs    # Errors  Last Runtime    Last Run               Last # of DB Queries
----------------------------------------------  -----  ---------  --------  ----------  --------------  -------------------  ----------------------
/opt/airflow/dags/retail_sales_pipeline_dag.py                           1           0  0.17s           2026-05-21T13:26:50                      12
================================================================================
[2026-05-21T13:27:28.545+0000] {manager.py:997} INFO - 
================================================================================
DAG File Processing Stats

File Path                                       PID    Runtime      # DAGs    # Errors  Last Runtime    Last Run               Last # of DB Queries
----------------------------------------------  -----  ---------  --------  ----------  --------------  -------------------  ----------------------
/opt/airflow/dags/retail_sales_pipeline_dag.py                           1           0  0.17s           2026-05-21T13:27:21                      12
================================================================================
[2026-05-21T13:27:59.777+0000] {manager.py:997} INFO - 
================================================================================
DAG File Processing Stats

File Path                                       PID    Runtime      # DAGs    # Errors  Last Runtime    Last Run               Last # of DB Queries
----------------------------------------------  -----  ---------  --------  ----------  --------------  -------------------  ----------------------
/opt/airflow/dags/retail_sales_pipeline_dag.py                           1           0  0.16s           2026-05-21T13:27:52                      12
================================================================================
[2026-05-21T13:28:31.193+0000] {manager.py:997} INFO - 
================================================================================
DAG File Processing Stats

File Path                                       PID    Runtime      # DAGs    # Errors  Last Runtime    Last Run               Last # of DB Queries
----------------------------------------------  -----  ---------  --------  ----------  --------------  -------------------  ----------------------
/opt/airflow/dags/retail_sales_pipeline_dag.py                           1           0  0.16s           2026-05-21T13:28:23                      12
================================================================================
[2026-05-21T13:29:02.553+0000] {manager.py:997} INFO - 
================================================================================
DAG File Processing Stats

File Path                                       PID    Runtime      # DAGs    # Errors  Last Runtime    Last Run               Last # of DB Queries
----------------------------------------------  -----  ---------  --------  ----------  --------------  -------------------  ----------------------
/opt/airflow/dags/retail_sales_pipeline_dag.py                           1           0  0.15s           2026-05-21T13:28:54                      12
================================================================================
[2026-05-21T13:29:33.980+0000] {manager.py:997} INFO - 
================================================================================
DAG File Processing Stats

File Path                                       PID    Runtime      # DAGs    # Errors  Last Runtime    Last Run               Last # of DB Queries
----------------------------------------------  -----  ---------  --------  ----------  --------------  -------------------  ----------------------
/opt/airflow/dags/retail_sales_pipeline_dag.py                           1           0  0.15s           2026-05-21T13:29:25                      12
================================================================================
[2026-05-21T13:30:05.408+0000] {manager.py:997} INFO - 
================================================================================
DAG File Processing Stats

File Path                                       PID    Runtime      # DAGs    # Errors  Last Runtime    Last Run               Last # of DB Queries
----------------------------------------------  -----  ---------  --------  ----------  --------------  -------------------  ----------------------
/opt/airflow/dags/retail_sales_pipeline_dag.py                           1           0  0.15s           2026-05-21T13:29:56                      12
================================================================================
[2026-05-21T13:30:36.691+0000] {manager.py:997} INFO - 
================================================================================
DAG File Processing Stats

File Path                                       PID    Runtime      # DAGs    # Errors  Last Runtime    Last Run               Last # of DB Queries
----------------------------------------------  -----  ---------  --------  ----------  --------------  -------------------  ----------------------
/opt/airflow/dags/retail_sales_pipeline_dag.py                           1           0  0.16s           2026-05-21T13:30:27                      12
================================================================================
[2026-05-21T13:30:38.702+0000] {manager.py:821} INFO - Searching for files in /opt/airflow/dags
[2026-05-21T13:30:38.725+0000] {manager.py:824} INFO - There are 1 files in /opt/airflow/dags
[2026-05-21T13:31:07.996+0000] {manager.py:997} INFO - 
================================================================================
DAG File Processing Stats

File Path                                       PID    Runtime      # DAGs    # Errors  Last Runtime    Last Run               Last # of DB Queries
----------------------------------------------  -----  ---------  --------  ----------  --------------  -------------------  ----------------------
/opt/airflow/dags/retail_sales_pipeline_dag.py                           1           0  0.16s           2026-05-21T13:30:58                      12
================================================================================
[2026-05-21T13:31:39.322+0000] {manager.py:997} INFO - 
================================================================================
DAG File Processing Stats

File Path                                       PID    Runtime      # DAGs    # Errors  Last Runtime    Last Run               Last # of DB Queries
----------------------------------------------  -----  ---------  --------  ----------  --------------  -------------------  ----------------------
/opt/airflow/dags/retail_sales_pipeline_dag.py                           1           0  0.18s           2026-05-21T13:31:30                      12
================================================================================
[2026-05-21T13:32:10.576+0000] {manager.py:997} INFO - 
================================================================================
DAG File Processing Stats

File Path                                       PID    Runtime      # DAGs    # Errors  Last Runtime    Last Run               Last # of DB Queries
----------------------------------------------  -----  ---------  --------  ----------  --------------  -------------------  ----------------------
/opt/airflow/dags/retail_sales_pipeline_dag.py                           1           0  1.70s           2026-05-21T13:32:02                      12
================================================================================
[2026-05-21T13:32:41.921+0000] {manager.py:997} INFO - 
================================================================================
DAG File Processing Stats

File Path                                       PID    Runtime      # DAGs    # Errors  Last Runtime    Last Run               Last # of DB Queries
----------------------------------------------  -----  ---------  --------  ----------  --------------  -------------------  ----------------------
/opt/airflow/dags/retail_sales_pipeline_dag.py                           1           0  0.17s           2026-05-21T13:32:33                      12
================================================================================
[2026-05-21T13:33:13.286+0000] {manager.py:997} INFO - 
================================================================================
DAG File Processing Stats

File Path                                       PID    Runtime      # DAGs    # Errors  Last Runtime    Last Run               Last # of DB Queries
----------------------------------------------  -----  ---------  --------  ----------  --------------  -------------------  ----------------------
/opt/airflow/dags/retail_sales_pipeline_dag.py                           1           0  0.18s           2026-05-21T13:33:03                      12
================================================================================
[2026-05-21T13:33:44.557+0000] {manager.py:997} INFO - 
================================================================================
DAG File Processing Stats

File Path                                       PID    Runtime      # DAGs    # Errors  Last Runtime    Last Run               Last # of DB Queries
----------------------------------------------  -----  ---------  --------  ----------  --------------  -------------------  ----------------------
/opt/airflow/dags/retail_sales_pipeline_dag.py                           1           0  0.18s           2026-05-21T13:33:34                      12
================================================================================
[2026-05-21T13:34:15.970+0000] {manager.py:997} INFO - 
================================================================================
DAG File Processing Stats

File Path                                       PID    Runtime      # DAGs    # Errors  Last Runtime    Last Run               Last # of DB Queries
----------------------------------------------  -----  ---------  --------  ----------  --------------  -------------------  ----------------------
/opt/airflow/dags/retail_sales_pipeline_dag.py                           1           0  0.16s           2026-05-21T13:34:05                      12
================================================================================
[2026-05-21T13:34:47.400+0000] {manager.py:997} INFO - 
================================================================================
DAG File Processing Stats

File Path                                       PID    Runtime      # DAGs    # Errors  Last Runtime    Last Run               Last # of DB Queries
----------------------------------------------  -----  ---------  --------  ----------  --------------  -------------------  ----------------------
/opt/airflow/dags/retail_sales_pipeline_dag.py                           1           0  0.18s           2026-05-21T13:34:36                      12
================================================================================
[2026-05-21T13:35:18.681+0000] {manager.py:997} INFO - 
================================================================================
DAG File Processing Stats

File Path                                       PID    Runtime      # DAGs    # Errors  Last Runtime    Last Run               Last # of DB Queries
----------------------------------------------  -----  ---------  --------  ----------  --------------  -------------------  ----------------------
/opt/airflow/dags/retail_sales_pipeline_dag.py                           1           0  0.16s           2026-05-21T13:35:07                      12
================================================================================
[2026-05-21T13:35:38.838+0000] {manager.py:821} INFO - Searching for files in /opt/airflow/dags
[2026-05-21T13:35:38.867+0000] {manager.py:824} INFO - There are 1 files in /opt/airflow/dags
[2026-05-21T13:35:50.031+0000] {manager.py:997} INFO - 
================================================================================
DAG File Processing Stats

File Path                                       PID    Runtime      # DAGs    # Errors  Last Runtime    Last Run               Last # of DB Queries
----------------------------------------------  -----  ---------  --------  ----------  --------------  -------------------  ----------------------
/opt/airflow/dags/retail_sales_pipeline_dag.py                           1           0  0.23s           2026-05-21T13:35:39                      12
================================================================================
[2026-05-21T13:36:20.954+0000] {manager.py:997} INFO - 
================================================================================
DAG File Processing Stats

File Path                                       PID    Runtime      # DAGs    # Errors  Last Runtime    Last Run               Last # of DB Queries
----------------------------------------------  -----  ---------  --------  ----------  --------------  -------------------  ----------------------
/opt/airflow/dags/retail_sales_pipeline_dag.py                           1           0  0.18s           2026-05-21T13:36:09                      12
================================================================================
[2026-05-21T13:36:51.824+0000] {manager.py:997} INFO - 
================================================================================
DAG File Processing Stats

File Path                                       PID    Runtime      # DAGs    # Errors  Last Runtime    Last Run               Last # of DB Queries
----------------------------------------------  -----  ---------  --------  ----------  --------------  -------------------  ----------------------
/opt/airflow/dags/retail_sales_pipeline_dag.py                           1           0  0.16s           2026-05-21T13:36:40                      12
================================================================================
[2026-05-21T13:37:23.777+0000] {manager.py:997} INFO - 
================================================================================
DAG File Processing Stats

File Path                                       PID    Runtime      # DAGs    # Errors  Last Runtime    Last Run               Last # of DB Queries
----------------------------------------------  -----  ---------  --------  ----------  --------------  -------------------  ----------------------
/opt/airflow/dags/retail_sales_pipeline_dag.py                           1           0  0.17s           2026-05-21T13:37:11                      12
================================================================================
[2026-05-21T13:37:55.047+0000] {manager.py:997} INFO - 
================================================================================
DAG File Processing Stats

File Path                                       PID    Runtime      # DAGs    # Errors  Last Runtime    Last Run               Last # of DB Queries
----------------------------------------------  -----  ---------  --------  ----------  --------------  -------------------  ----------------------
/opt/airflow/dags/retail_sales_pipeline_dag.py                           1           0  0.16s           2026-05-21T13:37:42                      12
================================================================================
[2026-05-21T13:38:26.418+0000] {manager.py:997} INFO - 
================================================================================
DAG File Processing Stats

File Path                                       PID    Runtime      # DAGs    # Errors  Last Runtime    Last Run               Last # of DB Queries
----------------------------------------------  -----  ---------  --------  ----------  --------------  -------------------  ----------------------
/opt/airflow/dags/retail_sales_pipeline_dag.py                           1           0  0.17s           2026-05-21T13:38:13                      12
================================================================================
[2026-05-21T13:38:57.207+0000] {manager.py:997} INFO - 
================================================================================
DAG File Processing Stats

File Path                                       PID    Runtime      # DAGs    # Errors  Last Runtime    Last Run               Last # of DB Queries
----------------------------------------------  -----  ---------  --------  ----------  --------------  -------------------  ----------------------
/opt/airflow/dags/retail_sales_pipeline_dag.py                           1           0  0.16s           2026-05-21T13:38:44                      12
================================================================================
[2026-05-21T13:39:28.677+0000] {manager.py:997} INFO - 
================================================================================
DAG File Processing Stats

File Path                                       PID    Runtime      # DAGs    # Errors  Last Runtime    Last Run               Last # of DB Queries
----------------------------------------------  -----  ---------  --------  ----------  --------------  -------------------  ----------------------
/opt/airflow/dags/retail_sales_pipeline_dag.py                           1           0  0.15s           2026-05-21T13:39:14                      12
================================================================================
[2026-05-21T13:40:00.054+0000] {manager.py:997} INFO - 
================================================================================
DAG File Processing Stats

File Path                                       PID    Runtime      # DAGs    # Errors  Last Runtime    Last Run               Last # of DB Queries
----------------------------------------------  -----  ---------  --------  ----------  --------------  -------------------  ----------------------
/opt/airflow/dags/retail_sales_pipeline_dag.py                           1           0  0.15s           2026-05-21T13:39:45                      12
================================================================================
[2026-05-21T13:40:31.354+0000] {manager.py:997} INFO - 
================================================================================
DAG File Processing Stats

File Path                                       PID    Runtime      # DAGs    # Errors  Last Runtime    Last Run               Last # of DB Queries
----------------------------------------------  -----  ---------  --------  ----------  --------------  -------------------  ----------------------
/opt/airflow/dags/retail_sales_pipeline_dag.py                           1           0  0.60s           2026-05-21T13:40:17                      12
================================================================================
[2026-05-21T13:40:38.994+0000] {manager.py:821} INFO - Searching for files in /opt/airflow/dags
[2026-05-21T13:40:39.020+0000] {manager.py:824} INFO - There are 1 files in /opt/airflow/dags
[2026-05-21T13:41:02.435+0000] {manager.py:997} INFO - 
================================================================================
DAG File Processing Stats

File Path                                       PID    Runtime      # DAGs    # Errors  Last Runtime    Last Run               Last # of DB Queries
----------------------------------------------  -----  ---------  --------  ----------  --------------  -------------------  ----------------------
/opt/airflow/dags/retail_sales_pipeline_dag.py                           1           0  0.22s           2026-05-21T13:40:48                      12
================================================================================
[2026-05-21T13:41:33.736+0000] {manager.py:997} INFO - 
================================================================================
DAG File Processing Stats

File Path                                       PID    Runtime      # DAGs    # Errors  Last Runtime    Last Run               Last # of DB Queries
----------------------------------------------  -----  ---------  --------  ----------  --------------  -------------------  ----------------------
/opt/airflow/dags/retail_sales_pipeline_dag.py                           1           0  0.21s           2026-05-21T13:41:19                      12
================================================================================
[2026-05-21T13:42:04.451+0000] {manager.py:997} INFO - 
================================================================================
DAG File Processing Stats

File Path                                       PID    Runtime      # DAGs    # Errors  Last Runtime    Last Run               Last # of DB Queries
----------------------------------------------  -----  ---------  --------  ----------  --------------  -------------------  ----------------------
/opt/airflow/dags/retail_sales_pipeline_dag.py                           1           0  0.25s           2026-05-21T13:41:50                      12
================================================================================
[2026-05-21T13:42:36.112+0000] {manager.py:997} INFO - 
================================================================================
DAG File Processing Stats

File Path                                       PID    Runtime      # DAGs    # Errors  Last Runtime    Last Run               Last # of DB Queries
----------------------------------------------  -----  ---------  --------  ----------  --------------  -------------------  ----------------------
/opt/airflow/dags/retail_sales_pipeline_dag.py                           1           0  0.23s           2026-05-21T13:42:21                      12
================================================================================
[2026-05-21T13:43:07.303+0000] {manager.py:997} INFO - 
================================================================================
DAG File Processing Stats

File Path                                       PID    Runtime      # DAGs    # Errors  Last Runtime    Last Run               Last # of DB Queries
----------------------------------------------  -----  ---------  --------  ----------  --------------  -------------------  ----------------------
/opt/airflow/dags/retail_sales_pipeline_dag.py                           1           0  0.18s           2026-05-21T13:42:52                      12
================================================================================
[2026-05-21T13:43:38.837+0000] {manager.py:997} INFO - 
================================================================================
DAG File Processing Stats

File Path                                       PID    Runtime      # DAGs    # Errors  Last Runtime    Last Run               Last # of DB Queries
----------------------------------------------  -----  ---------  --------  ----------  --------------  -------------------  ----------------------
/opt/airflow/dags/retail_sales_pipeline_dag.py                           1           0  0.26s           2026-05-21T13:43:22                      12
================================================================================
[2026-05-21T13:44:10.115+0000] {manager.py:997} INFO - 
================================================================================
DAG File Processing Stats

File Path                                       PID    Runtime      # DAGs    # Errors  Last Runtime    Last Run               Last # of DB Queries
----------------------------------------------  -----  ---------  --------  ----------  --------------  -------------------  ----------------------
/opt/airflow/dags/retail_sales_pipeline_dag.py                           1           0  0.18s           2026-05-21T13:43:54                      12
================================================================================
[2026-05-21T13:44:41.475+0000] {manager.py:997} INFO - 
================================================================================
DAG File Processing Stats

File Path                                       PID    Runtime      # DAGs    # Errors  Last Runtime    Last Run               Last # of DB Queries
----------------------------------------------  -----  ---------  --------  ----------  --------------  -------------------  ----------------------
/opt/airflow/dags/retail_sales_pipeline_dag.py                           1           0  0.28s           2026-05-21T13:44:25                      12
================================================================================
[2026-05-21T13:45:12.825+0000] {manager.py:997} INFO - 
================================================================================
DAG File Processing Stats

File Path                                       PID    Runtime      # DAGs    # Errors  Last Runtime    Last Run               Last # of DB Queries
----------------------------------------------  -----  ---------  --------  ----------  --------------  -------------------  ----------------------
/opt/airflow/dags/retail_sales_pipeline_dag.py                           1           0  0.23s           2026-05-21T13:44:56                      12
================================================================================
[2026-05-21T13:45:39.685+0000] {manager.py:821} INFO - Searching for files in /opt/airflow/dags
[2026-05-21T13:45:39.708+0000] {manager.py:824} INFO - There are 1 files in /opt/airflow/dags
[2026-05-21T13:45:43.753+0000] {manager.py:997} INFO - 
================================================================================
DAG File Processing Stats

File Path                                       PID    Runtime      # DAGs    # Errors  Last Runtime    Last Run               Last # of DB Queries
----------------------------------------------  -----  ---------  --------  ----------  --------------  -------------------  ----------------------
/opt/airflow/dags/retail_sales_pipeline_dag.py                           1           0  0.21s           2026-05-21T13:45:27                      12
================================================================================
[2026-05-21T13:46:15.236+0000] {manager.py:997} INFO - 
================================================================================
DAG File Processing Stats

File Path                                       PID    Runtime      # DAGs    # Errors  Last Runtime    Last Run               Last # of DB Queries
----------------------------------------------  -----  ---------  --------  ----------  --------------  -------------------  ----------------------
/opt/airflow/dags/retail_sales_pipeline_dag.py                           1           0  0.23s           2026-05-21T13:45:58                      12
================================================================================
[2026-05-21T13:46:46.593+0000] {manager.py:997} INFO - 
================================================================================
DAG File Processing Stats

File Path                                       PID    Runtime      # DAGs    # Errors  Last Runtime    Last Run               Last # of DB Queries
----------------------------------------------  -----  ---------  --------  ----------  --------------  -------------------  ----------------------
/opt/airflow/dags/retail_sales_pipeline_dag.py                           1           0  0.25s           2026-05-21T13:46:28                      12
================================================================================
[2026-05-21T13:47:17.963+0000] {manager.py:997} INFO - 
================================================================================
DAG File Processing Stats

File Path                                       PID    Runtime      # DAGs    # Errors  Last Runtime    Last Run               Last # of DB Queries
----------------------------------------------  -----  ---------  --------  ----------  --------------  -------------------  ----------------------
/opt/airflow/dags/retail_sales_pipeline_dag.py                           1           0  0.67s           2026-05-21T13:46:59                      12
================================================================================
[2026-05-21T13:47:49.276+0000] {manager.py:997} INFO - 
================================================================================
DAG File Processing Stats

File Path                                       PID    Runtime      # DAGs    # Errors  Last Runtime    Last Run               Last # of DB Queries
----------------------------------------------  -----  ---------  --------  ----------  --------------  -------------------  ----------------------
/opt/airflow/dags/retail_sales_pipeline_dag.py                           1           0  0.24s           2026-05-21T13:47:31                      12
================================================================================
[2026-05-21T13:48:20.727+0000] {manager.py:997} INFO - 
================================================================================
DAG File Processing Stats

File Path                                       PID    Runtime      # DAGs    # Errors  Last Runtime    Last Run               Last # of DB Queries
----------------------------------------------  -----  ---------  --------  ----------  --------------  -------------------  ----------------------
/opt/airflow/dags/retail_sales_pipeline_dag.py                           1           0  0.23s           2026-05-21T13:48:02                      12
================================================================================
[2026-05-21T13:48:52.022+0000] {manager.py:997} INFO - 
================================================================================
DAG File Processing Stats

File Path                                       PID    Runtime      # DAGs    # Errors  Last Runtime    Last Run               Last # of DB Queries
----------------------------------------------  -----  ---------  --------  ----------  --------------  -------------------  ----------------------
/opt/airflow/dags/retail_sales_pipeline_dag.py                           1           0  0.17s           2026-05-21T13:48:33                      12
================================================================================
[2026-05-21T13:49:23.476+0000] {manager.py:997} INFO - 
================================================================================
DAG File Processing Stats

File Path                                       PID    Runtime      # DAGs    # Errors  Last Runtime    Last Run               Last # of DB Queries
----------------------------------------------  -----  ---------  --------  ----------  --------------  -------------------  ----------------------
/opt/airflow/dags/retail_sales_pipeline_dag.py                           1           0  0.17s           2026-05-21T13:49:04                      12
================================================================================
[2026-05-21T13:49:54.712+0000] {manager.py:997} INFO - 
================================================================================
DAG File Processing Stats

File Path                                       PID    Runtime      # DAGs    # Errors  Last Runtime    Last Run               Last # of DB Queries
----------------------------------------------  -----  ---------  --------  ----------  --------------  -------------------  ----------------------
/opt/airflow/dags/retail_sales_pipeline_dag.py                           1           0  0.17s           2026-05-21T13:49:35                      12
================================================================================
[2026-05-21T13:50:26.027+0000] {manager.py:997} INFO - 
================================================================================
DAG File Processing Stats

File Path                                       PID    Runtime      # DAGs    # Errors  Last Runtime    Last Run               Last # of DB Queries
----------------------------------------------  -----  ---------  --------  ----------  --------------  -------------------  ----------------------
/opt/airflow/dags/retail_sales_pipeline_dag.py                           1           0  0.17s           2026-05-21T13:50:05                      12
================================================================================
[2026-05-21T13:50:40.250+0000] {manager.py:821} INFO - Searching for files in /opt/airflow/dags
[2026-05-21T13:50:40.281+0000] {manager.py:824} INFO - There are 1 files in /opt/airflow/dags
[2026-05-21T13:50:57.423+0000] {manager.py:997} INFO - 
================================================================================
DAG File Processing Stats

File Path                                       PID    Runtime      # DAGs    # Errors  Last Runtime    Last Run               Last # of DB Queries
----------------------------------------------  -----  ---------  --------  ----------  --------------  -------------------  ----------------------
/opt/airflow/dags/retail_sales_pipeline_dag.py                           1           0  0.20s           2026-05-21T13:50:37                      12
================================================================================
[2026-05-21T13:51:28.714+0000] {manager.py:997} INFO - 
================================================================================
DAG File Processing Stats

File Path                                       PID    Runtime      # DAGs    # Errors  Last Runtime    Last Run               Last # of DB Queries
----------------------------------------------  -----  ---------  --------  ----------  --------------  -------------------  ----------------------
/opt/airflow/dags/retail_sales_pipeline_dag.py                           1           0  0.19s           2026-05-21T13:51:08                      12
================================================================================
[2026-05-21T13:52:00.102+0000] {manager.py:997} INFO - 
================================================================================
DAG File Processing Stats

File Path                                       PID    Runtime      # DAGs    # Errors  Last Runtime    Last Run               Last # of DB Queries
----------------------------------------------  -----  ---------  --------  ----------  --------------  -------------------  ----------------------
/opt/airflow/dags/retail_sales_pipeline_dag.py                           1           0  0.20s           2026-05-21T13:51:39                      12
================================================================================
[2026-05-21T13:52:31.334+0000] {manager.py:997} INFO - 
================================================================================
DAG File Processing Stats

File Path                                       PID    Runtime      # DAGs    # Errors  Last Runtime    Last Run               Last # of DB Queries
----------------------------------------------  -----  ---------  --------  ----------  --------------  -------------------  ----------------------
/opt/airflow/dags/retail_sales_pipeline_dag.py                           1           0  0.18s           2026-05-21T13:52:10                      12
================================================================================
[2026-05-21T13:53:02.727+0000] {manager.py:997} INFO - 
================================================================================
DAG File Processing Stats

File Path                                       PID    Runtime      # DAGs    # Errors  Last Runtime    Last Run               Last # of DB Queries
----------------------------------------------  -----  ---------  --------  ----------  --------------  -------------------  ----------------------
/opt/airflow/dags/retail_sales_pipeline_dag.py                           1           0  0.18s           2026-05-21T13:52:41                      12
================================================================================
[2026-05-21T13:53:34.065+0000] {manager.py:997} INFO - 
================================================================================
DAG File Processing Stats

File Path                                       PID    Runtime      # DAGs    # Errors  Last Runtime    Last Run               Last # of DB Queries
----------------------------------------------  -----  ---------  --------  ----------  --------------  -------------------  ----------------------
/opt/airflow/dags/retail_sales_pipeline_dag.py                           1           0  0.18s           2026-05-21T13:53:12                      12
================================================================================
[2026-05-21T13:54:05.557+0000] {manager.py:997} INFO - 
================================================================================
DAG File Processing Stats

File Path                                       PID    Runtime      # DAGs    # Errors  Last Runtime    Last Run               Last # of DB Queries
----------------------------------------------  -----  ---------  --------  ----------  --------------  -------------------  ----------------------
/opt/airflow/dags/retail_sales_pipeline_dag.py                           1           0  0.21s           2026-05-21T13:53:43                      12
================================================================================
[2026-05-21T13:54:36.771+0000] {manager.py:997} INFO - 
================================================================================
DAG File Processing Stats

File Path                                       PID    Runtime      # DAGs    # Errors  Last Runtime    Last Run               Last # of DB Queries
----------------------------------------------  -----  ---------  --------  ----------  --------------  -------------------  ----------------------
/opt/airflow/dags/retail_sales_pipeline_dag.py                           1           0  0.19s           2026-05-21T13:54:14                      12
================================================================================
[2026-05-21T13:55:08.231+0000] {manager.py:997} INFO - 
================================================================================
DAG File Processing Stats

File Path                                       PID    Runtime      # DAGs    # Errors  Last Runtime    Last Run               Last # of DB Queries
----------------------------------------------  -----  ---------  --------  ----------  --------------  -------------------  ----------------------
/opt/airflow/dags/retail_sales_pipeline_dag.py                           1           0  0.17s           2026-05-21T13:54:45                      12
================================================================================
[2026-05-21T13:55:39.078+0000] {manager.py:997} INFO - 
================================================================================
DAG File Processing Stats

File Path                                       PID    Runtime      # DAGs    # Errors  Last Runtime    Last Run               Last # of DB Queries
----------------------------------------------  -----  ---------  --------  ----------  --------------  -------------------  ----------------------
/opt/airflow/dags/retail_sales_pipeline_dag.py                           1           0  0.17s           2026-05-21T13:55:15                      12
================================================================================
[2026-05-21T13:55:41.092+0000] {manager.py:821} INFO - Searching for files in /opt/airflow/dags
[2026-05-21T13:55:41.120+0000] {manager.py:824} INFO - There are 1 files in /opt/airflow/dags
[2026-05-21T13:56:10.629+0000] {manager.py:997} INFO - 
================================================================================
DAG File Processing Stats

File Path                                       PID    Runtime      # DAGs    # Errors  Last Runtime    Last Run               Last # of DB Queries
----------------------------------------------  -----  ---------  --------  ----------  --------------  -------------------  ----------------------
/opt/airflow/dags/retail_sales_pipeline_dag.py                           1           0  0.22s           2026-05-21T13:55:47                      12
================================================================================
[2026-05-21T13:56:41.963+0000] {manager.py:997} INFO - 
================================================================================
DAG File Processing Stats

File Path                                       PID    Runtime      # DAGs    # Errors  Last Runtime    Last Run               Last # of DB Queries
----------------------------------------------  -----  ---------  --------  ----------  --------------  -------------------  ----------------------
/opt/airflow/dags/retail_sales_pipeline_dag.py                           1           0  0.18s           2026-05-21T13:56:17                      12
================================================================================
[2026-05-21T13:57:13.364+0000] {manager.py:997} INFO - 
================================================================================
DAG File Processing Stats

File Path                                       PID    Runtime      # DAGs    # Errors  Last Runtime    Last Run               Last # of DB Queries
----------------------------------------------  -----  ---------  --------  ----------  --------------  -------------------  ----------------------
/opt/airflow/dags/retail_sales_pipeline_dag.py                           1           0  0.20s           2026-05-21T13:56:49                      12
================================================================================
[2026-05-21T13:57:44.649+0000] {manager.py:997} INFO - 
================================================================================
DAG File Processing Stats

File Path                                       PID    Runtime      # DAGs    # Errors  Last Runtime    Last Run               Last # of DB Queries
----------------------------------------------  -----  ---------  --------  ----------  --------------  -------------------  ----------------------
/opt/airflow/dags/retail_sales_pipeline_dag.py                           1           0  0.21s           2026-05-21T13:57:20                      12
================================================================================
[2026-05-21T13:58:15.897+0000] {manager.py:997} INFO - 
================================================================================
DAG File Processing Stats

File Path                                       PID    Runtime      # DAGs    # Errors  Last Runtime    Last Run               Last # of DB Queries
----------------------------------------------  -----  ---------  --------  ----------  --------------  -------------------  ----------------------
/opt/airflow/dags/retail_sales_pipeline_dag.py                           1           0  0.19s           2026-05-21T13:57:50                      12
================================================================================
[2026-05-21T13:58:47.291+0000] {manager.py:997} INFO - 
================================================================================
DAG File Processing Stats

File Path                                       PID    Runtime      # DAGs    # Errors  Last Runtime    Last Run               Last # of DB Queries
----------------------------------------------  -----  ---------  --------  ----------  --------------  -------------------  ----------------------
/opt/airflow/dags/retail_sales_pipeline_dag.py                           1           0  0.20s           2026-05-21T13:58:22                      12
================================================================================
[2026-05-21T13:59:18.042+0000] {manager.py:997} INFO - 
================================================================================
DAG File Processing Stats

File Path                                       PID    Runtime      # DAGs    # Errors  Last Runtime    Last Run               Last # of DB Queries
----------------------------------------------  -----  ---------  --------  ----------  --------------  -------------------  ----------------------
/opt/airflow/dags/retail_sales_pipeline_dag.py                           1           0  0.19s           2026-05-21T13:58:53                      12
================================================================================
[2026-05-21T13:59:49.624+0000] {manager.py:997} INFO - 
================================================================================
DAG File Processing Stats

File Path                                       PID    Runtime      # DAGs    # Errors  Last Runtime    Last Run               Last # of DB Queries
----------------------------------------------  -----  ---------  --------  ----------  --------------  -------------------  ----------------------
/opt/airflow/dags/retail_sales_pipeline_dag.py                           1           0  0.19s           2026-05-21T13:59:23                      12
================================================================================
[2026-05-21T14:00:20.738+0000] {manager.py:997} INFO - 
================================================================================
DAG File Processing Stats

File Path                                       PID    Runtime      # DAGs    # Errors  Last Runtime    Last Run               Last # of DB Queries
----------------------------------------------  -----  ---------  --------  ----------  --------------  -------------------  ----------------------
/opt/airflow/dags/retail_sales_pipeline_dag.py                           1           0  0.17s           2026-05-21T13:59:54                      12
================================================================================
[2026-05-21T14:00:41.999+0000] {manager.py:821} INFO - Searching for files in /opt/airflow/dags
[2026-05-21T14:00:42.023+0000] {manager.py:824} INFO - There are 1 files in /opt/airflow/dags
[2026-05-21T14:00:52.112+0000] {manager.py:997} INFO - 
================================================================================
DAG File Processing Stats

File Path                                       PID    Runtime      # DAGs    # Errors  Last Runtime    Last Run               Last # of DB Queries
----------------------------------------------  -----  ---------  --------  ----------  --------------  -------------------  ----------------------
/opt/airflow/dags/retail_sales_pipeline_dag.py                           1           0  0.19s           2026-05-21T14:00:25                      12
================================================================================
[2026-05-21T14:01:23.972+0000] {manager.py:997} INFO - 
================================================================================
DAG File Processing Stats

File Path                                       PID    Runtime      # DAGs    # Errors  Last Runtime    Last Run               Last # of DB Queries
----------------------------------------------  -----  ---------  --------  ----------  --------------  -------------------  ----------------------
/opt/airflow/dags/retail_sales_pipeline_dag.py                           1           0  0.18s           2026-05-21T14:00:56                      12
================================================================================
[2026-05-21T14:01:54.848+0000] {manager.py:997} INFO - 
================================================================================
DAG File Processing Stats

File Path                                       PID    Runtime      # DAGs    # Errors  Last Runtime    Last Run               Last # of DB Queries
----------------------------------------------  -----  ---------  --------  ----------  --------------  -------------------  ----------------------
/opt/airflow/dags/retail_sales_pipeline_dag.py                           1           0  0.17s           2026-05-21T14:01:27                      12
================================================================================
[2026-05-21T14:02:26.099+0000] {manager.py:997} INFO - 
================================================================================
DAG File Processing Stats

File Path                                       PID    Runtime      # DAGs    # Errors  Last Runtime    Last Run               Last # of DB Queries
----------------------------------------------  -----  ---------  --------  ----------  --------------  -------------------  ----------------------
/opt/airflow/dags/retail_sales_pipeline_dag.py                           1           0  0.20s           2026-05-21T14:01:59                      12
================================================================================
[2026-05-21T14:02:57.352+0000] {manager.py:997} INFO - 
================================================================================
DAG File Processing Stats

File Path                                       PID    Runtime      # DAGs    # Errors  Last Runtime    Last Run               Last # of DB Queries
----------------------------------------------  -----  ---------  --------  ----------  --------------  -------------------  ----------------------
/opt/airflow/dags/retail_sales_pipeline_dag.py                           1           0  0.18s           2026-05-21T14:02:30                      12
================================================================================
[2026-05-21T14:03:28.649+0000] {manager.py:997} INFO - 
================================================================================
DAG File Processing Stats

File Path                                       PID    Runtime      # DAGs    # Errors  Last Runtime    Last Run               Last # of DB Queries
----------------------------------------------  -----  ---------  --------  ----------  --------------  -------------------  ----------------------
/opt/airflow/dags/retail_sales_pipeline_dag.py                           1           0  0.20s           2026-05-21T14:03:00                      12
================================================================================
[2026-05-21T14:04:00.067+0000] {manager.py:997} INFO - 
================================================================================
DAG File Processing Stats

File Path                                       PID    Runtime      # DAGs    # Errors  Last Runtime    Last Run               Last # of DB Queries
----------------------------------------------  -----  ---------  --------  ----------  --------------  -------------------  ----------------------
/opt/airflow/dags/retail_sales_pipeline_dag.py                           1           0  0.18s           2026-05-21T14:03:31                      12
================================================================================
[2026-05-21T14:04:31.340+0000] {manager.py:997} INFO - 
================================================================================
DAG File Processing Stats

File Path                                       PID    Runtime      # DAGs    # Errors  Last Runtime    Last Run               Last # of DB Queries
----------------------------------------------  -----  ---------  --------  ----------  --------------  -------------------  ----------------------
/opt/airflow/dags/retail_sales_pipeline_dag.py                           1           0  0.17s           2026-05-21T14:04:03                      12
================================================================================
[2026-05-21T14:05:02.737+0000] {manager.py:997} INFO - 
================================================================================
DAG File Processing Stats

File Path                                       PID    Runtime      # DAGs    # Errors  Last Runtime    Last Run               Last # of DB Queries
----------------------------------------------  -----  ---------  --------  ----------  --------------  -------------------  ----------------------
/opt/airflow/dags/retail_sales_pipeline_dag.py                           1           0  0.18s           2026-05-21T14:04:33                      12
================================================================================
[2026-05-21T14:05:33.944+0000] {manager.py:997} INFO - 
================================================================================
DAG File Processing Stats

File Path                                       PID    Runtime      # DAGs    # Errors  Last Runtime    Last Run               Last # of DB Queries
----------------------------------------------  -----  ---------  --------  ----------  --------------  -------------------  ----------------------
/opt/airflow/dags/retail_sales_pipeline_dag.py                           1           0  0.16s           2026-05-21T14:05:04                      12
================================================================================
[2026-05-21T14:05:42.089+0000] {manager.py:821} INFO - Searching for files in /opt/airflow/dags
[2026-05-21T14:05:42.125+0000] {manager.py:824} INFO - There are 1 files in /opt/airflow/dags
[2026-05-21T14:06:06.406+0000] {manager.py:997} INFO - 
================================================================================
DAG File Processing Stats

File Path                                         PID  Runtime      # DAGs    # Errors  Last Runtime    Last Run               Last # of DB Queries
----------------------------------------------  -----  ---------  --------  ----------  --------------  -------------------  ----------------------
/opt/airflow/dags/retail_sales_pipeline_dag.py   1192  0.01s             1           0  0.18s           2026-05-21T14:05:36                      12
================================================================================
[2026-05-21T14:06:37.679+0000] {manager.py:997} INFO - 
================================================================================
DAG File Processing Stats

File Path                                         PID  Runtime      # DAGs    # Errors  Last Runtime    Last Run               Last # of DB Queries
----------------------------------------------  -----  ---------  --------  ----------  --------------  -------------------  ----------------------
/opt/airflow/dags/retail_sales_pipeline_dag.py   1197  0.01s             1           0  0.20s           2026-05-21T14:06:06                      12
================================================================================
[2026-05-21T14:07:08.914+0000] {manager.py:997} INFO - 
================================================================================
DAG File Processing Stats

File Path                                         PID  Runtime      # DAGs    # Errors  Last Runtime    Last Run               Last # of DB Queries
----------------------------------------------  -----  ---------  --------  ----------  --------------  -------------------  ----------------------
/opt/airflow/dags/retail_sales_pipeline_dag.py   1202  0.01s             1           0  0.20s           2026-05-21T14:06:37                      12
================================================================================
[2026-05-21T14:07:39.739+0000] {manager.py:997} INFO - 
================================================================================
DAG File Processing Stats

File Path                                         PID  Runtime      # DAGs    # Errors  Last Runtime    Last Run               Last # of DB Queries
----------------------------------------------  -----  ---------  --------  ----------  --------------  -------------------  ----------------------
/opt/airflow/dags/retail_sales_pipeline_dag.py   1207  0.01s             1           0  0.18s           2026-05-21T14:07:09                      12
================================================================================
[2026-05-21T14:08:11.369+0000] {manager.py:997} INFO - 
================================================================================
DAG File Processing Stats

File Path                                       PID    Runtime      # DAGs    # Errors  Last Runtime    Last Run               Last # of DB Queries
----------------------------------------------  -----  ---------  --------  ----------  --------------  -------------------  ----------------------
/opt/airflow/dags/retail_sales_pipeline_dag.py                           1           0  0.22s           2026-05-21T14:08:10                      12
================================================================================
[2026-05-21T14:08:42.649+0000] {manager.py:997} INFO - 
================================================================================
DAG File Processing Stats

File Path                                       PID    Runtime      # DAGs    # Errors  Last Runtime    Last Run               Last # of DB Queries
----------------------------------------------  -----  ---------  --------  ----------  --------------  -------------------  ----------------------
/opt/airflow/dags/retail_sales_pipeline_dag.py                           1           0  0.18s           2026-05-21T14:08:41                      12
================================================================================
[2026-05-21T14:09:13.985+0000] {manager.py:997} INFO - 
================================================================================
DAG File Processing Stats

File Path                                       PID    Runtime      # DAGs    # Errors  Last Runtime    Last Run               Last # of DB Queries
----------------------------------------------  -----  ---------  --------  ----------  --------------  -------------------  ----------------------
/opt/airflow/dags/retail_sales_pipeline_dag.py                           1           0  0.17s           2026-05-21T14:09:13                      12
================================================================================
[2026-05-21T14:09:45.371+0000] {manager.py:997} INFO - 
================================================================================
DAG File Processing Stats

File Path                                       PID    Runtime      # DAGs    # Errors  Last Runtime    Last Run               Last # of DB Queries
----------------------------------------------  -----  ---------  --------  ----------  --------------  -------------------  ----------------------
/opt/airflow/dags/retail_sales_pipeline_dag.py                           1           0  0.18s           2026-05-21T14:09:43                      12
================================================================================
[2026-05-21T14:10:16.699+0000] {manager.py:997} INFO - 
================================================================================
DAG File Processing Stats

File Path                                       PID    Runtime      # DAGs    # Errors  Last Runtime    Last Run               Last # of DB Queries
----------------------------------------------  -----  ---------  --------  ----------  --------------  -------------------  ----------------------
/opt/airflow/dags/retail_sales_pipeline_dag.py                           1           0  0.18s           2026-05-21T14:10:14                      12
================================================================================
[2026-05-21T14:10:42.893+0000] {manager.py:821} INFO - Searching for files in /opt/airflow/dags
[2026-05-21T14:10:42.916+0000] {manager.py:824} INFO - There are 1 files in /opt/airflow/dags
[2026-05-21T14:10:47.441+0000] {manager.py:997} INFO - 
================================================================================
DAG File Processing Stats

File Path                                       PID    Runtime      # DAGs    # Errors  Last Runtime    Last Run               Last # of DB Queries
----------------------------------------------  -----  ---------  --------  ----------  --------------  -------------------  ----------------------
/opt/airflow/dags/retail_sales_pipeline_dag.py                           1           0  0.19s           2026-05-21T14:10:45                      12
================================================================================
[2026-05-21T14:11:18.927+0000] {manager.py:997} INFO - 
================================================================================
DAG File Processing Stats

File Path                                       PID    Runtime      # DAGs    # Errors  Last Runtime    Last Run               Last # of DB Queries
----------------------------------------------  -----  ---------  --------  ----------  --------------  -------------------  ----------------------
/opt/airflow/dags/retail_sales_pipeline_dag.py                           1           0  0.17s           2026-05-21T14:11:15                      12
================================================================================
[2026-05-21T14:11:50.043+0000] {manager.py:997} INFO - 
================================================================================
DAG File Processing Stats

File Path                                       PID    Runtime      # DAGs    # Errors  Last Runtime    Last Run               Last # of DB Queries
----------------------------------------------  -----  ---------  --------  ----------  --------------  -------------------  ----------------------
/opt/airflow/dags/retail_sales_pipeline_dag.py                           1           0  0.18s           2026-05-21T14:11:47                      12
================================================================================
[2026-05-21T14:12:20.964+0000] {manager.py:997} INFO - 
================================================================================
DAG File Processing Stats

File Path                                       PID    Runtime      # DAGs    # Errors  Last Runtime    Last Run               Last # of DB Queries
----------------------------------------------  -----  ---------  --------  ----------  --------------  -------------------  ----------------------
/opt/airflow/dags/retail_sales_pipeline_dag.py                           1           0  0.22s           2026-05-21T14:12:18                      12
================================================================================
[2026-05-21T14:12:52.344+0000] {manager.py:997} INFO - 
================================================================================
DAG File Processing Stats

File Path                                       PID    Runtime      # DAGs    # Errors  Last Runtime    Last Run               Last # of DB Queries
----------------------------------------------  -----  ---------  --------  ----------  --------------  -------------------  ----------------------
/opt/airflow/dags/retail_sales_pipeline_dag.py                           1           0  0.20s           2026-05-21T14:12:48                      12
================================================================================
[2026-05-21T14:13:23.546+0000] {manager.py:997} INFO - 
================================================================================
DAG File Processing Stats

File Path                                       PID    Runtime      # DAGs    # Errors  Last Runtime    Last Run               Last # of DB Queries
----------------------------------------------  -----  ---------  --------  ----------  --------------  -------------------  ----------------------
/opt/airflow/dags/retail_sales_pipeline_dag.py                           1           0  0.20s           2026-05-21T14:13:19                      12
================================================================================
[2026-05-21T14:13:54.841+0000] {manager.py:997} INFO - 
================================================================================
DAG File Processing Stats

File Path                                       PID    Runtime      # DAGs    # Errors  Last Runtime    Last Run               Last # of DB Queries
----------------------------------------------  -----  ---------  --------  ----------  --------------  -------------------  ----------------------
/opt/airflow/dags/retail_sales_pipeline_dag.py                           1           0  0.18s           2026-05-21T14:13:50                      12
================================================================================
[2026-05-21T14:14:26.086+0000] {manager.py:997} INFO - 
================================================================================
DAG File Processing Stats

File Path                                       PID    Runtime      # DAGs    # Errors  Last Runtime    Last Run               Last # of DB Queries
----------------------------------------------  -----  ---------  --------  ----------  --------------  -------------------  ----------------------
/opt/airflow/dags/retail_sales_pipeline_dag.py                           1           0  0.19s           2026-05-21T14:14:21                      12
================================================================================
[2026-05-21T14:14:57.558+0000] {manager.py:997} INFO - 
================================================================================
DAG File Processing Stats

File Path                                       PID    Runtime      # DAGs    # Errors  Last Runtime    Last Run               Last # of DB Queries
----------------------------------------------  -----  ---------  --------  ----------  --------------  -------------------  ----------------------
/opt/airflow/dags/retail_sales_pipeline_dag.py                           1           0  0.20s           2026-05-21T14:14:52                      12
================================================================================
[2026-05-21T14:15:28.783+0000] {manager.py:997} INFO - 
================================================================================
DAG File Processing Stats

File Path                                       PID    Runtime      # DAGs    # Errors  Last Runtime    Last Run               Last # of DB Queries
----------------------------------------------  -----  ---------  --------  ----------  --------------  -------------------  ----------------------
/opt/airflow/dags/retail_sales_pipeline_dag.py                           1           0  0.20s           2026-05-21T14:15:23                      12
================================================================================
[2026-05-21T14:15:43.048+0000] {manager.py:821} INFO - Searching for files in /opt/airflow/dags
[2026-05-21T14:15:43.074+0000] {manager.py:824} INFO - There are 1 files in /opt/airflow/dags
[2026-05-21T14:16:00.145+0000] {manager.py:997} INFO - 
================================================================================
DAG File Processing Stats

File Path                                       PID    Runtime      # DAGs    # Errors  Last Runtime    Last Run               Last # of DB Queries
----------------------------------------------  -----  ---------  --------  ----------  --------------  -------------------  ----------------------
/opt/airflow/dags/retail_sales_pipeline_dag.py                           1           0  0.19s           2026-05-21T14:15:54                      12
================================================================================
[2026-05-21T14:16:30.969+0000] {manager.py:997} INFO - 
================================================================================
DAG File Processing Stats

File Path                                       PID    Runtime      # DAGs    # Errors  Last Runtime    Last Run               Last # of DB Queries
----------------------------------------------  -----  ---------  --------  ----------  --------------  -------------------  ----------------------
/opt/airflow/dags/retail_sales_pipeline_dag.py                           1           0  0.17s           2026-05-21T14:16:24                      12
================================================================================
[2026-05-21T14:17:02.406+0000] {manager.py:997} INFO - 
================================================================================
DAG File Processing Stats

File Path                                       PID    Runtime      # DAGs    # Errors  Last Runtime    Last Run               Last # of DB Queries
----------------------------------------------  -----  ---------  --------  ----------  --------------  -------------------  ----------------------
/opt/airflow/dags/retail_sales_pipeline_dag.py                           1           0  0.20s           2026-05-21T14:16:55                      12
================================================================================
[2026-05-21T14:17:33.760+0000] {manager.py:997} INFO - 
================================================================================
DAG File Processing Stats

File Path                                       PID    Runtime      # DAGs    # Errors  Last Runtime    Last Run               Last # of DB Queries
----------------------------------------------  -----  ---------  --------  ----------  --------------  -------------------  ----------------------
/opt/airflow/dags/retail_sales_pipeline_dag.py                           1           0  0.19s           2026-05-21T14:17:26                      12
================================================================================
[2026-05-21T14:18:04.407+0000] {manager.py:997} INFO - 
================================================================================
DAG File Processing Stats

File Path                                       PID    Runtime      # DAGs    # Errors  Last Runtime    Last Run               Last # of DB Queries
----------------------------------------------  -----  ---------  --------  ----------  --------------  -------------------  ----------------------
/opt/airflow/dags/retail_sales_pipeline_dag.py                           1           0  0.20s           2026-05-21T14:17:57                      12
================================================================================
[2026-05-21T14:18:36.170+0000] {manager.py:997} INFO - 
================================================================================
DAG File Processing Stats

File Path                                       PID    Runtime      # DAGs    # Errors  Last Runtime    Last Run               Last # of DB Queries
----------------------------------------------  -----  ---------  --------  ----------  --------------  -------------------  ----------------------
/opt/airflow/dags/retail_sales_pipeline_dag.py                           1           0  0.21s           2026-05-21T14:18:28                      12
================================================================================
[2026-05-21T14:19:07.442+0000] {manager.py:997} INFO - 
================================================================================
DAG File Processing Stats

File Path                                       PID    Runtime      # DAGs    # Errors  Last Runtime    Last Run               Last # of DB Queries
----------------------------------------------  -----  ---------  --------  ----------  --------------  -------------------  ----------------------
/opt/airflow/dags/retail_sales_pipeline_dag.py                           1           0  0.20s           2026-05-21T14:18:59                      12
================================================================================
[2026-05-21T14:19:38.755+0000] {manager.py:997} INFO - 
================================================================================
DAG File Processing Stats

File Path                                       PID    Runtime      # DAGs    # Errors  Last Runtime    Last Run               Last # of DB Queries
----------------------------------------------  -----  ---------  --------  ----------  --------------  -------------------  ----------------------
/opt/airflow/dags/retail_sales_pipeline_dag.py                           1           0  0.29s           2026-05-21T14:19:30                      12
================================================================================
[2026-05-21T14:20:09.819+0000] {manager.py:997} INFO - 
================================================================================
DAG File Processing Stats

File Path                                       PID    Runtime      # DAGs    # Errors  Last Runtime    Last Run               Last # of DB Queries
----------------------------------------------  -----  ---------  --------  ----------  --------------  -------------------  ----------------------
/opt/airflow/dags/retail_sales_pipeline_dag.py                           1           0  0.18s           2026-05-21T14:20:01                      12
================================================================================
[2026-05-21T14:20:41.280+0000] {manager.py:997} INFO - 
================================================================================
DAG File Processing Stats

File Path                                       PID    Runtime      # DAGs    # Errors  Last Runtime    Last Run               Last # of DB Queries
----------------------------------------------  -----  ---------  --------  ----------  --------------  -------------------  ----------------------
/opt/airflow/dags/retail_sales_pipeline_dag.py                           1           0  0.18s           2026-05-21T14:20:32                      12
================================================================================
[2026-05-21T14:20:43.314+0000] {manager.py:821} INFO - Searching for files in /opt/airflow/dags
[2026-05-21T14:20:43.348+0000] {manager.py:824} INFO - There are 1 files in /opt/airflow/dags
[2026-05-21T14:21:12.501+0000] {manager.py:997} INFO - 
================================================================================
DAG File Processing Stats

File Path                                       PID    Runtime      # DAGs    # Errors  Last Runtime    Last Run               Last # of DB Queries
----------------------------------------------  -----  ---------  --------  ----------  --------------  -------------------  ----------------------
/opt/airflow/dags/retail_sales_pipeline_dag.py                           1           0  0.21s           2026-05-21T14:21:03                      12
================================================================================
[2026-05-21T14:21:43.838+0000] {manager.py:997} INFO - 
================================================================================
DAG File Processing Stats

File Path                                       PID    Runtime      # DAGs    # Errors  Last Runtime    Last Run               Last # of DB Queries
----------------------------------------------  -----  ---------  --------  ----------  --------------  -------------------  ----------------------
/opt/airflow/dags/retail_sales_pipeline_dag.py                           1           0  0.20s           2026-05-21T14:21:33                      12
================================================================================
[2026-05-21T14:22:14.654+0000] {manager.py:997} INFO - 
================================================================================
DAG File Processing Stats

File Path                                       PID    Runtime      # DAGs    # Errors  Last Runtime    Last Run               Last # of DB Queries
----------------------------------------------  -----  ---------  --------  ----------  --------------  -------------------  ----------------------
/opt/airflow/dags/retail_sales_pipeline_dag.py                           1           0  0.18s           2026-05-21T14:22:04                      12
================================================================================
[2026-05-21T14:22:45.940+0000] {manager.py:997} INFO - 
================================================================================
DAG File Processing Stats

File Path                                       PID    Runtime      # DAGs    # Errors  Last Runtime    Last Run               Last # of DB Queries
----------------------------------------------  -----  ---------  --------  ----------  --------------  -------------------  ----------------------
/opt/airflow/dags/retail_sales_pipeline_dag.py                           1           0  0.20s           2026-05-21T14:22:36                      12
================================================================================
[2026-05-21T14:23:17.183+0000] {manager.py:997} INFO - 
================================================================================
DAG File Processing Stats

File Path                                       PID    Runtime      # DAGs    # Errors  Last Runtime    Last Run               Last # of DB Queries
----------------------------------------------  -----  ---------  --------  ----------  --------------  -------------------  ----------------------
/opt/airflow/dags/retail_sales_pipeline_dag.py                           1           0  0.20s           2026-05-21T14:23:06                      12
================================================================================
[2026-05-21T14:23:48.063+0000] {manager.py:997} INFO - 
================================================================================
DAG File Processing Stats

File Path                                       PID    Runtime      # DAGs    # Errors  Last Runtime    Last Run               Last # of DB Queries
----------------------------------------------  -----  ---------  --------  ----------  --------------  -------------------  ----------------------
/opt/airflow/dags/retail_sales_pipeline_dag.py                           1           0  0.19s           2026-05-21T14:23:36                      12
================================================================================
[2026-05-21T14:24:19.225+0000] {manager.py:997} INFO - 
================================================================================
DAG File Processing Stats

File Path                                       PID    Runtime      # DAGs    # Errors  Last Runtime    Last Run               Last # of DB Queries
----------------------------------------------  -----  ---------  --------  ----------  --------------  -------------------  ----------------------
/opt/airflow/dags/retail_sales_pipeline_dag.py                           1           0  0.17s           2026-05-21T14:24:07                      12
================================================================================
[2026-05-21T14:24:50.641+0000] {manager.py:997} INFO - 
================================================================================
DAG File Processing Stats

File Path                                       PID    Runtime      # DAGs    # Errors  Last Runtime    Last Run               Last # of DB Queries
----------------------------------------------  -----  ---------  --------  ----------  --------------  -------------------  ----------------------
/opt/airflow/dags/retail_sales_pipeline_dag.py                           1           0  0.20s           2026-05-21T14:24:38                      12
================================================================================
[2026-05-21T14:25:21.777+0000] {manager.py:997} INFO - 
================================================================================
DAG File Processing Stats

File Path                                       PID    Runtime      # DAGs    # Errors  Last Runtime    Last Run               Last # of DB Queries
----------------------------------------------  -----  ---------  --------  ----------  --------------  -------------------  ----------------------
/opt/airflow/dags/retail_sales_pipeline_dag.py                           1           0  0.19s           2026-05-21T14:25:09                      12
================================================================================
[2026-05-21T14:25:43.515+0000] {manager.py:821} INFO - Searching for files in /opt/airflow/dags
[2026-05-21T14:25:43.548+0000] {manager.py:824} INFO - There are 1 files in /opt/airflow/dags
[2026-05-21T14:25:52.636+0000] {manager.py:997} INFO - 
================================================================================
DAG File Processing Stats

File Path                                       PID    Runtime      # DAGs    # Errors  Last Runtime    Last Run               Last # of DB Queries
----------------------------------------------  -----  ---------  --------  ----------  --------------  -------------------  ----------------------
/opt/airflow/dags/retail_sales_pipeline_dag.py                           1           0  0.20s           2026-05-21T14:25:40                      12
================================================================================
[2026-05-21T14:26:23.749+0000] {manager.py:997} INFO - 
================================================================================
DAG File Processing Stats

File Path                                       PID    Runtime      # DAGs    # Errors  Last Runtime    Last Run               Last # of DB Queries
----------------------------------------------  -----  ---------  --------  ----------  --------------  -------------------  ----------------------
/opt/airflow/dags/retail_sales_pipeline_dag.py                           1           0  0.19s           2026-05-21T14:26:10                      12
================================================================================
[2026-05-21T14:26:54.586+0000] {manager.py:997} INFO - 
================================================================================
DAG File Processing Stats

File Path                                       PID    Runtime      # DAGs    # Errors  Last Runtime    Last Run               Last # of DB Queries
----------------------------------------------  -----  ---------  --------  ----------  --------------  -------------------  ----------------------
/opt/airflow/dags/retail_sales_pipeline_dag.py                           1           0  0.17s           2026-05-21T14:26:41                      12
================================================================================
[2026-05-21T14:27:25.772+0000] {manager.py:997} INFO - 
================================================================================
DAG File Processing Stats

File Path                                       PID    Runtime      # DAGs    # Errors  Last Runtime    Last Run               Last # of DB Queries
----------------------------------------------  -----  ---------  --------  ----------  --------------  -------------------  ----------------------
/opt/airflow/dags/retail_sales_pipeline_dag.py                           1           0  0.19s           2026-05-21T14:27:12                      12
================================================================================
[2026-05-21T14:27:56.918+0000] {manager.py:997} INFO - 
================================================================================
DAG File Processing Stats

File Path                                       PID    Runtime      # DAGs    # Errors  Last Runtime    Last Run               Last # of DB Queries
----------------------------------------------  -----  ---------  --------  ----------  --------------  -------------------  ----------------------
/opt/airflow/dags/retail_sales_pipeline_dag.py                           1           0  0.18s           2026-05-21T14:27:43                      12
================================================================================
[2026-05-21T14:28:28.020+0000] {manager.py:997} INFO - 
================================================================================
DAG File Processing Stats

File Path                                       PID    Runtime      # DAGs    # Errors  Last Runtime    Last Run               Last # of DB Queries
----------------------------------------------  -----  ---------  --------  ----------  --------------  -------------------  ----------------------
/opt/airflow/dags/retail_sales_pipeline_dag.py                           1           0  0.17s           2026-05-21T14:28:14                      12
================================================================================
[2026-05-21T14:28:59.248+0000] {manager.py:997} INFO - 
================================================================================
DAG File Processing Stats

File Path                                       PID    Runtime      # DAGs    # Errors  Last Runtime    Last Run               Last # of DB Queries
----------------------------------------------  -----  ---------  --------  ----------  --------------  -------------------  ----------------------
/opt/airflow/dags/retail_sales_pipeline_dag.py                           1           0  0.16s           2026-05-21T14:28:45                      12
================================================================================
[2026-05-21T14:29:29.887+0000] {manager.py:997} INFO - 
================================================================================
DAG File Processing Stats

File Path                                       PID    Runtime      # DAGs    # Errors  Last Runtime    Last Run               Last # of DB Queries
----------------------------------------------  -----  ---------  --------  ----------  --------------  -------------------  ----------------------
/opt/airflow/dags/retail_sales_pipeline_dag.py                           1           0  0.21s           2026-05-21T14:29:15                      12
================================================================================
[2026-05-21T14:30:00.722+0000] {manager.py:997} INFO - 
================================================================================
DAG File Processing Stats

File Path                                       PID    Runtime      # DAGs    # Errors  Last Runtime    Last Run               Last # of DB Queries
----------------------------------------------  -----  ---------  --------  ----------  --------------  -------------------  ----------------------
/opt/airflow/dags/retail_sales_pipeline_dag.py                           1           0  0.19s           2026-05-21T14:29:46                      12
================================================================================
[2026-05-21T14:30:31.896+0000] {manager.py:997} INFO - 
================================================================================
DAG File Processing Stats

File Path                                       PID    Runtime      # DAGs    # Errors  Last Runtime    Last Run               Last # of DB Queries
----------------------------------------------  -----  ---------  --------  ----------  --------------  -------------------  ----------------------
/opt/airflow/dags/retail_sales_pipeline_dag.py                           1           0  0.20s           2026-05-21T14:30:16                      12
================================================================================
[2026-05-21T14:30:43.983+0000] {manager.py:821} INFO - Searching for files in /opt/airflow/dags
[2026-05-21T14:30:44.010+0000] {manager.py:824} INFO - There are 1 files in /opt/airflow/dags
[2026-05-21T14:31:02.583+0000] {manager.py:997} INFO - 
================================================================================
DAG File Processing Stats

File Path                                       PID    Runtime      # DAGs    # Errors  Last Runtime    Last Run               Last # of DB Queries
----------------------------------------------  -----  ---------  --------  ----------  --------------  -------------------  ----------------------
/opt/airflow/dags/retail_sales_pipeline_dag.py                           1           0  0.20s           2026-05-21T14:30:47                      12
================================================================================
[2026-05-21T14:31:33.409+0000] {manager.py:997} INFO - 
================================================================================
DAG File Processing Stats

File Path                                       PID    Runtime      # DAGs    # Errors  Last Runtime    Last Run               Last # of DB Queries
----------------------------------------------  -----  ---------  --------  ----------  --------------  -------------------  ----------------------
/opt/airflow/dags/retail_sales_pipeline_dag.py                           1           0  0.19s           2026-05-21T14:31:18                      12
================================================================================
[2026-05-21T14:32:04.251+0000] {manager.py:997} INFO - 
================================================================================
DAG File Processing Stats

File Path                                       PID    Runtime      # DAGs    # Errors  Last Runtime    Last Run               Last # of DB Queries
----------------------------------------------  -----  ---------  --------  ----------  --------------  -------------------  ----------------------
/opt/airflow/dags/retail_sales_pipeline_dag.py                           1           0  0.18s           2026-05-21T14:31:49                      12
================================================================================
[2026-05-21T14:32:35.421+0000] {manager.py:997} INFO - 
================================================================================
DAG File Processing Stats

File Path                                       PID    Runtime      # DAGs    # Errors  Last Runtime    Last Run               Last # of DB Queries
----------------------------------------------  -----  ---------  --------  ----------  --------------  -------------------  ----------------------
/opt/airflow/dags/retail_sales_pipeline_dag.py                           1           0  0.19s           2026-05-21T14:32:19                      12
================================================================================
[2026-05-21T14:33:06.100+0000] {manager.py:997} INFO - 
================================================================================
DAG File Processing Stats

File Path                                       PID    Runtime      # DAGs    # Errors  Last Runtime    Last Run               Last # of DB Queries
----------------------------------------------  -----  ---------  --------  ----------  --------------  -------------------  ----------------------
/opt/airflow/dags/retail_sales_pipeline_dag.py                           1           0  0.19s           2026-05-21T14:32:50                      12
================================================================================
[2026-05-21T14:33:37.334+0000] {manager.py:997} INFO - 
================================================================================
DAG File Processing Stats

File Path                                       PID    Runtime      # DAGs    # Errors  Last Runtime    Last Run               Last # of DB Queries
----------------------------------------------  -----  ---------  --------  ----------  --------------  -------------------  ----------------------
/opt/airflow/dags/retail_sales_pipeline_dag.py                           1           0  0.18s           2026-05-21T14:33:20                      12
================================================================================
[2026-05-21T14:34:08.437+0000] {manager.py:997} INFO - 
================================================================================
DAG File Processing Stats

File Path                                       PID    Runtime      # DAGs    # Errors  Last Runtime    Last Run               Last # of DB Queries
----------------------------------------------  -----  ---------  --------  ----------  --------------  -------------------  ----------------------
/opt/airflow/dags/retail_sales_pipeline_dag.py                           1           0  0.16s           2026-05-21T14:33:51                      12
================================================================================
[2026-05-21T14:34:39.007+0000] {manager.py:997} INFO - 
================================================================================
DAG File Processing Stats

File Path                                       PID    Runtime      # DAGs    # Errors  Last Runtime    Last Run               Last # of DB Queries
----------------------------------------------  -----  ---------  --------  ----------  --------------  -------------------  ----------------------
/opt/airflow/dags/retail_sales_pipeline_dag.py                           1           0  0.18s           2026-05-21T14:34:22                      12
================================================================================
[2026-05-21T14:35:09.969+0000] {manager.py:997} INFO - 
================================================================================
DAG File Processing Stats

File Path                                       PID    Runtime      # DAGs    # Errors  Last Runtime    Last Run               Last # of DB Queries
----------------------------------------------  -----  ---------  --------  ----------  --------------  -------------------  ----------------------
/opt/airflow/dags/retail_sales_pipeline_dag.py                           1           0  0.18s           2026-05-21T14:34:52                      12
================================================================================
[2026-05-21T14:35:41.316+0000] {manager.py:997} INFO - 
================================================================================
DAG File Processing Stats

File Path                                       PID    Runtime      # DAGs    # Errors  Last Runtime    Last Run               Last # of DB Queries
----------------------------------------------  -----  ---------  --------  ----------  --------------  -------------------  ----------------------
/opt/airflow/dags/retail_sales_pipeline_dag.py                           1           0  0.20s           2026-05-21T14:35:23                      12
================================================================================
[2026-05-21T14:35:44.337+0000] {manager.py:821} INFO - Searching for files in /opt/airflow/dags
[2026-05-21T14:35:44.364+0000] {manager.py:824} INFO - There are 1 files in /opt/airflow/dags
[2026-05-21T14:36:12.427+0000] {manager.py:997} INFO - 
================================================================================
DAG File Processing Stats

File Path                                       PID    Runtime      # DAGs    # Errors  Last Runtime    Last Run               Last # of DB Queries
----------------------------------------------  -----  ---------  --------  ----------  --------------  -------------------  ----------------------
/opt/airflow/dags/retail_sales_pipeline_dag.py                           1           0  0.20s           2026-05-21T14:35:54                      12
================================================================================
[2026-05-21T14:36:43.136+0000] {manager.py:997} INFO - 
================================================================================
DAG File Processing Stats

File Path                                       PID    Runtime      # DAGs    # Errors  Last Runtime    Last Run               Last # of DB Queries
----------------------------------------------  -----  ---------  --------  ----------  --------------  -------------------  ----------------------
/opt/airflow/dags/retail_sales_pipeline_dag.py                           1           0  0.20s           2026-05-21T14:36:25                      12
================================================================================
[2026-05-21T14:37:13.811+0000] {manager.py:997} INFO - 
================================================================================
DAG File Processing Stats

File Path                                       PID    Runtime      # DAGs    # Errors  Last Runtime    Last Run               Last # of DB Queries
----------------------------------------------  -----  ---------  --------  ----------  --------------  -------------------  ----------------------
/opt/airflow/dags/retail_sales_pipeline_dag.py                           1           0  0.17s           2026-05-21T14:36:55                      12
================================================================================
[2026-05-21T14:37:45.337+0000] {manager.py:997} INFO - 
================================================================================
DAG File Processing Stats

File Path                                       PID    Runtime      # DAGs    # Errors  Last Runtime    Last Run               Last # of DB Queries
----------------------------------------------  -----  ---------  --------  ----------  --------------  -------------------  ----------------------
/opt/airflow/dags/retail_sales_pipeline_dag.py                           1           0  0.17s           2026-05-21T14:37:26                      12
================================================================================
[2026-05-21T14:38:15.725+0000] {manager.py:997} INFO - 
================================================================================
DAG File Processing Stats

File Path                                       PID    Runtime      # DAGs    # Errors  Last Runtime    Last Run               Last # of DB Queries
----------------------------------------------  -----  ---------  --------  ----------  --------------  -------------------  ----------------------
/opt/airflow/dags/retail_sales_pipeline_dag.py                           1           0  0.15s           2026-05-21T14:37:56                      12
================================================================================
[2026-05-21T14:38:46.306+0000] {manager.py:997} INFO - 
================================================================================
DAG File Processing Stats

File Path                                       PID    Runtime      # DAGs    # Errors  Last Runtime    Last Run               Last # of DB Queries
----------------------------------------------  -----  ---------  --------  ----------  --------------  -------------------  ----------------------
/opt/airflow/dags/retail_sales_pipeline_dag.py                           1           0  0.22s           2026-05-21T14:38:27                      12
================================================================================
[2026-05-21T14:39:16.735+0000] {manager.py:997} INFO - 
================================================================================
DAG File Processing Stats

File Path                                       PID    Runtime      # DAGs    # Errors  Last Runtime    Last Run               Last # of DB Queries
----------------------------------------------  -----  ---------  --------  ----------  --------------  -------------------  ----------------------
/opt/airflow/dags/retail_sales_pipeline_dag.py                           1           0  0.20s           2026-05-21T14:38:57                      12
================================================================================
[2026-05-21T14:39:47.770+0000] {manager.py:997} INFO - 
================================================================================
DAG File Processing Stats

File Path                                       PID    Runtime      # DAGs    # Errors  Last Runtime    Last Run               Last # of DB Queries
----------------------------------------------  -----  ---------  --------  ----------  --------------  -------------------  ----------------------
/opt/airflow/dags/retail_sales_pipeline_dag.py                           1           0  0.18s           2026-05-21T14:39:28                      12
================================================================================
[2026-05-21T14:40:18.832+0000] {manager.py:997} INFO - 
================================================================================
DAG File Processing Stats

File Path                                       PID    Runtime      # DAGs    # Errors  Last Runtime    Last Run               Last # of DB Queries
----------------------------------------------  -----  ---------  --------  ----------  --------------  -------------------  ----------------------
/opt/airflow/dags/retail_sales_pipeline_dag.py                           1           0  0.19s           2026-05-21T14:39:59                      12
================================================================================
[2026-05-21T14:40:45.044+0000] {manager.py:821} INFO - Searching for files in /opt/airflow/dags
[2026-05-21T14:40:45.077+0000] {manager.py:824} INFO - There are 1 files in /opt/airflow/dags
[2026-05-21T14:40:50.128+0000] {manager.py:997} INFO - 
================================================================================
DAG File Processing Stats

File Path                                       PID    Runtime      # DAGs    # Errors  Last Runtime    Last Run               Last # of DB Queries
----------------------------------------------  -----  ---------  --------  ----------  --------------  -------------------  ----------------------
/opt/airflow/dags/retail_sales_pipeline_dag.py                           1           0  0.17s           2026-05-21T14:40:30                      12
================================================================================
[2026-05-21T14:41:21.339+0000] {manager.py:997} INFO - 
================================================================================
DAG File Processing Stats

File Path                                       PID    Runtime      # DAGs    # Errors  Last Runtime    Last Run               Last # of DB Queries
----------------------------------------------  -----  ---------  --------  ----------  --------------  -------------------  ----------------------
/opt/airflow/dags/retail_sales_pipeline_dag.py                           1           0  0.18s           2026-05-21T14:41:00                      12
================================================================================
[2026-05-21T14:41:52.650+0000] {manager.py:997} INFO - 
================================================================================
DAG File Processing Stats

File Path                                       PID    Runtime      # DAGs    # Errors  Last Runtime    Last Run               Last # of DB Queries
----------------------------------------------  -----  ---------  --------  ----------  --------------  -------------------  ----------------------
/opt/airflow/dags/retail_sales_pipeline_dag.py                           1           0  0.20s           2026-05-21T14:41:30                      12
================================================================================
[2026-05-21T14:42:24.014+0000] {manager.py:997} INFO - 
================================================================================
DAG File Processing Stats

File Path                                       PID    Runtime      # DAGs    # Errors  Last Runtime    Last Run               Last # of DB Queries
----------------------------------------------  -----  ---------  --------  ----------  --------------  -------------------  ----------------------
/opt/airflow/dags/retail_sales_pipeline_dag.py                           1           0  0.20s           2026-05-21T14:42:01                      12
================================================================================
[2026-05-21T14:42:54.600+0000] {manager.py:997} INFO - 
================================================================================
DAG File Processing Stats

File Path                                       PID    Runtime      # DAGs    # Errors  Last Runtime    Last Run               Last # of DB Queries
----------------------------------------------  -----  ---------  --------  ----------  --------------  -------------------  ----------------------
/opt/airflow/dags/retail_sales_pipeline_dag.py                           1           0  0.17s           2026-05-21T14:42:31                      12
================================================================================
[2026-05-21T14:43:25.966+0000] {manager.py:997} INFO - 
================================================================================
DAG File Processing Stats

File Path                                       PID    Runtime      # DAGs    # Errors  Last Runtime    Last Run               Last # of DB Queries
----------------------------------------------  -----  ---------  --------  ----------  --------------  -------------------  ----------------------
/opt/airflow/dags/retail_sales_pipeline_dag.py                           1           0  0.17s           2026-05-21T14:43:02                      12
================================================================================
[2026-05-21T14:43:57.128+0000] {manager.py:997} INFO - 
================================================================================
DAG File Processing Stats

File Path                                       PID    Runtime      # DAGs    # Errors  Last Runtime    Last Run               Last # of DB Queries
----------------------------------------------  -----  ---------  --------  ----------  --------------  -------------------  ----------------------
/opt/airflow/dags/retail_sales_pipeline_dag.py                           1           0  0.17s           2026-05-21T14:43:33                      12
================================================================================
[2026-05-21T14:44:27.873+0000] {manager.py:997} INFO - 
================================================================================
DAG File Processing Stats

File Path                                       PID    Runtime      # DAGs    # Errors  Last Runtime    Last Run               Last # of DB Queries
----------------------------------------------  -----  ---------  --------  ----------  --------------  -------------------  ----------------------
/opt/airflow/dags/retail_sales_pipeline_dag.py                           1           0  0.19s           2026-05-21T14:44:03                      12
================================================================================
[2026-05-21T14:44:59.322+0000] {manager.py:997} INFO - 
================================================================================
DAG File Processing Stats

File Path                                       PID    Runtime      # DAGs    # Errors  Last Runtime    Last Run               Last # of DB Queries
----------------------------------------------  -----  ---------  --------  ----------  --------------  -------------------  ----------------------
/opt/airflow/dags/retail_sales_pipeline_dag.py                           1           0  0.18s           2026-05-21T14:44:35                      12
================================================================================
[2026-05-21T14:45:30.484+0000] {manager.py:997} INFO - 
================================================================================
DAG File Processing Stats

File Path                                       PID    Runtime      # DAGs    # Errors  Last Runtime    Last Run               Last # of DB Queries
----------------------------------------------  -----  ---------  --------  ----------  --------------  -------------------  ----------------------
/opt/airflow/dags/retail_sales_pipeline_dag.py                           1           0  0.20s           2026-05-21T14:45:06                      12
================================================================================
[2026-05-21T14:45:45.441+0000] {manager.py:821} INFO - Searching for files in /opt/airflow/dags
[2026-05-21T14:45:45.469+0000] {manager.py:824} INFO - There are 1 files in /opt/airflow/dags
[2026-05-21T14:46:01.621+0000] {manager.py:997} INFO - 
================================================================================
DAG File Processing Stats

File Path                                       PID    Runtime      # DAGs    # Errors  Last Runtime    Last Run               Last # of DB Queries
----------------------------------------------  -----  ---------  --------  ----------  --------------  -------------------  ----------------------
/opt/airflow/dags/retail_sales_pipeline_dag.py                           1           0  0.19s           2026-05-21T14:45:37                      12
================================================================================
[2026-05-21T14:46:32.813+0000] {manager.py:997} INFO - 
================================================================================
DAG File Processing Stats

File Path                                       PID    Runtime      # DAGs    # Errors  Last Runtime    Last Run               Last # of DB Queries
----------------------------------------------  -----  ---------  --------  ----------  --------------  -------------------  ----------------------
/opt/airflow/dags/retail_sales_pipeline_dag.py                           1           0  0.18s           2026-05-21T14:46:07                      12
================================================================================
[2026-05-21T14:47:03.994+0000] {manager.py:997} INFO - 
================================================================================
DAG File Processing Stats

File Path                                       PID    Runtime      # DAGs    # Errors  Last Runtime    Last Run               Last # of DB Queries
----------------------------------------------  -----  ---------  --------  ----------  --------------  -------------------  ----------------------
/opt/airflow/dags/retail_sales_pipeline_dag.py                           1           0  0.17s           2026-05-21T14:46:37                      12
================================================================================
[2026-05-21T14:47:35.190+0000] {manager.py:997} INFO - 
================================================================================
DAG File Processing Stats

File Path                                       PID    Runtime      # DAGs    # Errors  Last Runtime    Last Run               Last # of DB Queries
----------------------------------------------  -----  ---------  --------  ----------  --------------  -------------------  ----------------------
/opt/airflow/dags/retail_sales_pipeline_dag.py                           1           0  0.19s           2026-05-21T14:47:09                      12
================================================================================
[2026-05-21T14:48:06.288+0000] {manager.py:997} INFO - 
================================================================================
DAG File Processing Stats

File Path                                       PID    Runtime      # DAGs    # Errors  Last Runtime    Last Run               Last # of DB Queries
----------------------------------------------  -----  ---------  --------  ----------  --------------  -------------------  ----------------------
/opt/airflow/dags/retail_sales_pipeline_dag.py                           1           0  0.17s           2026-05-21T14:47:40                      12
================================================================================
[2026-05-21T14:48:36.989+0000] {manager.py:997} INFO - 
================================================================================
DAG File Processing Stats

File Path                                       PID    Runtime      # DAGs    # Errors  Last Runtime    Last Run               Last # of DB Queries
----------------------------------------------  -----  ---------  --------  ----------  --------------  -------------------  ----------------------
/opt/airflow/dags/retail_sales_pipeline_dag.py                           1           0  0.21s           2026-05-21T14:48:10                      12
================================================================================
[2026-05-21T14:49:08.213+0000] {manager.py:997} INFO - 
================================================================================
DAG File Processing Stats

File Path                                       PID    Runtime      # DAGs    # Errors  Last Runtime    Last Run               Last # of DB Queries
----------------------------------------------  -----  ---------  --------  ----------  --------------  -------------------  ----------------------
/opt/airflow/dags/retail_sales_pipeline_dag.py                           1           0  0.16s           2026-05-21T14:48:41                      12
================================================================================
[2026-05-21T14:49:38.861+0000] {manager.py:997} INFO - 
================================================================================
DAG File Processing Stats

File Path                                       PID    Runtime      # DAGs    # Errors  Last Runtime    Last Run               Last # of DB Queries
----------------------------------------------  -----  ---------  --------  ----------  --------------  -------------------  ----------------------
/opt/airflow/dags/retail_sales_pipeline_dag.py                           1           0  0.18s           2026-05-21T14:49:11                      12
================================================================================
[2026-05-21T14:50:10.042+0000] {manager.py:997} INFO - 
================================================================================
DAG File Processing Stats

File Path                                       PID    Runtime      # DAGs    # Errors  Last Runtime    Last Run               Last # of DB Queries
----------------------------------------------  -----  ---------  --------  ----------  --------------  -------------------  ----------------------
/opt/airflow/dags/retail_sales_pipeline_dag.py                           1           0  0.16s           2026-05-21T14:49:42                      12
================================================================================
[2026-05-21T14:50:41.290+0000] {manager.py:997} INFO - 
================================================================================
DAG File Processing Stats

File Path                                       PID    Runtime      # DAGs    # Errors  Last Runtime    Last Run               Last # of DB Queries
----------------------------------------------  -----  ---------  --------  ----------  --------------  -------------------  ----------------------
/opt/airflow/dags/retail_sales_pipeline_dag.py                           1           0  0.16s           2026-05-21T14:50:13                      12
================================================================================
[2026-05-21T14:50:45.754+0000] {manager.py:821} INFO - Searching for files in /opt/airflow/dags
[2026-05-21T14:50:45.778+0000] {manager.py:824} INFO - There are 1 files in /opt/airflow/dags
[2026-05-21T14:51:11.989+0000] {manager.py:997} INFO - 
================================================================================
DAG File Processing Stats

File Path                                       PID    Runtime      # DAGs    # Errors  Last Runtime    Last Run               Last # of DB Queries
----------------------------------------------  -----  ---------  --------  ----------  --------------  -------------------  ----------------------
/opt/airflow/dags/retail_sales_pipeline_dag.py                           1           0  0.18s           2026-05-21T14:50:43                      12
================================================================================
[2026-05-21T14:51:43.580+0000] {manager.py:997} INFO - 
================================================================================
DAG File Processing Stats

File Path                                       PID    Runtime      # DAGs    # Errors  Last Runtime    Last Run               Last # of DB Queries
----------------------------------------------  -----  ---------  --------  ----------  --------------  -------------------  ----------------------
/opt/airflow/dags/retail_sales_pipeline_dag.py                           1           0  0.18s           2026-05-21T14:51:14                      12
================================================================================
[2026-05-21T14:52:14.816+0000] {manager.py:997} INFO - 
================================================================================
DAG File Processing Stats

File Path                                       PID    Runtime      # DAGs    # Errors  Last Runtime    Last Run               Last # of DB Queries
----------------------------------------------  -----  ---------  --------  ----------  --------------  -------------------  ----------------------
/opt/airflow/dags/retail_sales_pipeline_dag.py                           1           0  0.18s           2026-05-21T14:51:45                      12
================================================================================
[2026-05-21T14:52:45.412+0000] {manager.py:997} INFO - 
================================================================================
DAG File Processing Stats

File Path                                       PID    Runtime      # DAGs    # Errors  Last Runtime    Last Run               Last # of DB Queries
----------------------------------------------  -----  ---------  --------  ----------  --------------  -------------------  ----------------------
/opt/airflow/dags/retail_sales_pipeline_dag.py                           1           0  0.16s           2026-05-21T14:52:16                      12
================================================================================
[2026-05-21T14:53:17.188+0000] {manager.py:997} INFO - 
================================================================================
DAG File Processing Stats

File Path                                         PID  Runtime      # DAGs    # Errors  Last Runtime    Last Run               Last # of DB Queries
----------------------------------------------  -----  ---------  --------  ----------  --------------  -------------------  ----------------------
/opt/airflow/dags/retail_sales_pipeline_dag.py   1652  0.01s             1           0  0.18s           2026-05-21T14:52:47                      12
================================================================================
[2026-05-21T14:53:47.775+0000] {manager.py:997} INFO - 
================================================================================
DAG File Processing Stats

File Path                                         PID  Runtime      # DAGs    # Errors  Last Runtime    Last Run               Last # of DB Queries
----------------------------------------------  -----  ---------  --------  ----------  --------------  -------------------  ----------------------
/opt/airflow/dags/retail_sales_pipeline_dag.py   1657  0.01s             1           0  0.21s           2026-05-21T14:53:17                      12
================================================================================
[2026-05-21T14:54:19.331+0000] {manager.py:997} INFO - 
================================================================================
DAG File Processing Stats

File Path                                       PID    Runtime      # DAGs    # Errors  Last Runtime    Last Run               Last # of DB Queries
----------------------------------------------  -----  ---------  --------  ----------  --------------  -------------------  ----------------------
/opt/airflow/dags/retail_sales_pipeline_dag.py                           1           0  0.01s           2026-05-21T14:54:18                      12
================================================================================
[2026-05-21T14:54:50.645+0000] {manager.py:997} INFO - 
================================================================================
DAG File Processing Stats

File Path                                       PID    Runtime      # DAGs    # Errors  Last Runtime    Last Run               Last # of DB Queries
----------------------------------------------  -----  ---------  --------  ----------  --------------  -------------------  ----------------------
/opt/airflow/dags/retail_sales_pipeline_dag.py                           1           0  0.70s           2026-05-21T14:54:49                      12
================================================================================
[2026-05-21T14:55:21.781+0000] {manager.py:997} INFO - 
================================================================================
DAG File Processing Stats

File Path                                       PID    Runtime      # DAGs    # Errors  Last Runtime    Last Run               Last # of DB Queries
----------------------------------------------  -----  ---------  --------  ----------  --------------  -------------------  ----------------------
/opt/airflow/dags/retail_sales_pipeline_dag.py                           1           0  0.20s           2026-05-21T14:55:20                      12
================================================================================
[2026-05-21T14:55:45.955+0000] {manager.py:821} INFO - Searching for files in /opt/airflow/dags
[2026-05-21T14:55:45.980+0000] {manager.py:824} INFO - There are 1 files in /opt/airflow/dags
[2026-05-21T14:55:53.073+0000] {manager.py:997} INFO - 
================================================================================
DAG File Processing Stats

File Path                                       PID    Runtime      # DAGs    # Errors  Last Runtime    Last Run               Last # of DB Queries
----------------------------------------------  -----  ---------  --------  ----------  --------------  -------------------  ----------------------
/opt/airflow/dags/retail_sales_pipeline_dag.py                           1           0  0.19s           2026-05-21T14:55:52                      12
================================================================================
[2026-05-21T14:56:23.695+0000] {manager.py:997} INFO - 
================================================================================
DAG File Processing Stats

File Path                                       PID    Runtime      # DAGs    # Errors  Last Runtime    Last Run               Last # of DB Queries
----------------------------------------------  -----  ---------  --------  ----------  --------------  -------------------  ----------------------
/opt/airflow/dags/retail_sales_pipeline_dag.py                           1           0  0.18s           2026-05-21T14:56:22                      12
================================================================================
[2026-05-21T14:56:54.988+0000] {manager.py:997} INFO - 
================================================================================
DAG File Processing Stats

File Path                                       PID    Runtime      # DAGs    # Errors  Last Runtime    Last Run               Last # of DB Queries
----------------------------------------------  -----  ---------  --------  ----------  --------------  -------------------  ----------------------
/opt/airflow/dags/retail_sales_pipeline_dag.py                           1           0  0.19s           2026-05-21T14:56:53                      12
================================================================================
[2026-05-21T14:57:26.086+0000] {manager.py:997} INFO - 
================================================================================
DAG File Processing Stats

File Path                                       PID    Runtime      # DAGs    # Errors  Last Runtime    Last Run               Last # of DB Queries
----------------------------------------------  -----  ---------  --------  ----------  --------------  -------------------  ----------------------
/opt/airflow/dags/retail_sales_pipeline_dag.py                           1           0  0.21s           2026-05-21T14:57:24                      12
================================================================================
[2026-05-21T14:57:57.224+0000] {manager.py:997} INFO - 
================================================================================
DAG File Processing Stats

File Path                                       PID    Runtime      # DAGs    # Errors  Last Runtime    Last Run               Last # of DB Queries
----------------------------------------------  -----  ---------  --------  ----------  --------------  -------------------  ----------------------
/opt/airflow/dags/retail_sales_pipeline_dag.py                           1           0  0.17s           2026-05-21T14:57:55                      12
================================================================================
[2026-05-21T14:58:28.396+0000] {manager.py:997} INFO - 
================================================================================
DAG File Processing Stats

File Path                                       PID    Runtime      # DAGs    # Errors  Last Runtime    Last Run               Last # of DB Queries
----------------------------------------------  -----  ---------  --------  ----------  --------------  -------------------  ----------------------
/opt/airflow/dags/retail_sales_pipeline_dag.py                           1           0  0.16s           2026-05-21T14:58:25                      12
================================================================================
[2026-05-21T14:58:59.583+0000] {manager.py:997} INFO - 
================================================================================
DAG File Processing Stats

File Path                                       PID    Runtime      # DAGs    # Errors  Last Runtime    Last Run               Last # of DB Queries
----------------------------------------------  -----  ---------  --------  ----------  --------------  -------------------  ----------------------
/opt/airflow/dags/retail_sales_pipeline_dag.py                           1           0  0.19s           2026-05-21T14:58:56                      12
================================================================================
[2026-05-21T14:59:30.621+0000] {manager.py:997} INFO - 
================================================================================
DAG File Processing Stats

File Path                                       PID    Runtime      # DAGs    # Errors  Last Runtime    Last Run               Last # of DB Queries
----------------------------------------------  -----  ---------  --------  ----------  --------------  -------------------  ----------------------
/opt/airflow/dags/retail_sales_pipeline_dag.py                           1           0  0.18s           2026-05-21T14:59:27                      12
================================================================================
[2026-05-21T15:00:01.409+0000] {manager.py:997} INFO - 
================================================================================
DAG File Processing Stats

File Path                                       PID    Runtime      # DAGs    # Errors  Last Runtime    Last Run               Last # of DB Queries
----------------------------------------------  -----  ---------  --------  ----------  --------------  -------------------  ----------------------
/opt/airflow/dags/retail_sales_pipeline_dag.py                           1           0  0.17s           2026-05-21T14:59:58                      12
================================================================================
[2026-05-21T15:00:32.829+0000] {manager.py:997} INFO - 
================================================================================
DAG File Processing Stats

File Path                                       PID    Runtime      # DAGs    # Errors  Last Runtime    Last Run               Last # of DB Queries
----------------------------------------------  -----  ---------  --------  ----------  --------------  -------------------  ----------------------
/opt/airflow/dags/retail_sales_pipeline_dag.py                           1           0  0.17s           2026-05-21T15:00:28                      12
================================================================================
[2026-05-21T15:00:46.067+0000] {manager.py:821} INFO - Searching for files in /opt/airflow/dags
[2026-05-21T15:00:46.107+0000] {manager.py:824} INFO - There are 1 files in /opt/airflow/dags
[2026-05-21T15:01:03.914+0000] {manager.py:997} INFO - 
================================================================================
DAG File Processing Stats

File Path                                       PID    Runtime      # DAGs    # Errors  Last Runtime    Last Run               Last # of DB Queries
----------------------------------------------  -----  ---------  --------  ----------  --------------  -------------------  ----------------------
/opt/airflow/dags/retail_sales_pipeline_dag.py                           1           0  0.17s           2026-05-21T15:01:00                      12
================================================================================
[2026-05-21T15:01:35.055+0000] {manager.py:997} INFO - 
================================================================================
DAG File Processing Stats

File Path                                       PID    Runtime      # DAGs    # Errors  Last Runtime    Last Run               Last # of DB Queries
----------------------------------------------  -----  ---------  --------  ----------  --------------  -------------------  ----------------------
/opt/airflow/dags/retail_sales_pipeline_dag.py                           1           0  0.19s           2026-05-21T15:01:31                      12
================================================================================
[2026-05-21T15:02:06.211+0000] {manager.py:997} INFO - 
================================================================================
DAG File Processing Stats

File Path                                       PID    Runtime      # DAGs    # Errors  Last Runtime    Last Run               Last # of DB Queries
----------------------------------------------  -----  ---------  --------  ----------  --------------  -------------------  ----------------------
/opt/airflow/dags/retail_sales_pipeline_dag.py                           1           0  0.18s           2026-05-21T15:02:01                      12
================================================================================
[2026-05-21T15:02:37.344+0000] {manager.py:997} INFO - 
================================================================================
DAG File Processing Stats

File Path                                       PID    Runtime      # DAGs    # Errors  Last Runtime    Last Run               Last # of DB Queries
----------------------------------------------  -----  ---------  --------  ----------  --------------  -------------------  ----------------------
/opt/airflow/dags/retail_sales_pipeline_dag.py                           1           0  0.18s           2026-05-21T15:02:32                      12
================================================================================
[2026-05-21T15:03:08.404+0000] {manager.py:997} INFO - 
================================================================================
DAG File Processing Stats

File Path                                       PID    Runtime      # DAGs    # Errors  Last Runtime    Last Run               Last # of DB Queries
----------------------------------------------  -----  ---------  --------  ----------  --------------  -------------------  ----------------------
/opt/airflow/dags/retail_sales_pipeline_dag.py                           1           0  0.16s           2026-05-21T15:03:03                      12
================================================================================
[2026-05-21T15:03:39.651+0000] {manager.py:997} INFO - 
================================================================================
DAG File Processing Stats

File Path                                       PID    Runtime      # DAGs    # Errors  Last Runtime    Last Run               Last # of DB Queries
----------------------------------------------  -----  ---------  --------  ----------  --------------  -------------------  ----------------------
/opt/airflow/dags/retail_sales_pipeline_dag.py                           1           0  0.17s           2026-05-21T15:03:33                      12
================================================================================
[2026-05-21T15:04:10.817+0000] {manager.py:997} INFO - 
================================================================================
DAG File Processing Stats

File Path                                       PID    Runtime      # DAGs    # Errors  Last Runtime    Last Run               Last # of DB Queries
----------------------------------------------  -----  ---------  --------  ----------  --------------  -------------------  ----------------------
/opt/airflow/dags/retail_sales_pipeline_dag.py                           1           0  0.17s           2026-05-21T15:04:04                      12
================================================================================
[2026-05-21T15:04:41.848+0000] {manager.py:997} INFO - 
================================================================================
DAG File Processing Stats

File Path                                       PID    Runtime      # DAGs    # Errors  Last Runtime    Last Run               Last # of DB Queries
----------------------------------------------  -----  ---------  --------  ----------  --------------  -------------------  ----------------------
/opt/airflow/dags/retail_sales_pipeline_dag.py                           1           0  0.18s           2026-05-21T15:04:35                      12
================================================================================
[2026-05-21T15:05:13.106+0000] {manager.py:997} INFO - 
================================================================================
DAG File Processing Stats

File Path                                       PID    Runtime      # DAGs    # Errors  Last Runtime    Last Run               Last # of DB Queries
----------------------------------------------  -----  ---------  --------  ----------  --------------  -------------------  ----------------------
/opt/airflow/dags/retail_sales_pipeline_dag.py                           1           0  0.17s           2026-05-21T15:05:06                      12
================================================================================
[2026-05-21T15:05:43.842+0000] {manager.py:997} INFO - 
================================================================================
DAG File Processing Stats

File Path                                       PID    Runtime      # DAGs    # Errors  Last Runtime    Last Run               Last # of DB Queries
----------------------------------------------  -----  ---------  --------  ----------  --------------  -------------------  ----------------------
/opt/airflow/dags/retail_sales_pipeline_dag.py                           1           0  0.21s           2026-05-21T15:05:36                      12
================================================================================
[2026-05-21T15:05:46.862+0000] {manager.py:821} INFO - Searching for files in /opt/airflow/dags
[2026-05-21T15:05:46.891+0000] {manager.py:824} INFO - There are 1 files in /opt/airflow/dags
[2026-05-21T15:06:15.045+0000] {manager.py:997} INFO - 
================================================================================
DAG File Processing Stats

File Path                                       PID    Runtime      # DAGs    # Errors  Last Runtime    Last Run               Last # of DB Queries
----------------------------------------------  -----  ---------  --------  ----------  --------------  -------------------  ----------------------
/opt/airflow/dags/retail_sales_pipeline_dag.py                           1           0  0.17s           2026-05-21T15:06:07                      12
================================================================================
[2026-05-21T15:06:45.713+0000] {manager.py:997} INFO - 
================================================================================
DAG File Processing Stats

File Path                                       PID    Runtime      # DAGs    # Errors  Last Runtime    Last Run               Last # of DB Queries
----------------------------------------------  -----  ---------  --------  ----------  --------------  -------------------  ----------------------
/opt/airflow/dags/retail_sales_pipeline_dag.py                           1           0  0.19s           2026-05-21T15:06:37                      12
================================================================================
[2026-05-21T15:07:16.670+0000] {manager.py:997} INFO - 
================================================================================
DAG File Processing Stats

File Path                                       PID    Runtime      # DAGs    # Errors  Last Runtime    Last Run               Last # of DB Queries
----------------------------------------------  -----  ---------  --------  ----------  --------------  -------------------  ----------------------
/opt/airflow/dags/retail_sales_pipeline_dag.py                           1           0  0.20s           2026-05-21T15:07:08                      12
================================================================================
[2026-05-21T15:07:47.384+0000] {manager.py:997} INFO - 
================================================================================
DAG File Processing Stats

File Path                                       PID    Runtime      # DAGs    # Errors  Last Runtime    Last Run               Last # of DB Queries
----------------------------------------------  -----  ---------  --------  ----------  --------------  -------------------  ----------------------
/opt/airflow/dags/retail_sales_pipeline_dag.py                           1           0  0.17s           2026-05-21T15:07:39                      12
================================================================================
[2026-05-21T15:08:18.540+0000] {manager.py:997} INFO - 
================================================================================
DAG File Processing Stats

File Path                                       PID    Runtime      # DAGs    # Errors  Last Runtime    Last Run               Last # of DB Queries
----------------------------------------------  -----  ---------  --------  ----------  --------------  -------------------  ----------------------
/opt/airflow/dags/retail_sales_pipeline_dag.py                           1           0  0.17s           2026-05-21T15:08:09                      12
================================================================================
[2026-05-21T15:08:50.050+0000] {manager.py:997} INFO - 
================================================================================
DAG File Processing Stats

File Path                                       PID    Runtime      # DAGs    # Errors  Last Runtime    Last Run               Last # of DB Queries
----------------------------------------------  -----  ---------  --------  ----------  --------------  -------------------  ----------------------
/opt/airflow/dags/retail_sales_pipeline_dag.py                           1           0  0.20s           2026-05-21T15:08:40                      12
================================================================================
[2026-05-21T15:09:20.932+0000] {manager.py:997} INFO - 
================================================================================
DAG File Processing Stats

File Path                                       PID    Runtime      # DAGs    # Errors  Last Runtime    Last Run               Last # of DB Queries
----------------------------------------------  -----  ---------  --------  ----------  --------------  -------------------  ----------------------
/opt/airflow/dags/retail_sales_pipeline_dag.py                           1           0  0.18s           2026-05-21T15:09:10                      12
================================================================================
[2026-05-21T15:09:51.733+0000] {manager.py:997} INFO - 
================================================================================
DAG File Processing Stats

File Path                                       PID    Runtime      # DAGs    # Errors  Last Runtime    Last Run               Last # of DB Queries
----------------------------------------------  -----  ---------  --------  ----------  --------------  -------------------  ----------------------
/opt/airflow/dags/retail_sales_pipeline_dag.py                           1           0  0.19s           2026-05-21T15:09:41                      12
================================================================================
[2026-05-21T15:10:22.478+0000] {manager.py:997} INFO - 
================================================================================
DAG File Processing Stats

File Path                                       PID    Runtime      # DAGs    # Errors  Last Runtime    Last Run               Last # of DB Queries
----------------------------------------------  -----  ---------  --------  ----------  --------------  -------------------  ----------------------
/opt/airflow/dags/retail_sales_pipeline_dag.py                           1           0  0.21s           2026-05-21T15:10:12                      12
================================================================================
[2026-05-21T15:10:47.667+0000] {manager.py:821} INFO - Searching for files in /opt/airflow/dags
[2026-05-21T15:10:47.695+0000] {manager.py:824} INFO - There are 1 files in /opt/airflow/dags
[2026-05-21T15:10:53.751+0000] {manager.py:997} INFO - 
================================================================================
DAG File Processing Stats

File Path                                       PID    Runtime      # DAGs    # Errors  Last Runtime    Last Run               Last # of DB Queries
----------------------------------------------  -----  ---------  --------  ----------  --------------  -------------------  ----------------------
/opt/airflow/dags/retail_sales_pipeline_dag.py                           1           0  0.23s           2026-05-21T15:10:43                      12
================================================================================
[2026-05-21T15:11:24.934+0000] {manager.py:997} INFO - 
================================================================================
DAG File Processing Stats

File Path                                       PID    Runtime      # DAGs    # Errors  Last Runtime    Last Run               Last # of DB Queries
----------------------------------------------  -----  ---------  --------  ----------  --------------  -------------------  ----------------------
/opt/airflow/dags/retail_sales_pipeline_dag.py                           1           0  0.20s           2026-05-21T15:11:14                      12
================================================================================
[2026-05-21T15:11:55.694+0000] {manager.py:997} INFO - 
================================================================================
DAG File Processing Stats

File Path                                       PID    Runtime      # DAGs    # Errors  Last Runtime    Last Run               Last # of DB Queries
----------------------------------------------  -----  ---------  --------  ----------  --------------  -------------------  ----------------------
/opt/airflow/dags/retail_sales_pipeline_dag.py                           1           0  0.22s           2026-05-21T15:11:45                      12
================================================================================
[2026-05-21T15:12:26.378+0000] {manager.py:997} INFO - 
================================================================================
DAG File Processing Stats

File Path                                       PID    Runtime      # DAGs    # Errors  Last Runtime    Last Run               Last # of DB Queries
----------------------------------------------  -----  ---------  --------  ----------  --------------  -------------------  ----------------------
/opt/airflow/dags/retail_sales_pipeline_dag.py                           1           0  0.18s           2026-05-21T15:12:16                      12
================================================================================
[2026-05-21T15:12:57.263+0000] {manager.py:997} INFO - 
================================================================================
DAG File Processing Stats

File Path                                       PID    Runtime      # DAGs    # Errors  Last Runtime    Last Run               Last # of DB Queries
----------------------------------------------  -----  ---------  --------  ----------  --------------  -------------------  ----------------------
/opt/airflow/dags/retail_sales_pipeline_dag.py                           1           0  0.18s           2026-05-21T15:12:47                      12
================================================================================
[2026-05-21T15:13:28.307+0000] {manager.py:997} INFO - 
================================================================================
DAG File Processing Stats

File Path                                       PID    Runtime      # DAGs    # Errors  Last Runtime    Last Run               Last # of DB Queries
----------------------------------------------  -----  ---------  --------  ----------  --------------  -------------------  ----------------------
/opt/airflow/dags/retail_sales_pipeline_dag.py                           1           0  0.21s           2026-05-21T15:13:18                      12
================================================================================
[2026-05-21T15:13:59.039+0000] {manager.py:997} INFO - 
================================================================================
DAG File Processing Stats

File Path                                       PID    Runtime      # DAGs    # Errors  Last Runtime    Last Run               Last # of DB Queries
----------------------------------------------  -----  ---------  --------  ----------  --------------  -------------------  ----------------------
/opt/airflow/dags/retail_sales_pipeline_dag.py                           1           0  0.17s           2026-05-21T15:13:49                      12
================================================================================
[2026-05-21T15:14:30.171+0000] {manager.py:997} INFO - 
================================================================================
DAG File Processing Stats

File Path                                       PID    Runtime      # DAGs    # Errors  Last Runtime    Last Run               Last # of DB Queries
----------------------------------------------  -----  ---------  --------  ----------  --------------  -------------------  ----------------------
/opt/airflow/dags/retail_sales_pipeline_dag.py                           1           0  0.17s           2026-05-21T15:14:19                      12
================================================================================
[2026-05-21T15:15:00.817+0000] {manager.py:997} INFO - 
================================================================================
DAG File Processing Stats

File Path                                       PID    Runtime      # DAGs    # Errors  Last Runtime    Last Run               Last # of DB Queries
----------------------------------------------  -----  ---------  --------  ----------  --------------  -------------------  ----------------------
/opt/airflow/dags/retail_sales_pipeline_dag.py                           1           0  0.18s           2026-05-21T15:14:49                      12
================================================================================
[2026-05-21T15:15:31.796+0000] {manager.py:997} INFO - 
================================================================================
DAG File Processing Stats

File Path                                       PID    Runtime      # DAGs    # Errors  Last Runtime    Last Run               Last # of DB Queries
----------------------------------------------  -----  ---------  --------  ----------  --------------  -------------------  ----------------------
/opt/airflow/dags/retail_sales_pipeline_dag.py                           1           0  0.51s           2026-05-21T15:15:21                      12
================================================================================
[2026-05-21T15:15:48.363+0000] {manager.py:821} INFO - Searching for files in /opt/airflow/dags
[2026-05-21T15:15:48.385+0000] {manager.py:824} INFO - There are 1 files in /opt/airflow/dags
[2026-05-21T15:16:03.373+0000] {manager.py:997} INFO - 
================================================================================
DAG File Processing Stats

File Path                                       PID    Runtime      # DAGs    # Errors  Last Runtime    Last Run               Last # of DB Queries
----------------------------------------------  -----  ---------  --------  ----------  --------------  -------------------  ----------------------
/opt/airflow/dags/retail_sales_pipeline_dag.py                           1           0  0.19s           2026-05-21T15:15:51                      12
================================================================================
[2026-05-21T15:16:34.558+0000] {manager.py:997} INFO - 
================================================================================
DAG File Processing Stats

File Path                                       PID    Runtime      # DAGs    # Errors  Last Runtime    Last Run               Last # of DB Queries
----------------------------------------------  -----  ---------  --------  ----------  --------------  -------------------  ----------------------
/opt/airflow/dags/retail_sales_pipeline_dag.py                           1           0  0.22s           2026-05-21T15:16:22                      12
================================================================================
[2026-05-21T15:17:05.042+0000] {manager.py:997} INFO - 
================================================================================
DAG File Processing Stats

File Path                                       PID    Runtime      # DAGs    # Errors  Last Runtime    Last Run               Last # of DB Queries
----------------------------------------------  -----  ---------  --------  ----------  --------------  -------------------  ----------------------
/opt/airflow/dags/retail_sales_pipeline_dag.py                           1           0  0.21s           2026-05-21T15:16:53                      12
================================================================================
[2026-05-21T15:17:35.821+0000] {manager.py:997} INFO - 
================================================================================
DAG File Processing Stats

File Path                                       PID    Runtime      # DAGs    # Errors  Last Runtime    Last Run               Last # of DB Queries
----------------------------------------------  -----  ---------  --------  ----------  --------------  -------------------  ----------------------
/opt/airflow/dags/retail_sales_pipeline_dag.py                           1           0  0.21s           2026-05-21T15:17:23                      12
================================================================================
[2026-05-21T15:18:06.789+0000] {manager.py:997} INFO - 
================================================================================
DAG File Processing Stats

File Path                                       PID    Runtime      # DAGs    # Errors  Last Runtime    Last Run               Last # of DB Queries
----------------------------------------------  -----  ---------  --------  ----------  --------------  -------------------  ----------------------
/opt/airflow/dags/retail_sales_pipeline_dag.py                           1           0  0.21s           2026-05-21T15:17:54                      12
================================================================================
[2026-05-21T15:18:37.566+0000] {manager.py:997} INFO - 
================================================================================
DAG File Processing Stats

File Path                                       PID    Runtime      # DAGs    # Errors  Last Runtime    Last Run               Last # of DB Queries
----------------------------------------------  -----  ---------  --------  ----------  --------------  -------------------  ----------------------
/opt/airflow/dags/retail_sales_pipeline_dag.py                           1           0  0.21s           2026-05-21T15:18:25                      12
================================================================================
[2026-05-21T15:19:08.426+0000] {manager.py:997} INFO - 
================================================================================
DAG File Processing Stats

File Path                                       PID    Runtime      # DAGs    # Errors  Last Runtime    Last Run               Last # of DB Queries
----------------------------------------------  -----  ---------  --------  ----------  --------------  -------------------  ----------------------
/opt/airflow/dags/retail_sales_pipeline_dag.py                           1           0  0.17s           2026-05-21T15:18:56                      12
================================================================================
[2026-05-21T15:19:39.359+0000] {manager.py:997} INFO - 
================================================================================
DAG File Processing Stats

File Path                                       PID    Runtime      # DAGs    # Errors  Last Runtime    Last Run               Last # of DB Queries
----------------------------------------------  -----  ---------  --------  ----------  --------------  -------------------  ----------------------
/opt/airflow/dags/retail_sales_pipeline_dag.py                           1           0  0.21s           2026-05-21T15:19:27                      12
================================================================================
[2026-05-21T15:20:10.509+0000] {manager.py:997} INFO - 
================================================================================
DAG File Processing Stats

File Path                                       PID    Runtime      # DAGs    # Errors  Last Runtime    Last Run               Last # of DB Queries
----------------------------------------------  -----  ---------  --------  ----------  --------------  -------------------  ----------------------
/opt/airflow/dags/retail_sales_pipeline_dag.py                           1           0  0.20s           2026-05-21T15:19:57                      12
================================================================================
[2026-05-21T15:20:41.144+0000] {manager.py:997} INFO - 
================================================================================
DAG File Processing Stats

File Path                                       PID    Runtime      # DAGs    # Errors  Last Runtime    Last Run               Last # of DB Queries
----------------------------------------------  -----  ---------  --------  ----------  --------------  -------------------  ----------------------
/opt/airflow/dags/retail_sales_pipeline_dag.py                           1           0  0.19s           2026-05-21T15:20:28                      12
================================================================================
[2026-05-21T15:20:49.203+0000] {manager.py:821} INFO - Searching for files in /opt/airflow/dags
[2026-05-21T15:20:49.237+0000] {manager.py:824} INFO - There are 1 files in /opt/airflow/dags
[2026-05-21T15:21:11.805+0000] {manager.py:997} INFO - 
================================================================================
DAG File Processing Stats

File Path                                       PID    Runtime      # DAGs    # Errors  Last Runtime    Last Run               Last # of DB Queries
----------------------------------------------  -----  ---------  --------  ----------  --------------  -------------------  ----------------------
/opt/airflow/dags/retail_sales_pipeline_dag.py                           1           0  0.20s           2026-05-21T15:20:58                      12
================================================================================
[2026-05-21T15:21:42.471+0000] {manager.py:997} INFO - 
================================================================================
DAG File Processing Stats

File Path                                       PID    Runtime      # DAGs    # Errors  Last Runtime    Last Run               Last # of DB Queries
----------------------------------------------  -----  ---------  --------  ----------  --------------  -------------------  ----------------------
/opt/airflow/dags/retail_sales_pipeline_dag.py                           1           0  0.21s           2026-05-21T15:21:29                      12
================================================================================
[2026-05-21T15:22:13.062+0000] {manager.py:997} INFO - 
================================================================================
DAG File Processing Stats

File Path                                       PID    Runtime      # DAGs    # Errors  Last Runtime    Last Run               Last # of DB Queries
----------------------------------------------  -----  ---------  --------  ----------  --------------  -------------------  ----------------------
/opt/airflow/dags/retail_sales_pipeline_dag.py                           1           0  0.23s           2026-05-21T15:22:00                      12
================================================================================
[2026-05-21T15:22:43.805+0000] {manager.py:997} INFO - 
================================================================================
DAG File Processing Stats

File Path                                       PID    Runtime      # DAGs    # Errors  Last Runtime    Last Run               Last # of DB Queries
----------------------------------------------  -----  ---------  --------  ----------  --------------  -------------------  ----------------------
/opt/airflow/dags/retail_sales_pipeline_dag.py                           1           0  0.17s           2026-05-21T15:22:30                      12
================================================================================
[2026-05-21T15:23:14.881+0000] {manager.py:997} INFO - 
================================================================================
DAG File Processing Stats

File Path                                       PID    Runtime      # DAGs    # Errors  Last Runtime    Last Run               Last # of DB Queries
----------------------------------------------  -----  ---------  --------  ----------  --------------  -------------------  ----------------------
/opt/airflow/dags/retail_sales_pipeline_dag.py                           1           0  0.24s           2026-05-21T15:23:01                      12
================================================================================
[2026-05-21T15:23:45.777+0000] {manager.py:997} INFO - 
================================================================================
DAG File Processing Stats

File Path                                       PID    Runtime      # DAGs    # Errors  Last Runtime    Last Run               Last # of DB Queries
----------------------------------------------  -----  ---------  --------  ----------  --------------  -------------------  ----------------------
/opt/airflow/dags/retail_sales_pipeline_dag.py                           1           0  0.27s           2026-05-21T15:23:31                      12
================================================================================
[2026-05-21T15:24:16.889+0000] {manager.py:997} INFO - 
================================================================================
DAG File Processing Stats

File Path                                       PID    Runtime      # DAGs    # Errors  Last Runtime    Last Run               Last # of DB Queries
----------------------------------------------  -----  ---------  --------  ----------  --------------  -------------------  ----------------------
/opt/airflow/dags/retail_sales_pipeline_dag.py                           1           0  0.31s           2026-05-21T15:24:02                      12
================================================================================
[2026-05-21T15:24:48.301+0000] {manager.py:997} INFO - 
================================================================================
DAG File Processing Stats

File Path                                       PID    Runtime      # DAGs    # Errors  Last Runtime    Last Run               Last # of DB Queries
----------------------------------------------  -----  ---------  --------  ----------  --------------  -------------------  ----------------------
/opt/airflow/dags/retail_sales_pipeline_dag.py                           1           0  0.23s           2026-05-21T15:24:33                      12
================================================================================
[2026-05-21T15:25:18.892+0000] {manager.py:997} INFO - 
================================================================================
DAG File Processing Stats

File Path                                       PID    Runtime      # DAGs    # Errors  Last Runtime    Last Run               Last # of DB Queries
----------------------------------------------  -----  ---------  --------  ----------  --------------  -------------------  ----------------------
/opt/airflow/dags/retail_sales_pipeline_dag.py                           1           0  0.24s           2026-05-21T15:25:03                      12
================================================================================
[2026-05-21T15:25:49.295+0000] {manager.py:821} INFO - Searching for files in /opt/airflow/dags
[2026-05-21T15:25:49.336+0000] {manager.py:824} INFO - There are 1 files in /opt/airflow/dags
[2026-05-21T15:25:50.375+0000] {manager.py:997} INFO - 
================================================================================
DAG File Processing Stats

File Path                                       PID    Runtime      # DAGs    # Errors  Last Runtime    Last Run               Last # of DB Queries
----------------------------------------------  -----  ---------  --------  ----------  --------------  -------------------  ----------------------
/opt/airflow/dags/retail_sales_pipeline_dag.py                           1           0  0.26s           2026-05-21T15:25:34                      12
================================================================================
[2026-05-21T15:26:20.408+0000] {manager.py:997} INFO - 
================================================================================
DAG File Processing Stats

File Path                                       PID    Runtime      # DAGs    # Errors  Last Runtime    Last Run               Last # of DB Queries
----------------------------------------------  -----  ---------  --------  ----------  --------------  -------------------  ----------------------
/opt/airflow/dags/retail_sales_pipeline_dag.py                           1           0  0.24s           2026-05-21T15:26:05                      12
================================================================================
[2026-05-21T15:26:51.651+0000] {manager.py:997} INFO - 
================================================================================
DAG File Processing Stats

File Path                                       PID    Runtime      # DAGs    # Errors  Last Runtime    Last Run               Last # of DB Queries
----------------------------------------------  -----  ---------  --------  ----------  --------------  -------------------  ----------------------
/opt/airflow/dags/retail_sales_pipeline_dag.py                           1           0  0.29s           2026-05-21T15:26:36                      12
================================================================================
[2026-05-21T15:27:22.494+0000] {manager.py:997} INFO - 
================================================================================
DAG File Processing Stats

File Path                                       PID    Runtime      # DAGs    # Errors  Last Runtime    Last Run               Last # of DB Queries
----------------------------------------------  -----  ---------  --------  ----------  --------------  -------------------  ----------------------
/opt/airflow/dags/retail_sales_pipeline_dag.py                           1           0  0.23s           2026-05-21T15:27:07                      12
================================================================================
[2026-05-21T15:27:53.630+0000] {manager.py:997} INFO - 
================================================================================
DAG File Processing Stats

File Path                                       PID    Runtime      # DAGs    # Errors  Last Runtime    Last Run               Last # of DB Queries
----------------------------------------------  -----  ---------  --------  ----------  --------------  -------------------  ----------------------
/opt/airflow/dags/retail_sales_pipeline_dag.py                           1           0  0.28s           2026-05-21T15:27:38                      12
================================================================================
[2026-05-21T15:28:24.255+0000] {manager.py:997} INFO - 
================================================================================
DAG File Processing Stats

File Path                                       PID    Runtime      # DAGs    # Errors  Last Runtime    Last Run               Last # of DB Queries
----------------------------------------------  -----  ---------  --------  ----------  --------------  -------------------  ----------------------
/opt/airflow/dags/retail_sales_pipeline_dag.py                           1           0  0.30s           2026-05-21T15:28:09                      12
================================================================================
[2026-05-21T15:28:55.016+0000] {manager.py:997} INFO - 
================================================================================
DAG File Processing Stats

File Path                                       PID    Runtime      # DAGs    # Errors  Last Runtime    Last Run               Last # of DB Queries
----------------------------------------------  -----  ---------  --------  ----------  --------------  -------------------  ----------------------
/opt/airflow/dags/retail_sales_pipeline_dag.py                           1           0  0.26s           2026-05-21T15:28:39                      12
================================================================================
[2026-05-21T15:29:25.678+0000] {manager.py:997} INFO - 
================================================================================
DAG File Processing Stats

File Path                                       PID    Runtime      # DAGs    # Errors  Last Runtime    Last Run               Last # of DB Queries
----------------------------------------------  -----  ---------  --------  ----------  --------------  -------------------  ----------------------
/opt/airflow/dags/retail_sales_pipeline_dag.py                           1           0  0.29s           2026-05-21T15:29:10                      12
================================================================================
[2026-05-21T15:29:57.262+0000] {manager.py:997} INFO - 
================================================================================
DAG File Processing Stats

File Path                                       PID    Runtime      # DAGs    # Errors  Last Runtime    Last Run               Last # of DB Queries
----------------------------------------------  -----  ---------  --------  ----------  --------------  -------------------  ----------------------
/opt/airflow/dags/retail_sales_pipeline_dag.py                           1           0  0.28s           2026-05-21T15:29:41                      12
================================================================================
[2026-05-21T15:30:28.215+0000] {manager.py:997} INFO - 
================================================================================
DAG File Processing Stats

File Path                                       PID    Runtime      # DAGs    # Errors  Last Runtime    Last Run               Last # of DB Queries
----------------------------------------------  -----  ---------  --------  ----------  --------------  -------------------  ----------------------
/opt/airflow/dags/retail_sales_pipeline_dag.py                           1           0  0.24s           2026-05-21T15:30:12                      12
================================================================================
[2026-05-21T15:30:49.375+0000] {manager.py:821} INFO - Searching for files in /opt/airflow/dags
[2026-05-21T15:30:49.412+0000] {manager.py:824} INFO - There are 1 files in /opt/airflow/dags
[2026-05-21T15:30:59.370+0000] {manager.py:997} INFO - 
================================================================================
DAG File Processing Stats

File Path                                       PID    Runtime      # DAGs    # Errors  Last Runtime    Last Run               Last # of DB Queries
----------------------------------------------  -----  ---------  --------  ----------  --------------  -------------------  ----------------------
/opt/airflow/dags/retail_sales_pipeline_dag.py                           1           0  0.27s           2026-05-21T15:30:43                      12
================================================================================
[2026-05-21T15:31:29.999+0000] {manager.py:997} INFO - 
================================================================================
DAG File Processing Stats

File Path                                       PID    Runtime      # DAGs    # Errors  Last Runtime    Last Run               Last # of DB Queries
----------------------------------------------  -----  ---------  --------  ----------  --------------  -------------------  ----------------------
/opt/airflow/dags/retail_sales_pipeline_dag.py                           1           0  0.25s           2026-05-21T15:31:13                      12
================================================================================
[2026-05-21T15:32:00.652+0000] {manager.py:997} INFO - 
================================================================================
DAG File Processing Stats

File Path                                       PID    Runtime      # DAGs    # Errors  Last Runtime    Last Run               Last # of DB Queries
----------------------------------------------  -----  ---------  --------  ----------  --------------  -------------------  ----------------------
/opt/airflow/dags/retail_sales_pipeline_dag.py                           1           0  0.28s           2026-05-21T15:31:44                      12
================================================================================
[2026-05-21T15:32:31.344+0000] {manager.py:997} INFO - 
================================================================================
DAG File Processing Stats

File Path                                       PID    Runtime      # DAGs    # Errors  Last Runtime    Last Run               Last # of DB Queries
----------------------------------------------  -----  ---------  --------  ----------  --------------  -------------------  ----------------------
/opt/airflow/dags/retail_sales_pipeline_dag.py                           1           0  0.31s           2026-05-21T15:32:15                      12
================================================================================
[2026-05-21T15:33:01.961+0000] {manager.py:997} INFO - 
================================================================================
DAG File Processing Stats

File Path                                       PID    Runtime      # DAGs    # Errors  Last Runtime    Last Run               Last # of DB Queries
----------------------------------------------  -----  ---------  --------  ----------  --------------  -------------------  ----------------------
/opt/airflow/dags/retail_sales_pipeline_dag.py                           1           0  0.26s           2026-05-21T15:32:45                      12
================================================================================
[2026-05-21T15:33:31.678+0000] {manager.py:997} INFO - 
================================================================================
DAG File Processing Stats

File Path                                       PID    Runtime      # DAGs    # Errors  Last Runtime    Last Run               Last # of DB Queries
----------------------------------------------  -----  ---------  --------  ----------  --------------  -------------------  ----------------------
/opt/airflow/dags/retail_sales_pipeline_dag.py                           1           0  0.31s           2026-05-21T15:33:16                      12
================================================================================
[2026-05-21T15:34:03.525+0000] {manager.py:997} INFO - 
================================================================================
DAG File Processing Stats

File Path                                       PID    Runtime      # DAGs    # Errors  Last Runtime    Last Run               Last # of DB Queries
----------------------------------------------  -----  ---------  --------  ----------  --------------  -------------------  ----------------------
/opt/airflow/dags/retail_sales_pipeline_dag.py                           1           0  0.33s           2026-05-21T15:33:47                      12
================================================================================
[2026-05-21T15:34:34.084+0000] {manager.py:997} INFO - 
================================================================================
DAG File Processing Stats

File Path                                       PID    Runtime      # DAGs    # Errors  Last Runtime    Last Run               Last # of DB Queries
----------------------------------------------  -----  ---------  --------  ----------  --------------  -------------------  ----------------------
/opt/airflow/dags/retail_sales_pipeline_dag.py                           1           0  0.25s           2026-05-21T15:34:18                      12
================================================================================
[2026-05-21T15:35:04.972+0000] {manager.py:997} INFO - 
================================================================================
DAG File Processing Stats

File Path                                       PID    Runtime      # DAGs    # Errors  Last Runtime    Last Run               Last # of DB Queries
----------------------------------------------  -----  ---------  --------  ----------  --------------  -------------------  ----------------------
/opt/airflow/dags/retail_sales_pipeline_dag.py                           1           0  0.26s           2026-05-21T15:34:48                      12
================================================================================
[2026-05-21T15:35:35.778+0000] {manager.py:997} INFO - 
================================================================================
DAG File Processing Stats

File Path                                       PID    Runtime      # DAGs    # Errors  Last Runtime    Last Run               Last # of DB Queries
----------------------------------------------  -----  ---------  --------  ----------  --------------  -------------------  ----------------------
/opt/airflow/dags/retail_sales_pipeline_dag.py                           1           0  0.28s           2026-05-21T15:35:19                      12
================================================================================
[2026-05-21T15:35:50.133+0000] {manager.py:821} INFO - Searching for files in /opt/airflow/dags
[2026-05-21T15:35:50.169+0000] {manager.py:824} INFO - There are 1 files in /opt/airflow/dags
[2026-05-21T15:36:06.484+0000] {manager.py:997} INFO - 
================================================================================
DAG File Processing Stats

File Path                                       PID    Runtime      # DAGs    # Errors  Last Runtime    Last Run               Last # of DB Queries
----------------------------------------------  -----  ---------  --------  ----------  --------------  -------------------  ----------------------
/opt/airflow/dags/retail_sales_pipeline_dag.py                           1           0  0.27s           2026-05-21T15:35:50                      12
================================================================================
[2026-05-21T15:36:37.535+0000] {manager.py:997} INFO - 
================================================================================
DAG File Processing Stats

File Path                                       PID    Runtime      # DAGs    # Errors  Last Runtime    Last Run               Last # of DB Queries
----------------------------------------------  -----  ---------  --------  ----------  --------------  -------------------  ----------------------
/opt/airflow/dags/retail_sales_pipeline_dag.py                           1           0  0.29s           2026-05-21T15:36:20                      12
================================================================================
[2026-05-21T15:37:08.089+0000] {manager.py:997} INFO - 
================================================================================
DAG File Processing Stats

File Path                                       PID    Runtime      # DAGs    # Errors  Last Runtime    Last Run               Last # of DB Queries
----------------------------------------------  -----  ---------  --------  ----------  --------------  -------------------  ----------------------
/opt/airflow/dags/retail_sales_pipeline_dag.py                           1           0  0.28s           2026-05-21T15:36:51                      12
================================================================================
[2026-05-21T15:37:38.809+0000] {manager.py:997} INFO - 
================================================================================
DAG File Processing Stats

File Path                                       PID    Runtime      # DAGs    # Errors  Last Runtime    Last Run               Last # of DB Queries
----------------------------------------------  -----  ---------  --------  ----------  --------------  -------------------  ----------------------
/opt/airflow/dags/retail_sales_pipeline_dag.py                           1           0  0.25s           2026-05-21T15:37:22                      12
================================================================================
[2026-05-21T15:38:09.327+0000] {manager.py:997} INFO - 
================================================================================
DAG File Processing Stats

File Path                                       PID    Runtime      # DAGs    # Errors  Last Runtime    Last Run               Last # of DB Queries
----------------------------------------------  -----  ---------  --------  ----------  --------------  -------------------  ----------------------
/opt/airflow/dags/retail_sales_pipeline_dag.py                           1           0  0.24s           2026-05-21T15:37:53                      12
================================================================================
[2026-05-21T15:38:39.941+0000] {manager.py:997} INFO - 
================================================================================
DAG File Processing Stats

File Path                                       PID    Runtime      # DAGs    # Errors  Last Runtime    Last Run               Last # of DB Queries
----------------------------------------------  -----  ---------  --------  ----------  --------------  -------------------  ----------------------
/opt/airflow/dags/retail_sales_pipeline_dag.py                           1           0  0.27s           2026-05-21T15:38:23                      12
================================================================================
[2026-05-21T15:39:10.474+0000] {manager.py:997} INFO - 
================================================================================
DAG File Processing Stats

File Path                                       PID    Runtime      # DAGs    # Errors  Last Runtime    Last Run               Last # of DB Queries
----------------------------------------------  -----  ---------  --------  ----------  --------------  -------------------  ----------------------
/opt/airflow/dags/retail_sales_pipeline_dag.py                           1           0  0.30s           2026-05-21T15:38:54                      12
================================================================================
[2026-05-21T15:39:41.059+0000] {manager.py:997} INFO - 
================================================================================
DAG File Processing Stats

File Path                                       PID    Runtime      # DAGs    # Errors  Last Runtime    Last Run               Last # of DB Queries
----------------------------------------------  -----  ---------  --------  ----------  --------------  -------------------  ----------------------
/opt/airflow/dags/retail_sales_pipeline_dag.py                           1           0  0.25s           2026-05-21T15:39:24                      12
================================================================================
[2026-05-21T15:40:11.530+0000] {manager.py:997} INFO - 
================================================================================
DAG File Processing Stats

File Path                                       PID    Runtime      # DAGs    # Errors  Last Runtime    Last Run               Last # of DB Queries
----------------------------------------------  -----  ---------  --------  ----------  --------------  -------------------  ----------------------
/opt/airflow/dags/retail_sales_pipeline_dag.py                           1           0  0.24s           2026-05-21T15:39:55                      12
================================================================================
[2026-05-21T15:40:42.579+0000] {manager.py:997} INFO - 
================================================================================
DAG File Processing Stats

File Path                                       PID    Runtime      # DAGs    # Errors  Last Runtime    Last Run               Last # of DB Queries
----------------------------------------------  -----  ---------  --------  ----------  --------------  -------------------  ----------------------
/opt/airflow/dags/retail_sales_pipeline_dag.py                           1           0  0.27s           2026-05-21T15:40:25                      12
================================================================================
[2026-05-21T15:40:50.650+0000] {manager.py:821} INFO - Searching for files in /opt/airflow/dags
[2026-05-21T15:40:50.695+0000] {manager.py:824} INFO - There are 1 files in /opt/airflow/dags
[2026-05-21T15:41:12.979+0000] {manager.py:997} INFO - 
================================================================================
DAG File Processing Stats

File Path                                       PID    Runtime      # DAGs    # Errors  Last Runtime    Last Run               Last # of DB Queries
----------------------------------------------  -----  ---------  --------  ----------  --------------  -------------------  ----------------------
/opt/airflow/dags/retail_sales_pipeline_dag.py                           1           0  0.26s           2026-05-21T15:40:57                      12
================================================================================
[2026-05-21T15:41:44.067+0000] {manager.py:997} INFO - 
================================================================================
DAG File Processing Stats

File Path                                       PID    Runtime      # DAGs    # Errors  Last Runtime    Last Run               Last # of DB Queries
----------------------------------------------  -----  ---------  --------  ----------  --------------  -------------------  ----------------------
/opt/airflow/dags/retail_sales_pipeline_dag.py                           1           0  0.26s           2026-05-21T15:41:27                      12
================================================================================
[2026-05-21T15:42:15.178+0000] {manager.py:997} INFO - 
================================================================================
DAG File Processing Stats

File Path                                       PID    Runtime      # DAGs    # Errors  Last Runtime    Last Run               Last # of DB Queries
----------------------------------------------  -----  ---------  --------  ----------  --------------  -------------------  ----------------------
/opt/airflow/dags/retail_sales_pipeline_dag.py                           1           0  0.24s           2026-05-21T15:41:57                      12
================================================================================
[2026-05-21T15:42:45.701+0000] {manager.py:997} INFO - 
================================================================================
DAG File Processing Stats

File Path                                       PID    Runtime      # DAGs    # Errors  Last Runtime    Last Run               Last # of DB Queries
----------------------------------------------  -----  ---------  --------  ----------  --------------  -------------------  ----------------------
/opt/airflow/dags/retail_sales_pipeline_dag.py                           1           0  0.27s           2026-05-21T15:42:28                      12
================================================================================
[2026-05-21T15:43:16.456+0000] {manager.py:997} INFO - 
================================================================================
DAG File Processing Stats

File Path                                       PID    Runtime      # DAGs    # Errors  Last Runtime    Last Run               Last # of DB Queries
----------------------------------------------  -----  ---------  --------  ----------  --------------  -------------------  ----------------------
/opt/airflow/dags/retail_sales_pipeline_dag.py                           1           0  0.26s           2026-05-21T15:42:59                      12
================================================================================
[2026-05-21T15:43:46.919+0000] {manager.py:997} INFO - 
================================================================================
DAG File Processing Stats

File Path                                       PID    Runtime      # DAGs    # Errors  Last Runtime    Last Run               Last # of DB Queries
----------------------------------------------  -----  ---------  --------  ----------  --------------  -------------------  ----------------------
/opt/airflow/dags/retail_sales_pipeline_dag.py                           1           0  0.25s           2026-05-21T15:43:29                      12
================================================================================
[2026-05-21T15:44:17.931+0000] {manager.py:997} INFO - 
================================================================================
DAG File Processing Stats

File Path                                       PID    Runtime      # DAGs    # Errors  Last Runtime    Last Run               Last # of DB Queries
----------------------------------------------  -----  ---------  --------  ----------  --------------  -------------------  ----------------------
/opt/airflow/dags/retail_sales_pipeline_dag.py                           1           0  0.15s           2026-05-21T15:44:00                      12
================================================================================
[2026-05-21T15:44:48.408+0000] {manager.py:997} INFO - 
================================================================================
DAG File Processing Stats

File Path                                       PID    Runtime      # DAGs    # Errors  Last Runtime    Last Run               Last # of DB Queries
----------------------------------------------  -----  ---------  --------  ----------  --------------  -------------------  ----------------------
/opt/airflow/dags/retail_sales_pipeline_dag.py                           1           0  0.15s           2026-05-21T15:44:31                      12
================================================================================
[2026-05-21T15:45:19.193+0000] {manager.py:997} INFO - 
================================================================================
DAG File Processing Stats

File Path                                       PID    Runtime      # DAGs    # Errors  Last Runtime    Last Run               Last # of DB Queries
----------------------------------------------  -----  ---------  --------  ----------  --------------  -------------------  ----------------------
/opt/airflow/dags/retail_sales_pipeline_dag.py                           1           0  0.15s           2026-05-21T15:45:01                      12
================================================================================
[2026-05-21T15:45:49.758+0000] {manager.py:997} INFO - 
================================================================================
DAG File Processing Stats

File Path                                       PID    Runtime      # DAGs    # Errors  Last Runtime    Last Run               Last # of DB Queries
----------------------------------------------  -----  ---------  --------  ----------  --------------  -------------------  ----------------------
/opt/airflow/dags/retail_sales_pipeline_dag.py                           1           0  0.15s           2026-05-21T15:45:32                      12
================================================================================
[2026-05-21T15:45:50.764+0000] {manager.py:821} INFO - Searching for files in /opt/airflow/dags
[2026-05-21T15:45:50.787+0000] {manager.py:824} INFO - There are 1 files in /opt/airflow/dags
[2026-05-21T15:46:20.220+0000] {manager.py:997} INFO - 
================================================================================
DAG File Processing Stats

File Path                                       PID    Runtime      # DAGs    # Errors  Last Runtime    Last Run               Last # of DB Queries
----------------------------------------------  -----  ---------  --------  ----------  --------------  -------------------  ----------------------
/opt/airflow/dags/retail_sales_pipeline_dag.py                           1           0  0.15s           2026-05-21T15:46:03                      12
================================================================================
[2026-05-21T15:46:50.775+0000] {manager.py:997} INFO - 
================================================================================
DAG File Processing Stats

File Path                                       PID    Runtime      # DAGs    # Errors  Last Runtime    Last Run               Last # of DB Queries
----------------------------------------------  -----  ---------  --------  ----------  --------------  -------------------  ----------------------
/opt/airflow/dags/retail_sales_pipeline_dag.py                           1           0  0.15s           2026-05-21T15:46:33                      12
================================================================================
[2026-05-21T15:47:21.218+0000] {manager.py:997} INFO - 
================================================================================
DAG File Processing Stats

File Path                                       PID    Runtime      # DAGs    # Errors  Last Runtime    Last Run               Last # of DB Queries
----------------------------------------------  -----  ---------  --------  ----------  --------------  -------------------  ----------------------
/opt/airflow/dags/retail_sales_pipeline_dag.py                           1           0  0.31s           2026-05-21T15:47:04                      12
================================================================================
[2026-05-21T15:47:51.895+0000] {manager.py:997} INFO - 
================================================================================
DAG File Processing Stats

File Path                                       PID    Runtime      # DAGs    # Errors  Last Runtime    Last Run               Last # of DB Queries
----------------------------------------------  -----  ---------  --------  ----------  --------------  -------------------  ----------------------
/opt/airflow/dags/retail_sales_pipeline_dag.py                           1           0  0.36s           2026-05-21T15:47:34                      12
================================================================================
[2026-05-21T15:48:22.376+0000] {manager.py:997} INFO - 
================================================================================
DAG File Processing Stats

File Path                                       PID    Runtime      # DAGs    # Errors  Last Runtime    Last Run               Last # of DB Queries
----------------------------------------------  -----  ---------  --------  ----------  --------------  -------------------  ----------------------
/opt/airflow/dags/retail_sales_pipeline_dag.py                           1           0  0.40s           2026-05-21T15:48:05                      12
================================================================================
[2026-05-21T15:48:52.746+0000] {manager.py:997} INFO - 
================================================================================
DAG File Processing Stats

File Path                                       PID    Runtime      # DAGs    # Errors  Last Runtime    Last Run               Last # of DB Queries
----------------------------------------------  -----  ---------  --------  ----------  --------------  -------------------  ----------------------
/opt/airflow/dags/retail_sales_pipeline_dag.py                           1           0  0.30s           2026-05-21T15:48:35                      12
================================================================================
[2026-05-21T15:49:23.843+0000] {manager.py:997} INFO - 
================================================================================
DAG File Processing Stats

File Path                                       PID    Runtime      # DAGs    # Errors  Last Runtime    Last Run               Last # of DB Queries
----------------------------------------------  -----  ---------  --------  ----------  --------------  -------------------  ----------------------
/opt/airflow/dags/retail_sales_pipeline_dag.py                           1           0  0.33s           2026-05-21T15:49:06                      12
================================================================================
[2026-05-21T15:49:54.476+0000] {manager.py:997} INFO - 
================================================================================
DAG File Processing Stats

File Path                                       PID    Runtime      # DAGs    # Errors  Last Runtime    Last Run               Last # of DB Queries
----------------------------------------------  -----  ---------  --------  ----------  --------------  -------------------  ----------------------
/opt/airflow/dags/retail_sales_pipeline_dag.py                           1           0  0.34s           2026-05-21T15:49:37                      12
================================================================================
[2026-05-21T15:50:25.169+0000] {manager.py:997} INFO - 
================================================================================
DAG File Processing Stats

File Path                                       PID    Runtime      # DAGs    # Errors  Last Runtime    Last Run               Last # of DB Queries
----------------------------------------------  -----  ---------  --------  ----------  --------------  -------------------  ----------------------
/opt/airflow/dags/retail_sales_pipeline_dag.py                           1           0  0.29s           2026-05-21T15:50:07                      12
================================================================================
[2026-05-21T15:50:51.004+0000] {manager.py:821} INFO - Searching for files in /opt/airflow/dags
[2026-05-21T15:50:51.062+0000] {manager.py:824} INFO - There are 1 files in /opt/airflow/dags
[2026-05-21T15:50:56.126+0000] {manager.py:997} INFO - 
================================================================================
DAG File Processing Stats

File Path                                       PID    Runtime      # DAGs    # Errors  Last Runtime    Last Run               Last # of DB Queries
----------------------------------------------  -----  ---------  --------  ----------  --------------  -------------------  ----------------------
/opt/airflow/dags/retail_sales_pipeline_dag.py                           1           0  0.31s           2026-05-21T15:50:38                      12
================================================================================
[2026-05-21T15:51:26.872+0000] {manager.py:997} INFO - 
================================================================================
DAG File Processing Stats

File Path                                       PID    Runtime      # DAGs    # Errors  Last Runtime    Last Run               Last # of DB Queries
----------------------------------------------  -----  ---------  --------  ----------  --------------  -------------------  ----------------------
/opt/airflow/dags/retail_sales_pipeline_dag.py                           1           0  0.27s           2026-05-21T15:51:09                      12
================================================================================
[2026-05-21T15:51:57.404+0000] {manager.py:997} INFO - 
================================================================================
DAG File Processing Stats

File Path                                       PID    Runtime      # DAGs    # Errors  Last Runtime    Last Run               Last # of DB Queries
----------------------------------------------  -----  ---------  --------  ----------  --------------  -------------------  ----------------------
/opt/airflow/dags/retail_sales_pipeline_dag.py                           1           0  0.35s           2026-05-21T15:51:40                      12
================================================================================
[2026-05-21T15:52:28.026+0000] {manager.py:997} INFO - 
================================================================================
DAG File Processing Stats

File Path                                       PID    Runtime      # DAGs    # Errors  Last Runtime    Last Run               Last # of DB Queries
----------------------------------------------  -----  ---------  --------  ----------  --------------  -------------------  ----------------------
/opt/airflow/dags/retail_sales_pipeline_dag.py                           1           0  0.36s           2026-05-21T15:52:10                      12
================================================================================
[2026-05-21T15:52:58.589+0000] {manager.py:997} INFO - 
================================================================================
DAG File Processing Stats

File Path                                       PID    Runtime      # DAGs    # Errors  Last Runtime    Last Run               Last # of DB Queries
----------------------------------------------  -----  ---------  --------  ----------  --------------  -------------------  ----------------------
/opt/airflow/dags/retail_sales_pipeline_dag.py                           1           0  0.31s           2026-05-21T15:52:41                      12
================================================================================
[2026-05-21T15:53:29.260+0000] {manager.py:997} INFO - 
================================================================================
DAG File Processing Stats

File Path                                       PID    Runtime      # DAGs    # Errors  Last Runtime    Last Run               Last # of DB Queries
----------------------------------------------  -----  ---------  --------  ----------  --------------  -------------------  ----------------------
/opt/airflow/dags/retail_sales_pipeline_dag.py                           1           0  0.32s           2026-05-21T15:53:12                      12
================================================================================
[2026-05-21T15:53:59.991+0000] {manager.py:997} INFO - 
================================================================================
DAG File Processing Stats

File Path                                       PID    Runtime      # DAGs    # Errors  Last Runtime    Last Run               Last # of DB Queries
----------------------------------------------  -----  ---------  --------  ----------  --------------  -------------------  ----------------------
/opt/airflow/dags/retail_sales_pipeline_dag.py                           1           0  0.35s           2026-05-21T15:53:43                      12
================================================================================
[2026-05-21T15:54:30.981+0000] {manager.py:997} INFO - 
================================================================================
DAG File Processing Stats

File Path                                       PID    Runtime      # DAGs    # Errors  Last Runtime    Last Run               Last # of DB Queries
----------------------------------------------  -----  ---------  --------  ----------  --------------  -------------------  ----------------------
/opt/airflow/dags/retail_sales_pipeline_dag.py                           1           0  0.32s           2026-05-21T15:54:13                      12
================================================================================
[2026-05-21T15:55:01.418+0000] {manager.py:997} INFO - 
================================================================================
DAG File Processing Stats

File Path                                       PID    Runtime      # DAGs    # Errors  Last Runtime    Last Run               Last # of DB Queries
----------------------------------------------  -----  ---------  --------  ----------  --------------  -------------------  ----------------------
/opt/airflow/dags/retail_sales_pipeline_dag.py                           1           0  0.30s           2026-05-21T15:54:44                      12
================================================================================
[2026-05-21T15:55:32.071+0000] {manager.py:997} INFO - 
================================================================================
DAG File Processing Stats

File Path                                       PID    Runtime      # DAGs    # Errors  Last Runtime    Last Run               Last # of DB Queries
----------------------------------------------  -----  ---------  --------  ----------  --------------  -------------------  ----------------------
/opt/airflow/dags/retail_sales_pipeline_dag.py                           1           0  0.34s           2026-05-21T15:55:14                      12
================================================================================
[2026-05-21T15:55:51.364+0000] {manager.py:821} INFO - Searching for files in /opt/airflow/dags
[2026-05-21T15:55:51.426+0000] {manager.py:824} INFO - There are 1 files in /opt/airflow/dags
[2026-05-21T15:56:02.555+0000] {manager.py:997} INFO - 
================================================================================
DAG File Processing Stats

File Path                                       PID    Runtime      # DAGs    # Errors  Last Runtime    Last Run               Last # of DB Queries
----------------------------------------------  -----  ---------  --------  ----------  --------------  -------------------  ----------------------
/opt/airflow/dags/retail_sales_pipeline_dag.py                           1           0  0.36s           2026-05-21T15:55:45                      12
================================================================================
[2026-05-21T15:56:33.239+0000] {manager.py:997} INFO - 
================================================================================
DAG File Processing Stats

File Path                                       PID    Runtime      # DAGs    # Errors  Last Runtime    Last Run               Last # of DB Queries
----------------------------------------------  -----  ---------  --------  ----------  --------------  -------------------  ----------------------
/opt/airflow/dags/retail_sales_pipeline_dag.py                           1           0  0.39s           2026-05-21T15:56:16                      12
================================================================================
[2026-05-21T15:57:03.751+0000] {manager.py:997} INFO - 
================================================================================
DAG File Processing Stats

File Path                                       PID    Runtime      # DAGs    # Errors  Last Runtime    Last Run               Last # of DB Queries
----------------------------------------------  -----  ---------  --------  ----------  --------------  -------------------  ----------------------
/opt/airflow/dags/retail_sales_pipeline_dag.py                           1           0  0.31s           2026-05-21T15:56:46                      12
================================================================================
[2026-05-21T15:57:34.854+0000] {manager.py:997} INFO - 
================================================================================
DAG File Processing Stats

File Path                                       PID    Runtime      # DAGs    # Errors  Last Runtime    Last Run               Last # of DB Queries
----------------------------------------------  -----  ---------  --------  ----------  --------------  -------------------  ----------------------
/opt/airflow/dags/retail_sales_pipeline_dag.py                           1           0  0.32s           2026-05-21T15:57:17                      12
================================================================================
[2026-05-21T15:58:05.219+0000] {manager.py:997} INFO - 
================================================================================
DAG File Processing Stats

File Path                                       PID    Runtime      # DAGs    # Errors  Last Runtime    Last Run               Last # of DB Queries
----------------------------------------------  -----  ---------  --------  ----------  --------------  -------------------  ----------------------
/opt/airflow/dags/retail_sales_pipeline_dag.py                           1           0  0.31s           2026-05-21T15:57:48                      12
================================================================================
[2026-05-21T15:58:35.937+0000] {manager.py:997} INFO - 
================================================================================
DAG File Processing Stats

File Path                                       PID    Runtime      # DAGs    # Errors  Last Runtime    Last Run               Last # of DB Queries
----------------------------------------------  -----  ---------  --------  ----------  --------------  -------------------  ----------------------
/opt/airflow/dags/retail_sales_pipeline_dag.py                           1           0  0.29s           2026-05-21T15:58:18                      12
================================================================================
[2026-05-21T15:59:06.469+0000] {manager.py:997} INFO - 
================================================================================
DAG File Processing Stats

File Path                                       PID    Runtime      # DAGs    # Errors  Last Runtime    Last Run               Last # of DB Queries
----------------------------------------------  -----  ---------  --------  ----------  --------------  -------------------  ----------------------
/opt/airflow/dags/retail_sales_pipeline_dag.py                           1           0  0.33s           2026-05-21T15:58:49                      12
================================================================================
[2026-05-21T15:59:37.158+0000] {manager.py:997} INFO - 
================================================================================
DAG File Processing Stats

File Path                                       PID    Runtime      # DAGs    # Errors  Last Runtime    Last Run               Last # of DB Queries
----------------------------------------------  -----  ---------  --------  ----------  --------------  -------------------  ----------------------
/opt/airflow/dags/retail_sales_pipeline_dag.py                           1           0  0.31s           2026-05-21T15:59:20                      12
================================================================================
[2026-05-21T16:00:07.683+0000] {manager.py:997} INFO - 
================================================================================
DAG File Processing Stats

File Path                                       PID    Runtime      # DAGs    # Errors  Last Runtime    Last Run               Last # of DB Queries
----------------------------------------------  -----  ---------  --------  ----------  --------------  -------------------  ----------------------
/opt/airflow/dags/retail_sales_pipeline_dag.py                           1           0  0.28s           2026-05-21T15:59:50                      12
================================================================================
[2026-05-21T16:00:38.681+0000] {manager.py:997} INFO - 
================================================================================
DAG File Processing Stats

File Path                                       PID    Runtime      # DAGs    # Errors  Last Runtime    Last Run               Last # of DB Queries
----------------------------------------------  -----  ---------  --------  ----------  --------------  -------------------  ----------------------
/opt/airflow/dags/retail_sales_pipeline_dag.py                           1           0  0.27s           2026-05-21T16:00:21                      12
================================================================================
[2026-05-21T16:00:51.416+0000] {manager.py:821} INFO - Searching for files in /opt/airflow/dags
[2026-05-21T16:00:51.457+0000] {manager.py:824} INFO - There are 1 files in /opt/airflow/dags
[2026-05-21T16:01:09.709+0000] {manager.py:997} INFO - 
================================================================================
DAG File Processing Stats

File Path                                       PID    Runtime      # DAGs    # Errors  Last Runtime    Last Run               Last # of DB Queries
----------------------------------------------  -----  ---------  --------  ----------  --------------  -------------------  ----------------------
/opt/airflow/dags/retail_sales_pipeline_dag.py                           1           0  0.26s           2026-05-21T16:00:52                      12
================================================================================
[2026-05-21T16:01:40.988+0000] {manager.py:997} INFO - 
================================================================================
DAG File Processing Stats

File Path                                       PID    Runtime      # DAGs    # Errors  Last Runtime    Last Run               Last # of DB Queries
----------------------------------------------  -----  ---------  --------  ----------  --------------  -------------------  ----------------------
/opt/airflow/dags/retail_sales_pipeline_dag.py                           1           0  0.31s           2026-05-21T16:01:23                      12
================================================================================
[2026-05-21T16:02:11.227+0000] {manager.py:997} INFO - 
================================================================================
DAG File Processing Stats

File Path                                       PID    Runtime      # DAGs    # Errors  Last Runtime    Last Run               Last # of DB Queries
----------------------------------------------  -----  ---------  --------  ----------  --------------  -------------------  ----------------------
/opt/airflow/dags/retail_sales_pipeline_dag.py                           1           0  0.27s           2026-05-21T16:01:54                      12
================================================================================
[2026-05-21T16:02:42.548+0000] {manager.py:997} INFO - 
================================================================================
DAG File Processing Stats

File Path                                       PID    Runtime      # DAGs    # Errors  Last Runtime    Last Run               Last # of DB Queries
----------------------------------------------  -----  ---------  --------  ----------  --------------  -------------------  ----------------------
/opt/airflow/dags/retail_sales_pipeline_dag.py                           1           0  0.27s           2026-05-21T16:02:25                      12
================================================================================
[2026-05-21T16:03:12.886+0000] {manager.py:997} INFO - 
================================================================================
DAG File Processing Stats

File Path                                       PID    Runtime      # DAGs    # Errors  Last Runtime    Last Run               Last # of DB Queries
----------------------------------------------  -----  ---------  --------  ----------  --------------  -------------------  ----------------------
/opt/airflow/dags/retail_sales_pipeline_dag.py                           1           0  0.34s           2026-05-21T16:02:55                      12
================================================================================
[2026-05-21T16:03:43.407+0000] {manager.py:997} INFO - 
================================================================================
DAG File Processing Stats

File Path                                       PID    Runtime      # DAGs    # Errors  Last Runtime    Last Run               Last # of DB Queries
----------------------------------------------  -----  ---------  --------  ----------  --------------  -------------------  ----------------------
/opt/airflow/dags/retail_sales_pipeline_dag.py                           1           0  0.29s           2026-05-21T16:03:26                      12
================================================================================
[2026-05-21T16:04:14.070+0000] {manager.py:997} INFO - 
================================================================================
DAG File Processing Stats

File Path                                       PID    Runtime      # DAGs    # Errors  Last Runtime    Last Run               Last # of DB Queries
----------------------------------------------  -----  ---------  --------  ----------  --------------  -------------------  ----------------------
/opt/airflow/dags/retail_sales_pipeline_dag.py                           1           0  0.28s           2026-05-21T16:03:56                      12
================================================================================
[2026-05-21T16:04:44.584+0000] {manager.py:997} INFO - 
================================================================================
DAG File Processing Stats

File Path                                       PID    Runtime      # DAGs    # Errors  Last Runtime    Last Run               Last # of DB Queries
----------------------------------------------  -----  ---------  --------  ----------  --------------  -------------------  ----------------------
/opt/airflow/dags/retail_sales_pipeline_dag.py                           1           0  0.24s           2026-05-21T16:04:27                      12
================================================================================
[2026-05-21T16:05:15.395+0000] {manager.py:997} INFO - 
================================================================================
DAG File Processing Stats

File Path                                       PID    Runtime      # DAGs    # Errors  Last Runtime    Last Run               Last # of DB Queries
----------------------------------------------  -----  ---------  --------  ----------  --------------  -------------------  ----------------------
/opt/airflow/dags/retail_sales_pipeline_dag.py                           1           0  0.31s           2026-05-21T16:04:58                      12
================================================================================
[2026-05-21T16:05:45.927+0000] {manager.py:997} INFO - 
================================================================================
DAG File Processing Stats

File Path                                       PID    Runtime      # DAGs    # Errors  Last Runtime    Last Run               Last # of DB Queries
----------------------------------------------  -----  ---------  --------  ----------  --------------  -------------------  ----------------------
/opt/airflow/dags/retail_sales_pipeline_dag.py                           1           0  0.29s           2026-05-21T16:05:28                      12
================================================================================
[2026-05-21T16:05:51.734+0000] {manager.py:821} INFO - Searching for files in /opt/airflow/dags
[2026-05-21T16:05:51.776+0000] {manager.py:824} INFO - There are 1 files in /opt/airflow/dags
[2026-05-21T16:06:17.045+0000] {manager.py:997} INFO - 
================================================================================
DAG File Processing Stats

File Path                                       PID    Runtime      # DAGs    # Errors  Last Runtime    Last Run               Last # of DB Queries
----------------------------------------------  -----  ---------  --------  ----------  --------------  -------------------  ----------------------
/opt/airflow/dags/retail_sales_pipeline_dag.py                           1           0  0.27s           2026-05-21T16:05:59                      12
================================================================================
[2026-05-21T16:06:47.669+0000] {manager.py:997} INFO - 
================================================================================
DAG File Processing Stats

File Path                                       PID    Runtime      # DAGs    # Errors  Last Runtime    Last Run               Last # of DB Queries
----------------------------------------------  -----  ---------  --------  ----------  --------------  -------------------  ----------------------
/opt/airflow/dags/retail_sales_pipeline_dag.py                           1           0  0.28s           2026-05-21T16:06:30                      12
================================================================================
[2026-05-21T16:07:18.371+0000] {manager.py:997} INFO - 
================================================================================
DAG File Processing Stats

File Path                                       PID    Runtime      # DAGs    # Errors  Last Runtime    Last Run               Last # of DB Queries
----------------------------------------------  -----  ---------  --------  ----------  --------------  -------------------  ----------------------
/opt/airflow/dags/retail_sales_pipeline_dag.py                           1           0  0.30s           2026-05-21T16:07:01                      12
================================================================================
[2026-05-21T16:07:48.898+0000] {manager.py:997} INFO - 
================================================================================
DAG File Processing Stats

File Path                                       PID    Runtime      # DAGs    # Errors  Last Runtime    Last Run               Last # of DB Queries
----------------------------------------------  -----  ---------  --------  ----------  --------------  -------------------  ----------------------
/opt/airflow/dags/retail_sales_pipeline_dag.py                           1           0  0.25s           2026-05-21T16:07:31                      12
================================================================================
[2026-05-21T16:08:20.026+0000] {manager.py:997} INFO - 
================================================================================
DAG File Processing Stats

File Path                                       PID    Runtime      # DAGs    # Errors  Last Runtime    Last Run               Last # of DB Queries
----------------------------------------------  -----  ---------  --------  ----------  --------------  -------------------  ----------------------
/opt/airflow/dags/retail_sales_pipeline_dag.py                           1           0  0.26s           2026-05-21T16:08:02                      12
================================================================================
[2026-05-21T16:08:50.477+0000] {manager.py:997} INFO - 
================================================================================
DAG File Processing Stats

File Path                                       PID    Runtime      # DAGs    # Errors  Last Runtime    Last Run               Last # of DB Queries
----------------------------------------------  -----  ---------  --------  ----------  --------------  -------------------  ----------------------
/opt/airflow/dags/retail_sales_pipeline_dag.py                           1           0  0.27s           2026-05-21T16:08:33                      12
================================================================================
[2026-05-21T16:09:21.342+0000] {manager.py:997} INFO - 
================================================================================
DAG File Processing Stats

File Path                                       PID    Runtime      # DAGs    # Errors  Last Runtime    Last Run               Last # of DB Queries
----------------------------------------------  -----  ---------  --------  ----------  --------------  -------------------  ----------------------
/opt/airflow/dags/retail_sales_pipeline_dag.py                           1           0  0.27s           2026-05-21T16:09:04                      12
================================================================================
[2026-05-21T16:09:51.844+0000] {manager.py:997} INFO - 
================================================================================
DAG File Processing Stats

File Path                                       PID    Runtime      # DAGs    # Errors  Last Runtime    Last Run               Last # of DB Queries
----------------------------------------------  -----  ---------  --------  ----------  --------------  -------------------  ----------------------
/opt/airflow/dags/retail_sales_pipeline_dag.py                           1           0  0.28s           2026-05-21T16:09:34                      12
================================================================================
[2026-05-21T16:10:22.513+0000] {manager.py:997} INFO - 
================================================================================
DAG File Processing Stats

File Path                                       PID    Runtime      # DAGs    # Errors  Last Runtime    Last Run               Last # of DB Queries
----------------------------------------------  -----  ---------  --------  ----------  --------------  -------------------  ----------------------
/opt/airflow/dags/retail_sales_pipeline_dag.py                           1           0  0.28s           2026-05-21T16:10:05                      12
================================================================================
[2026-05-21T16:10:51.900+0000] {manager.py:821} INFO - Searching for files in /opt/airflow/dags
[2026-05-21T16:10:51.942+0000] {manager.py:824} INFO - There are 1 files in /opt/airflow/dags
[2026-05-21T16:10:53.601+0000] {manager.py:997} INFO - 
================================================================================
DAG File Processing Stats

File Path                                       PID    Runtime      # DAGs    # Errors  Last Runtime    Last Run               Last # of DB Queries
----------------------------------------------  -----  ---------  --------  ----------  --------------  -------------------  ----------------------
/opt/airflow/dags/retail_sales_pipeline_dag.py                           1           0  0.36s           2026-05-21T16:10:36                      12
================================================================================
[2026-05-21T16:11:23.703+0000] {manager.py:997} INFO - 
================================================================================
DAG File Processing Stats

File Path                                       PID    Runtime      # DAGs    # Errors  Last Runtime    Last Run               Last # of DB Queries
----------------------------------------------  -----  ---------  --------  ----------  --------------  -------------------  ----------------------
/opt/airflow/dags/retail_sales_pipeline_dag.py                           1           0  0.28s           2026-05-21T16:11:06                      12
================================================================================
[2026-05-21T16:11:54.999+0000] {manager.py:997} INFO - 
================================================================================
DAG File Processing Stats

File Path                                       PID    Runtime      # DAGs    # Errors  Last Runtime    Last Run               Last # of DB Queries
----------------------------------------------  -----  ---------  --------  ----------  --------------  -------------------  ----------------------
/opt/airflow/dags/retail_sales_pipeline_dag.py                           1           0  0.26s           2026-05-21T16:11:37                      12
================================================================================
[2026-05-21T16:12:25.996+0000] {manager.py:997} INFO - 
================================================================================
DAG File Processing Stats

File Path                                       PID    Runtime      # DAGs    # Errors  Last Runtime    Last Run               Last # of DB Queries
----------------------------------------------  -----  ---------  --------  ----------  --------------  -------------------  ----------------------
/opt/airflow/dags/retail_sales_pipeline_dag.py                           1           0  0.30s           2026-05-21T16:12:08                      12
================================================================================
[2026-05-21T16:12:56.595+0000] {manager.py:997} INFO - 
================================================================================
DAG File Processing Stats

File Path                                       PID    Runtime      # DAGs    # Errors  Last Runtime    Last Run               Last # of DB Queries
----------------------------------------------  -----  ---------  --------  ----------  --------------  -------------------  ----------------------
/opt/airflow/dags/retail_sales_pipeline_dag.py                           1           0  0.26s           2026-05-21T16:12:39                      12
================================================================================
[2026-05-21T16:13:27.283+0000] {manager.py:997} INFO - 
================================================================================
DAG File Processing Stats

File Path                                       PID    Runtime      # DAGs    # Errors  Last Runtime    Last Run               Last # of DB Queries
----------------------------------------------  -----  ---------  --------  ----------  --------------  -------------------  ----------------------
/opt/airflow/dags/retail_sales_pipeline_dag.py                           1           0  0.30s           2026-05-21T16:13:10                      12
================================================================================
[2026-05-21T16:13:58.104+0000] {manager.py:997} INFO - 
================================================================================
DAG File Processing Stats

File Path                                       PID    Runtime      # DAGs    # Errors  Last Runtime    Last Run               Last # of DB Queries
----------------------------------------------  -----  ---------  --------  ----------  --------------  -------------------  ----------------------
/opt/airflow/dags/retail_sales_pipeline_dag.py                           1           0  0.25s           2026-05-21T16:13:40                      12
================================================================================
[2026-05-21T16:14:29.124+0000] {manager.py:997} INFO - 
================================================================================
DAG File Processing Stats

File Path                                       PID    Runtime      # DAGs    # Errors  Last Runtime    Last Run               Last # of DB Queries
----------------------------------------------  -----  ---------  --------  ----------  --------------  -------------------  ----------------------
/opt/airflow/dags/retail_sales_pipeline_dag.py                           1           0  0.87s           2026-05-21T16:14:12                      12
================================================================================
[2026-05-21T16:14:59.724+0000] {manager.py:997} INFO - 
================================================================================
DAG File Processing Stats

File Path                                       PID    Runtime      # DAGs    # Errors  Last Runtime    Last Run               Last # of DB Queries
----------------------------------------------  -----  ---------  --------  ----------  --------------  -------------------  ----------------------
/opt/airflow/dags/retail_sales_pipeline_dag.py                           1           0  0.23s           2026-05-21T16:14:42                      12
================================================================================
[2026-05-21T16:15:30.297+0000] {manager.py:997} INFO - 
================================================================================
DAG File Processing Stats

File Path                                       PID    Runtime      # DAGs    # Errors  Last Runtime    Last Run               Last # of DB Queries
----------------------------------------------  -----  ---------  --------  ----------  --------------  -------------------  ----------------------
/opt/airflow/dags/retail_sales_pipeline_dag.py                           1           0  0.27s           2026-05-21T16:15:13                      12
================================================================================
[2026-05-21T16:15:52.682+0000] {manager.py:821} INFO - Searching for files in /opt/airflow/dags
[2026-05-21T16:15:52.725+0000] {manager.py:824} INFO - There are 1 files in /opt/airflow/dags
[2026-05-21T16:16:01.012+0000] {manager.py:997} INFO - 
================================================================================
DAG File Processing Stats

File Path                                       PID    Runtime      # DAGs    # Errors  Last Runtime    Last Run               Last # of DB Queries
----------------------------------------------  -----  ---------  --------  ----------  --------------  -------------------  ----------------------
/opt/airflow/dags/retail_sales_pipeline_dag.py                           1           0  0.26s           2026-05-21T16:15:43                      12
================================================================================
[2026-05-21T16:16:31.557+0000] {manager.py:997} INFO - 
================================================================================
DAG File Processing Stats

File Path                                       PID    Runtime      # DAGs    # Errors  Last Runtime    Last Run               Last # of DB Queries
----------------------------------------------  -----  ---------  --------  ----------  --------------  -------------------  ----------------------
/opt/airflow/dags/retail_sales_pipeline_dag.py                           1           0  0.25s           2026-05-21T16:16:14                      12
================================================================================
[2026-05-21T16:17:02.211+0000] {manager.py:997} INFO - 
================================================================================
DAG File Processing Stats

File Path                                       PID    Runtime      # DAGs    # Errors  Last Runtime    Last Run               Last # of DB Queries
----------------------------------------------  -----  ---------  --------  ----------  --------------  -------------------  ----------------------
/opt/airflow/dags/retail_sales_pipeline_dag.py                           1           0  0.27s           2026-05-21T16:16:44                      12
================================================================================
[2026-05-21T16:17:33.112+0000] {manager.py:997} INFO - 
================================================================================
DAG File Processing Stats

File Path                                       PID    Runtime      # DAGs    # Errors  Last Runtime    Last Run               Last # of DB Queries
----------------------------------------------  -----  ---------  --------  ----------  --------------  -------------------  ----------------------
/opt/airflow/dags/retail_sales_pipeline_dag.py                           1           0  0.24s           2026-05-21T16:17:16                      12
================================================================================
[2026-05-21T16:18:03.732+0000] {manager.py:997} INFO - 
================================================================================
DAG File Processing Stats

File Path                                       PID    Runtime      # DAGs    # Errors  Last Runtime    Last Run               Last # of DB Queries
----------------------------------------------  -----  ---------  --------  ----------  --------------  -------------------  ----------------------
/opt/airflow/dags/retail_sales_pipeline_dag.py                           1           0  0.34s           2026-05-21T16:17:46                      12
================================================================================
[2026-05-21T16:18:34.836+0000] {manager.py:997} INFO - 
================================================================================
DAG File Processing Stats

File Path                                       PID    Runtime      # DAGs    # Errors  Last Runtime    Last Run               Last # of DB Queries
----------------------------------------------  -----  ---------  --------  ----------  --------------  -------------------  ----------------------
/opt/airflow/dags/retail_sales_pipeline_dag.py                           1           0  0.29s           2026-05-21T16:18:17                      12
================================================================================
[2026-05-21T16:19:05.383+0000] {manager.py:997} INFO - 
================================================================================
DAG File Processing Stats

File Path                                       PID    Runtime      # DAGs    # Errors  Last Runtime    Last Run               Last # of DB Queries
----------------------------------------------  -----  ---------  --------  ----------  --------------  -------------------  ----------------------
/opt/airflow/dags/retail_sales_pipeline_dag.py                           1           0  0.24s           2026-05-21T16:18:48                      12
================================================================================
[2026-05-21T16:19:36.142+0000] {manager.py:997} INFO - 
================================================================================
DAG File Processing Stats

File Path                                       PID    Runtime      # DAGs    # Errors  Last Runtime    Last Run               Last # of DB Queries
----------------------------------------------  -----  ---------  --------  ----------  --------------  -------------------  ----------------------
/opt/airflow/dags/retail_sales_pipeline_dag.py                           1           0  0.27s           2026-05-21T16:19:18                      12
================================================================================
[2026-05-21T16:20:06.806+0000] {manager.py:997} INFO - 
================================================================================
DAG File Processing Stats

File Path                                       PID    Runtime      # DAGs    # Errors  Last Runtime    Last Run               Last # of DB Queries
----------------------------------------------  -----  ---------  --------  ----------  --------------  -------------------  ----------------------
/opt/airflow/dags/retail_sales_pipeline_dag.py                           1           0  0.28s           2026-05-21T16:19:49                      12
================================================================================
[2026-05-21T16:20:37.469+0000] {manager.py:997} INFO - 
================================================================================
DAG File Processing Stats

File Path                                       PID    Runtime      # DAGs    # Errors  Last Runtime    Last Run               Last # of DB Queries
----------------------------------------------  -----  ---------  --------  ----------  --------------  -------------------  ----------------------
/opt/airflow/dags/retail_sales_pipeline_dag.py                           1           0  0.28s           2026-05-21T16:20:20                      12
================================================================================
[2026-05-21T16:20:52.827+0000] {manager.py:821} INFO - Searching for files in /opt/airflow/dags
[2026-05-21T16:20:52.860+0000] {manager.py:824} INFO - There are 1 files in /opt/airflow/dags
[2026-05-21T16:21:08.226+0000] {manager.py:997} INFO - 
================================================================================
DAG File Processing Stats

File Path                                       PID    Runtime      # DAGs    # Errors  Last Runtime    Last Run               Last # of DB Queries
----------------------------------------------  -----  ---------  --------  ----------  --------------  -------------------  ----------------------
/opt/airflow/dags/retail_sales_pipeline_dag.py                           1           0  0.29s           2026-05-21T16:20:50                      12
================================================================================
[2026-05-21T16:21:38.920+0000] {manager.py:997} INFO - 
================================================================================
DAG File Processing Stats

File Path                                       PID    Runtime      # DAGs    # Errors  Last Runtime    Last Run               Last # of DB Queries
----------------------------------------------  -----  ---------  --------  ----------  --------------  -------------------  ----------------------
/opt/airflow/dags/retail_sales_pipeline_dag.py                           1           0  0.25s           2026-05-21T16:21:21                      12
================================================================================
[2026-05-21T16:22:09.925+0000] {manager.py:997} INFO - 
================================================================================
DAG File Processing Stats

File Path                                       PID    Runtime      # DAGs    # Errors  Last Runtime    Last Run               Last # of DB Queries
----------------------------------------------  -----  ---------  --------  ----------  --------------  -------------------  ----------------------
/opt/airflow/dags/retail_sales_pipeline_dag.py                           1           0  0.28s           2026-05-21T16:21:52                      12
================================================================================
[2026-05-21T16:22:40.710+0000] {manager.py:997} INFO - 
================================================================================
DAG File Processing Stats

File Path                                       PID    Runtime      # DAGs    # Errors  Last Runtime    Last Run               Last # of DB Queries
----------------------------------------------  -----  ---------  --------  ----------  --------------  -------------------  ----------------------
/opt/airflow/dags/retail_sales_pipeline_dag.py                           1           0  0.30s           2026-05-21T16:22:22                      12
================================================================================
[2026-05-21T16:23:11.343+0000] {manager.py:997} INFO - 
================================================================================
DAG File Processing Stats

File Path                                       PID    Runtime      # DAGs    # Errors  Last Runtime    Last Run               Last # of DB Queries
----------------------------------------------  -----  ---------  --------  ----------  --------------  -------------------  ----------------------
/opt/airflow/dags/retail_sales_pipeline_dag.py                           1           0  0.29s           2026-05-21T16:22:53                      12
================================================================================
[2026-05-21T16:23:41.953+0000] {manager.py:997} INFO - 
================================================================================
DAG File Processing Stats

File Path                                       PID    Runtime      # DAGs    # Errors  Last Runtime    Last Run               Last # of DB Queries
----------------------------------------------  -----  ---------  --------  ----------  --------------  -------------------  ----------------------
/opt/airflow/dags/retail_sales_pipeline_dag.py                           1           0  0.29s           2026-05-21T16:23:23                      12
================================================================================
[2026-05-21T16:24:12.676+0000] {manager.py:997} INFO - 
================================================================================
DAG File Processing Stats

File Path                                       PID    Runtime      # DAGs    # Errors  Last Runtime    Last Run               Last # of DB Queries
----------------------------------------------  -----  ---------  --------  ----------  --------------  -------------------  ----------------------
/opt/airflow/dags/retail_sales_pipeline_dag.py                           1           0  0.28s           2026-05-21T16:23:54                      12
================================================================================
[2026-05-21T16:24:43.100+0000] {manager.py:997} INFO - 
================================================================================
DAG File Processing Stats

File Path                                       PID    Runtime      # DAGs    # Errors  Last Runtime    Last Run               Last # of DB Queries
----------------------------------------------  -----  ---------  --------  ----------  --------------  -------------------  ----------------------
/opt/airflow/dags/retail_sales_pipeline_dag.py                           1           0  0.31s           2026-05-21T16:24:25                      12
================================================================================
[2026-05-21T16:25:13.789+0000] {manager.py:997} INFO - 
================================================================================
DAG File Processing Stats

File Path                                       PID    Runtime      # DAGs    # Errors  Last Runtime    Last Run               Last # of DB Queries
----------------------------------------------  -----  ---------  --------  ----------  --------------  -------------------  ----------------------
/opt/airflow/dags/retail_sales_pipeline_dag.py                           1           0  0.27s           2026-05-21T16:24:55                      12
================================================================================
[2026-05-21T16:25:44.358+0000] {manager.py:997} INFO - 
================================================================================
DAG File Processing Stats

File Path                                       PID    Runtime      # DAGs    # Errors  Last Runtime    Last Run               Last # of DB Queries
----------------------------------------------  -----  ---------  --------  ----------  --------------  -------------------  ----------------------
/opt/airflow/dags/retail_sales_pipeline_dag.py                           1           0  0.29s           2026-05-21T16:25:26                      12
================================================================================
[2026-05-21T16:25:53.436+0000] {manager.py:821} INFO - Searching for files in /opt/airflow/dags
[2026-05-21T16:25:53.479+0000] {manager.py:824} INFO - There are 1 files in /opt/airflow/dags
[2026-05-21T16:26:15.115+0000] {manager.py:997} INFO - 
================================================================================
DAG File Processing Stats

File Path                                       PID    Runtime      # DAGs    # Errors  Last Runtime    Last Run               Last # of DB Queries
----------------------------------------------  -----  ---------  --------  ----------  --------------  -------------------  ----------------------
/opt/airflow/dags/retail_sales_pipeline_dag.py                           1           0  0.36s           2026-05-21T16:25:56                      12
================================================================================
[2026-05-21T16:26:45.729+0000] {manager.py:997} INFO - 
================================================================================
DAG File Processing Stats

File Path                                       PID    Runtime      # DAGs    # Errors  Last Runtime    Last Run               Last # of DB Queries
----------------------------------------------  -----  ---------  --------  ----------  --------------  -------------------  ----------------------
/opt/airflow/dags/retail_sales_pipeline_dag.py                           1           0  0.26s           2026-05-21T16:26:27                      12
================================================================================
[2026-05-21T16:27:16.262+0000] {manager.py:997} INFO - 
================================================================================
DAG File Processing Stats

File Path                                       PID    Runtime      # DAGs    # Errors  Last Runtime    Last Run               Last # of DB Queries
----------------------------------------------  -----  ---------  --------  ----------  --------------  -------------------  ----------------------
/opt/airflow/dags/retail_sales_pipeline_dag.py                           1           0  0.25s           2026-05-21T16:26:58                      12
================================================================================
[2026-05-21T16:27:46.942+0000] {manager.py:997} INFO - 
================================================================================
DAG File Processing Stats

File Path                                       PID    Runtime      # DAGs    # Errors  Last Runtime    Last Run               Last # of DB Queries
----------------------------------------------  -----  ---------  --------  ----------  --------------  -------------------  ----------------------
/opt/airflow/dags/retail_sales_pipeline_dag.py                           1           0  0.26s           2026-05-21T16:27:28                      12
================================================================================
[2026-05-21T16:28:17.561+0000] {manager.py:997} INFO - 
================================================================================
DAG File Processing Stats

File Path                                       PID    Runtime      # DAGs    # Errors  Last Runtime    Last Run               Last # of DB Queries
----------------------------------------------  -----  ---------  --------  ----------  --------------  -------------------  ----------------------
/opt/airflow/dags/retail_sales_pipeline_dag.py                           1           0  0.25s           2026-05-21T16:27:59                      12
================================================================================
[2026-05-21T16:28:48.146+0000] {manager.py:997} INFO - 
================================================================================
DAG File Processing Stats

File Path                                       PID    Runtime      # DAGs    # Errors  Last Runtime    Last Run               Last # of DB Queries
----------------------------------------------  -----  ---------  --------  ----------  --------------  -------------------  ----------------------
/opt/airflow/dags/retail_sales_pipeline_dag.py                           1           0  0.28s           2026-05-21T16:28:29                      12
================================================================================
[2026-05-21T16:29:18.786+0000] {manager.py:997} INFO - 
================================================================================
DAG File Processing Stats

File Path                                       PID    Runtime      # DAGs    # Errors  Last Runtime    Last Run               Last # of DB Queries
----------------------------------------------  -----  ---------  --------  ----------  --------------  -------------------  ----------------------
/opt/airflow/dags/retail_sales_pipeline_dag.py                           1           0  0.27s           2026-05-21T16:29:00                      12
================================================================================
[2026-05-21T16:29:49.541+0000] {manager.py:997} INFO - 
================================================================================
DAG File Processing Stats

File Path                                       PID    Runtime      # DAGs    # Errors  Last Runtime    Last Run               Last # of DB Queries
----------------------------------------------  -----  ---------  --------  ----------  --------------  -------------------  ----------------------
/opt/airflow/dags/retail_sales_pipeline_dag.py                           1           0  0.27s           2026-05-21T16:29:31                      12
================================================================================
[2026-05-21T16:30:20.224+0000] {manager.py:997} INFO - 
================================================================================
DAG File Processing Stats

File Path                                       PID    Runtime      # DAGs    # Errors  Last Runtime    Last Run               Last # of DB Queries
----------------------------------------------  -----  ---------  --------  ----------  --------------  -------------------  ----------------------
/opt/airflow/dags/retail_sales_pipeline_dag.py                           1           0  0.25s           2026-05-21T16:30:01                      12
================================================================================
[2026-05-21T16:30:50.766+0000] {manager.py:997} INFO - 
================================================================================
DAG File Processing Stats

File Path                                       PID    Runtime      # DAGs    # Errors  Last Runtime    Last Run               Last # of DB Queries
----------------------------------------------  -----  ---------  --------  ----------  --------------  -------------------  ----------------------
/opt/airflow/dags/retail_sales_pipeline_dag.py                           1           0  0.26s           2026-05-21T16:30:32                      12
================================================================================
[2026-05-21T16:30:53.791+0000] {manager.py:821} INFO - Searching for files in /opt/airflow/dags
[2026-05-21T16:30:53.837+0000] {manager.py:824} INFO - There are 1 files in /opt/airflow/dags
[2026-05-21T16:31:21.393+0000] {manager.py:997} INFO - 
================================================================================
DAG File Processing Stats

File Path                                       PID    Runtime      # DAGs    # Errors  Last Runtime    Last Run               Last # of DB Queries
----------------------------------------------  -----  ---------  --------  ----------  --------------  -------------------  ----------------------
/opt/airflow/dags/retail_sales_pipeline_dag.py                           1           0  0.26s           2026-05-21T16:31:03                      12
================================================================================
[2026-05-21T16:31:52.406+0000] {manager.py:997} INFO - 
================================================================================
DAG File Processing Stats

File Path                                       PID    Runtime      # DAGs    # Errors  Last Runtime    Last Run               Last # of DB Queries
----------------------------------------------  -----  ---------  --------  ----------  --------------  -------------------  ----------------------
/opt/airflow/dags/retail_sales_pipeline_dag.py                           1           0  0.27s           2026-05-21T16:31:33                      12
================================================================================
[2026-05-21T16:32:22.911+0000] {manager.py:997} INFO - 
================================================================================
DAG File Processing Stats

File Path                                       PID    Runtime      # DAGs    # Errors  Last Runtime    Last Run               Last # of DB Queries
----------------------------------------------  -----  ---------  --------  ----------  --------------  -------------------  ----------------------
/opt/airflow/dags/retail_sales_pipeline_dag.py                           1           0  0.39s           2026-05-21T16:32:04                      12
================================================================================
[2026-05-21T16:32:53.521+0000] {manager.py:997} INFO - 
================================================================================
DAG File Processing Stats

File Path                                       PID    Runtime      # DAGs    # Errors  Last Runtime    Last Run               Last # of DB Queries
----------------------------------------------  -----  ---------  --------  ----------  --------------  -------------------  ----------------------
/opt/airflow/dags/retail_sales_pipeline_dag.py                           1           0  0.29s           2026-05-21T16:32:35                      12
================================================================================
[2026-05-21T16:33:24.190+0000] {manager.py:997} INFO - 
================================================================================
DAG File Processing Stats

File Path                                       PID    Runtime      # DAGs    # Errors  Last Runtime    Last Run               Last # of DB Queries
----------------------------------------------  -----  ---------  --------  ----------  --------------  -------------------  ----------------------
/opt/airflow/dags/retail_sales_pipeline_dag.py                           1           0  0.29s           2026-05-21T16:33:06                      12
================================================================================
[2026-05-21T16:33:53.919+0000] {manager.py:997} INFO - 
================================================================================
DAG File Processing Stats

File Path                                       PID    Runtime      # DAGs    # Errors  Last Runtime    Last Run               Last # of DB Queries
----------------------------------------------  -----  ---------  --------  ----------  --------------  -------------------  ----------------------
/opt/airflow/dags/retail_sales_pipeline_dag.py                           1           0  0.26s           2026-05-21T16:33:36                      12
================================================================================
[2026-05-21T16:34:25.730+0000] {manager.py:997} INFO - 
================================================================================
DAG File Processing Stats

File Path                                       PID    Runtime      # DAGs    # Errors  Last Runtime    Last Run               Last # of DB Queries
----------------------------------------------  -----  ---------  --------  ----------  --------------  -------------------  ----------------------
/opt/airflow/dags/retail_sales_pipeline_dag.py                           1           0  0.27s           2026-05-21T16:34:07                      12
================================================================================
[2026-05-22T06:04:33.402+0000] {manager.py:821} INFO - Searching for files in /opt/airflow/dags
[2026-05-22T06:04:35.444+0000] {manager.py:824} INFO - There are 1 files in /opt/airflow/dags
[2026-05-22T06:04:36.825+0000] {manager.py:997} INFO - 
================================================================================
DAG File Processing Stats

File Path                                         PID  Runtime      # DAGs    # Errors  Last Runtime    Last Run               Last # of DB Queries
----------------------------------------------  -----  ---------  --------  ----------  --------------  -------------------  ----------------------
/opt/airflow/dags/retail_sales_pipeline_dag.py   2647  0.45s             1           0  0.28s           2026-05-21T16:34:38                      12
================================================================================
[2026-05-22T06:05:08.685+0000] {manager.py:997} INFO - 
================================================================================
DAG File Processing Stats

File Path                                       PID    Runtime      # DAGs    # Errors  Last Runtime    Last Run               Last # of DB Queries
----------------------------------------------  -----  ---------  --------  ----------  --------------  -------------------  ----------------------
/opt/airflow/dags/retail_sales_pipeline_dag.py                           1           0  3.14s           2026-05-22T06:04:39                      12
================================================================================
[2026-05-22T06:05:39.830+0000] {manager.py:997} INFO - 
================================================================================
DAG File Processing Stats

File Path                                       PID    Runtime      # DAGs    # Errors  Last Runtime    Last Run               Last # of DB Queries
----------------------------------------------  -----  ---------  --------  ----------  --------------  -------------------  ----------------------
/opt/airflow/dags/retail_sales_pipeline_dag.py                           1           0  0.67s           2026-05-22T06:05:10                      12
================================================================================
[2026-05-22T06:07:11.536+0000] {manager.py:997} INFO - 
================================================================================
DAG File Processing Stats

File Path                                         PID  Runtime      # DAGs    # Errors  Last Runtime    Last Run               Last # of DB Queries
----------------------------------------------  -----  ---------  --------  ----------  --------------  -------------------  ----------------------
/opt/airflow/dags/retail_sales_pipeline_dag.py   2733  37.53s            1           0  0.26s           2026-05-22T06:05:41                      12
================================================================================
[2026-05-22T06:07:42.106+0000] {manager.py:997} INFO - 
================================================================================
DAG File Processing Stats

File Path                                       PID    Runtime      # DAGs    # Errors  Last Runtime    Last Run               Last # of DB Queries
----------------------------------------------  -----  ---------  --------  ----------  --------------  -------------------  ----------------------
/opt/airflow/dags/retail_sales_pipeline_dag.py                           1           0  39.14s          2026-05-22T06:07:13                      12
================================================================================
[2026-05-22T06:08:13.095+0000] {manager.py:997} INFO - 
================================================================================
DAG File Processing Stats

File Path                                       PID    Runtime      # DAGs    # Errors  Last Runtime    Last Run               Last # of DB Queries
----------------------------------------------  -----  ---------  --------  ----------  --------------  -------------------  ----------------------
/opt/airflow/dags/retail_sales_pipeline_dag.py                           1           0  0.22s           2026-05-22T06:07:43                      12
================================================================================
[2026-05-22T06:08:43.986+0000] {manager.py:997} INFO - 
================================================================================
DAG File Processing Stats

File Path                                       PID    Runtime      # DAGs    # Errors  Last Runtime    Last Run               Last # of DB Queries
----------------------------------------------  -----  ---------  --------  ----------  --------------  -------------------  ----------------------
/opt/airflow/dags/retail_sales_pipeline_dag.py                           1           0  0.23s           2026-05-22T06:08:14                      12
================================================================================
[2026-05-22T06:09:15.505+0000] {manager.py:997} INFO - 
================================================================================
DAG File Processing Stats

File Path                                         PID  Runtime      # DAGs    # Errors  Last Runtime    Last Run               Last # of DB Queries
----------------------------------------------  -----  ---------  --------  ----------  --------------  -------------------  ----------------------
/opt/airflow/dags/retail_sales_pipeline_dag.py   2753  0.01s             1           0  0.18s           2026-05-22T06:08:45                      12
================================================================================
[2026-05-22T06:09:34.022+0000] {manager.py:821} INFO - Searching for files in /opt/airflow/dags
[2026-05-22T06:09:34.064+0000] {manager.py:824} INFO - There are 1 files in /opt/airflow/dags
[2026-05-22T06:09:47.217+0000] {manager.py:997} INFO - 
================================================================================
DAG File Processing Stats

File Path                                       PID    Runtime      # DAGs    # Errors  Last Runtime    Last Run               Last # of DB Queries
----------------------------------------------  -----  ---------  --------  ----------  --------------  -------------------  ----------------------
/opt/airflow/dags/retail_sales_pipeline_dag.py                           1           0  0.15s           2026-05-22T06:09:46                      12
================================================================================
[2026-05-22T06:10:19.331+0000] {manager.py:997} INFO - 
================================================================================
DAG File Processing Stats

File Path                                       PID    Runtime      # DAGs    # Errors  Last Runtime    Last Run               Last # of DB Queries
----------------------------------------------  -----  ---------  --------  ----------  --------------  -------------------  ----------------------
/opt/airflow/dags/retail_sales_pipeline_dag.py                           1           0  0.17s           2026-05-22T06:10:17                      12
================================================================================
[2026-05-22T06:10:50.117+0000] {manager.py:997} INFO - 
================================================================================
DAG File Processing Stats

File Path                                       PID    Runtime      # DAGs    # Errors  Last Runtime    Last Run               Last # of DB Queries
----------------------------------------------  -----  ---------  --------  ----------  --------------  -------------------  ----------------------
/opt/airflow/dags/retail_sales_pipeline_dag.py                           1           0  0.18s           2026-05-22T06:10:48                      12
================================================================================
[2026-05-22T06:11:21.803+0000] {manager.py:997} INFO - 
================================================================================
DAG File Processing Stats

File Path                                       PID    Runtime      # DAGs    # Errors  Last Runtime    Last Run               Last # of DB Queries
----------------------------------------------  -----  ---------  --------  ----------  --------------  -------------------  ----------------------
/opt/airflow/dags/retail_sales_pipeline_dag.py                           1           0  0.17s           2026-05-22T06:11:18                      12
================================================================================
[2026-05-22T06:11:53.379+0000] {manager.py:997} INFO - 
================================================================================
DAG File Processing Stats

File Path                                       PID    Runtime      # DAGs    # Errors  Last Runtime    Last Run               Last # of DB Queries
----------------------------------------------  -----  ---------  --------  ----------  --------------  -------------------  ----------------------
/opt/airflow/dags/retail_sales_pipeline_dag.py                           1           0  0.18s           2026-05-22T06:11:49                      12
================================================================================
[2026-05-22T06:12:25.163+0000] {manager.py:997} INFO - 
================================================================================
DAG File Processing Stats

File Path                                       PID    Runtime      # DAGs    # Errors  Last Runtime    Last Run               Last # of DB Queries
----------------------------------------------  -----  ---------  --------  ----------  --------------  -------------------  ----------------------
/opt/airflow/dags/retail_sales_pipeline_dag.py                           1           0  0.20s           2026-05-22T06:12:20                      12
================================================================================
[2026-05-22T06:12:56.637+0000] {manager.py:997} INFO - 
================================================================================
DAG File Processing Stats

File Path                                       PID    Runtime      # DAGs    # Errors  Last Runtime    Last Run               Last # of DB Queries
----------------------------------------------  -----  ---------  --------  ----------  --------------  -------------------  ----------------------
/opt/airflow/dags/retail_sales_pipeline_dag.py                           1           0  0.20s           2026-05-22T06:12:50                      12
================================================================================
[2026-05-22T06:13:28.287+0000] {manager.py:997} INFO - 
================================================================================
DAG File Processing Stats

File Path                                       PID    Runtime      # DAGs    # Errors  Last Runtime    Last Run               Last # of DB Queries
----------------------------------------------  -----  ---------  --------  ----------  --------------  -------------------  ----------------------
/opt/airflow/dags/retail_sales_pipeline_dag.py                           1           0  0.16s           2026-05-22T06:13:21                      12
================================================================================
